scenario,hour,demand_mw,source,mw
Baseline (100% Grid),0.0,146.220746,Grid,146.220746
Baseline (100% Grid),0.252632,142.493761,Grid,142.493761
Baseline (100% Grid),0.505263,143.661607,Grid,143.661607
Baseline (100% Grid),0.757895,146.396692,Grid,146.396692
Baseline (100% Grid),1.010526,144.495891,Grid,144.495891
Baseline (100% Grid),1.263158,144.343225,Grid,144.343225
Baseline (100% Grid),1.515789,146.919418,Grid,146.919418
Baseline (100% Grid),1.768421,145.437384,Grid,145.437384
Baseline (100% Grid),2.021053,145.4143,Grid,145.4143
Baseline (100% Grid),2.273684,148.07771,Grid,148.07771
Baseline (100% Grid),2.526316,143.846932,Grid,143.846932
Baseline (100% Grid),2.778947,141.791134,Grid,141.791134
Baseline (100% Grid),3.031579,144.744855,Grid,144.744855
Baseline (100% Grid),3.284211,139.924624,Grid,139.924624
Baseline (100% Grid),3.536842,138.230245,Grid,138.230245
Baseline (100% Grid),3.789474,139.583534,Grid,139.583534
Baseline (100% Grid),4.042105,138.171424,Grid,138.171424
Baseline (100% Grid),4.294737,145.589762,Grid,145.589762
Baseline (100% Grid),4.547368,149.60022,Grid,149.60022
Baseline (100% Grid),4.8,149.555785,Grid,149.555785
Baseline (100% Grid),5.052632,157.938285,Grid,157.938285
Baseline (100% Grid),5.305263,158.873198,Grid,158.873198
Baseline (100% Grid),5.557895,163.688381,Grid,163.688381
Baseline (100% Grid),5.810526,166.117267,Grid,166.117267
Baseline (100% Grid),6.063158,163.627976,Grid,163.627976
Baseline (100% Grid),6.315789,167.073156,Grid,167.073156
Baseline (100% Grid),6.568421,166.689563,Grid,166.689563
Baseline (100% Grid),6.821053,173.904114,Grid,173.904114
Baseline (100% Grid),7.073684,176.518915,Grid,176.518915
Baseline (100% Grid),7.326316,178.300969,Grid,178.300969
Baseline (100% Grid),7.578947,182.486974,Grid,182.486974
Baseline (100% Grid),7.831579,189.006368,Grid,189.006368
Baseline (100% Grid),8.084211,193.308235,Grid,193.308235
Baseline (100% Grid),8.336842,194.22417,Grid,194.22417
Baseline (100% Grid),8.589474,200.603646,Grid,200.603646
Baseline (100% Grid),8.842105,195.7185,Grid,195.7185
Baseline (100% Grid),9.094737,199.041884,Grid,199.041884
Baseline (100% Grid),9.347368,199.515399,Grid,199.515399
Baseline (100% Grid),9.6,196.819151,Grid,196.819151
Baseline (100% Grid),9.852632,202.987544,Grid,202.987544
Baseline (100% Grid),10.105263,206.870804,Grid,206.870804
Baseline (100% Grid),10.357895,214.684552,Grid,214.684552
Baseline (100% Grid),10.610526,220.120959,Grid,220.120959
Baseline (100% Grid),10.863158,221.192293,Grid,221.192293
Baseline (100% Grid),11.115789,217.869809,Grid,217.869809
Baseline (100% Grid),11.368421,217.758375,Grid,217.758375
Baseline (100% Grid),11.621053,218.902304,Grid,218.902304
Baseline (100% Grid),11.873684,224.187636,Grid,224.187636
Baseline (100% Grid),12.126316,230.510044,Grid,230.510044
Baseline (100% Grid),12.378947,229.540724,Grid,229.540724
Baseline (100% Grid),12.631579,233.007549,Grid,233.007549
Baseline (100% Grid),12.884211,230.768568,Grid,230.768568
Baseline (100% Grid),13.136842,229.44087,Grid,229.44087
Baseline (100% Grid),13.389474,236.454504,Grid,236.454504
Baseline (100% Grid),13.642105,239.148366,Grid,239.148366
Baseline (100% Grid),13.894737,243.212598,Grid,243.212598
Baseline (100% Grid),14.147368,243.424454,Grid,243.424454
Baseline (100% Grid),14.4,241.582112,Grid,241.582112
Baseline (100% Grid),14.652632,240.133459,Grid,240.133459
Baseline (100% Grid),14.905263,240.384649,Grid,240.384649
Baseline (100% Grid),15.157895,241.264673,Grid,241.264673
Baseline (100% Grid),15.410526,241.392927,Grid,241.392927
Baseline (100% Grid),15.663158,237.458336,Grid,237.458336
Baseline (100% Grid),15.915789,231.52949,Grid,231.52949
Baseline (100% Grid),16.168421,234.102006,Grid,234.102006
Baseline (100% Grid),16.421053,237.144863,Grid,237.144863
Baseline (100% Grid),16.673684,238.766237,Grid,238.766237
Baseline (100% Grid),16.926316,243.151698,Grid,243.151698
Baseline (100% Grid),17.178947,240.764714,Grid,240.764714
Baseline (100% Grid),17.431579,234.359733,Grid,234.359733
Baseline (100% Grid),17.684211,233.904346,Grid,233.904346
Baseline (100% Grid),17.936842,233.569328,Grid,233.569328
Baseline (100% Grid),18.189474,230.77739,Grid,230.77739
Baseline (100% Grid),18.442105,234.382288,Grid,234.382288
Baseline (100% Grid),18.694737,224.894864,Grid,224.894864
Baseline (100% Grid),18.947368,220.961434,Grid,220.961434
Baseline (100% Grid),19.2,219.023883,Grid,219.023883
Baseline (100% Grid),19.452632,212.025596,Grid,212.025596
Baseline (100% Grid),19.705263,216.378291,Grid,216.378291
Baseline (100% Grid),19.957895,206.849427,Grid,206.849427
Baseline (100% Grid),20.210526,203.506378,Grid,203.506378
Baseline (100% Grid),20.463158,202.507636,Grid,202.507636
Baseline (100% Grid),20.715789,203.279618,Grid,203.279618
Baseline (100% Grid),20.968421,204.213857,Grid,204.213857
Baseline (100% Grid),21.221053,199.965939,Grid,199.965939
Baseline (100% Grid),21.473684,195.014963,Grid,195.014963
Baseline (100% Grid),21.726316,190.786003,Grid,190.786003
Baseline (100% Grid),21.978947,190.070966,Grid,190.070966
Baseline (100% Grid),22.231579,187.93445,Grid,187.93445
Baseline (100% Grid),22.484211,187.647006,Grid,187.647006
Baseline (100% Grid),22.736842,182.79361,Grid,182.79361
Baseline (100% Grid),22.989474,181.612203,Grid,181.612203
Baseline (100% Grid),23.242105,178.435705,Grid,178.435705
Baseline (100% Grid),23.494737,173.631815,Grid,173.631815
Baseline (100% Grid),23.747368,169.760164,Grid,169.760164
Baseline (100% Grid),24.0,161.092467,Grid,161.092467
Baseline (100% Grid),0.0,146.220746,RICE,0.0
Baseline (100% Grid),0.252632,142.493761,RICE,0.0
Baseline (100% Grid),0.505263,143.661607,RICE,0.0
Baseline (100% Grid),0.757895,146.396692,RICE,0.0
Baseline (100% Grid),1.010526,144.495891,RICE,0.0
Baseline (100% Grid),1.263158,144.343225,RICE,0.0
Baseline (100% Grid),1.515789,146.919418,RICE,0.0
Baseline (100% Grid),1.768421,145.437384,RICE,0.0
Baseline (100% Grid),2.021053,145.4143,RICE,0.0
Baseline (100% Grid),2.273684,148.07771,RICE,0.0
Baseline (100% Grid),2.526316,143.846932,RICE,0.0
Baseline (100% Grid),2.778947,141.791134,RICE,0.0
Baseline (100% Grid),3.031579,144.744855,RICE,0.0
Baseline (100% Grid),3.284211,139.924624,RICE,0.0
Baseline (100% Grid),3.536842,138.230245,RICE,0.0
Baseline (100% Grid),3.789474,139.583534,RICE,0.0
Baseline (100% Grid),4.042105,138.171424,RICE,0.0
Baseline (100% Grid),4.294737,145.589762,RICE,0.0
Baseline (100% Grid),4.547368,149.60022,RICE,0.0
Baseline (100% Grid),4.8,149.555785,RICE,0.0
Baseline (100% Grid),5.052632,157.938285,RICE,0.0
Baseline (100% Grid),5.305263,158.873198,RICE,0.0
Baseline (100% Grid),5.557895,163.688381,RICE,0.0
Baseline (100% Grid),5.810526,166.117267,RICE,0.0
Baseline (100% Grid),6.063158,163.627976,RICE,0.0
Baseline (100% Grid),6.315789,167.073156,RICE,0.0
Baseline (100% Grid),6.568421,166.689563,RICE,0.0
Baseline (100% Grid),6.821053,173.904114,RICE,0.0
Baseline (100% Grid),7.073684,176.518915,RICE,0.0
Baseline (100% Grid),7.326316,178.300969,RICE,0.0
Baseline (100% Grid),7.578947,182.486974,RICE,0.0
Baseline (100% Grid),7.831579,189.006368,RICE,0.0
Baseline (100% Grid),8.084211,193.308235,RICE,0.0
Baseline (100% Grid),8.336842,194.22417,RICE,0.0
Baseline (100% Grid),8.589474,200.603646,RICE,0.0
Baseline (100% Grid),8.842105,195.7185,RICE,0.0
Baseline (100% Grid),9.094737,199.041884,RICE,0.0
Baseline (100% Grid),9.347368,199.515399,RICE,0.0
Baseline (100% Grid),9.6,196.819151,RICE,0.0
Baseline (100% Grid),9.852632,202.987544,RICE,0.0
Baseline (100% Grid),10.105263,206.870804,RICE,0.0
Baseline (100% Grid),10.357895,214.684552,RICE,0.0
Baseline (100% Grid),10.610526,220.120959,RICE,0.0
Baseline (100% Grid),10.863158,221.192293,RICE,0.0
Baseline (100% Grid),11.115789,217.869809,RICE,0.0
Baseline (100% Grid),11.368421,217.758375,RICE,0.0
Baseline (100% Grid),11.621053,218.902304,RICE,0.0
Baseline (100% Grid),11.873684,224.187636,RICE,0.0
Baseline (100% Grid),12.126316,230.510044,RICE,0.0
Baseline (100% Grid),12.378947,229.540724,RICE,0.0
Baseline (100% Grid),12.631579,233.007549,RICE,0.0
Baseline (100% Grid),12.884211,230.768568,RICE,0.0
Baseline (100% Grid),13.136842,229.44087,RICE,0.0
Baseline (100% Grid),13.389474,236.454504,RICE,0.0
Baseline (100% Grid),13.642105,239.148366,RICE,0.0
Baseline (100% Grid),13.894737,243.212598,RICE,0.0
Baseline (100% Grid),14.147368,243.424454,RICE,0.0
Baseline (100% Grid),14.4,241.582112,RICE,0.0
Baseline (100% Grid),14.652632,240.133459,RICE,0.0
Baseline (100% Grid),14.905263,240.384649,RICE,0.0
Baseline (100% Grid),15.157895,241.264673,RICE,0.0
Baseline (100% Grid),15.410526,241.392927,RICE,0.0
Baseline (100% Grid),15.663158,237.458336,RICE,0.0
Baseline (100% Grid),15.915789,231.52949,RICE,0.0
Baseline (100% Grid),16.168421,234.102006,RICE,0.0
Baseline (100% Grid),16.421053,237.144863,RICE,0.0
Baseline (100% Grid),16.673684,238.766237,RICE,0.0
Baseline (100% Grid),16.926316,243.151698,RICE,0.0
Baseline (100% Grid),17.178947,240.764714,RICE,0.0
Baseline (100% Grid),17.431579,234.359733,RICE,0.0
Baseline (100% Grid),17.684211,233.904346,RICE,0.0
Baseline (100% Grid),17.936842,233.569328,RICE,0.0
Baseline (100% Grid),18.189474,230.77739,RICE,0.0
Baseline (100% Grid),18.442105,234.382288,RICE,0.0
Baseline (100% Grid),18.694737,224.894864,RICE,0.0
Baseline (100% Grid),18.947368,220.961434,RICE,0.0
Baseline (100% Grid),19.2,219.023883,RICE,0.0
Baseline (100% Grid),19.452632,212.025596,RICE,0.0
Baseline (100% Grid),19.705263,216.378291,RICE,0.0
Baseline (100% Grid),19.957895,206.849427,RICE,0.0
Baseline (100% Grid),20.210526,203.506378,RICE,0.0
Baseline (100% Grid),20.463158,202.507636,RICE,0.0
Baseline (100% Grid),20.715789,203.279618,RICE,0.0
Baseline (100% Grid),20.968421,204.213857,RICE,0.0
Baseline (100% Grid),21.221053,199.965939,RICE,0.0
Baseline (100% Grid),21.473684,195.014963,RICE,0.0
Baseline (100% Grid),21.726316,190.786003,RICE,0.0
Baseline (100% Grid),21.978947,190.070966,RICE,0.0
Baseline (100% Grid),22.231579,187.93445,RICE,0.0
Baseline (100% Grid),22.484211,187.647006,RICE,0.0
Baseline (100% Grid),22.736842,182.79361,RICE,0.0
Baseline (100% Grid),22.989474,181.612203,RICE,0.0
Baseline (100% Grid),23.242105,178.435705,RICE,0.0
Baseline (100% Grid),23.494737,173.631815,RICE,0.0
Baseline (100% Grid),23.747368,169.760164,RICE,0.0
Baseline (100% Grid),24.0,161.092467,RICE,0.0
Baseline (100% Grid),0.0,146.220746,Solar PPA,0.0
Baseline (100% Grid),0.252632,142.493761,Solar PPA,0.0
Baseline (100% Grid),0.505263,143.661607,Solar PPA,0.0
Baseline (100% Grid),0.757895,146.396692,Solar PPA,0.0
Baseline (100% Grid),1.010526,144.495891,Solar PPA,0.0
Baseline (100% Grid),1.263158,144.343225,Solar PPA,0.0
Baseline (100% Grid),1.515789,146.919418,Solar PPA,0.0
Baseline (100% Grid),1.768421,145.437384,Solar PPA,0.0
Baseline (100% Grid),2.021053,145.4143,Solar PPA,0.0
Baseline (100% Grid),2.273684,148.07771,Solar PPA,0.0
Baseline (100% Grid),2.526316,143.846932,Solar PPA,0.0
Baseline (100% Grid),2.778947,141.791134,Solar PPA,0.0
Baseline (100% Grid),3.031579,144.744855,Solar PPA,0.0
Baseline (100% Grid),3.284211,139.924624,Solar PPA,0.0
Baseline (100% Grid),3.536842,138.230245,Solar PPA,0.0
Baseline (100% Grid),3.789474,139.583534,Solar PPA,0.0
Baseline (100% Grid),4.042105,138.171424,Solar PPA,0.0
Baseline (100% Grid),4.294737,145.589762,Solar PPA,0.0
Baseline (100% Grid),4.547368,149.60022,Solar PPA,0.0
Baseline (100% Grid),4.8,149.555785,Solar PPA,0.0
Baseline (100% Grid),5.052632,157.938285,Solar PPA,0.0
Baseline (100% Grid),5.305263,158.873198,Solar PPA,0.0
Baseline (100% Grid),5.557895,163.688381,Solar PPA,0.0
Baseline (100% Grid),5.810526,166.117267,Solar PPA,0.0
Baseline (100% Grid),6.063158,163.627976,Solar PPA,0.0
Baseline (100% Grid),6.315789,167.073156,Solar PPA,0.0
Baseline (100% Grid),6.568421,166.689563,Solar PPA,0.0
Baseline (100% Grid),6.821053,173.904114,Solar PPA,0.0
Baseline (100% Grid),7.073684,176.518915,Solar PPA,0.0
Baseline (100% Grid),7.326316,178.300969,Solar PPA,0.0
Baseline (100% Grid),7.578947,182.486974,Solar PPA,0.0
Baseline (100% Grid),7.831579,189.006368,Solar PPA,0.0
Baseline (100% Grid),8.084211,193.308235,Solar PPA,0.0
Baseline (100% Grid),8.336842,194.22417,Solar PPA,0.0
Baseline (100% Grid),8.589474,200.603646,Solar PPA,0.0
Baseline (100% Grid),8.842105,195.7185,Solar PPA,0.0
Baseline (100% Grid),9.094737,199.041884,Solar PPA,0.0
Baseline (100% Grid),9.347368,199.515399,Solar PPA,0.0
Baseline (100% Grid),9.6,196.819151,Solar PPA,0.0
Baseline (100% Grid),9.852632,202.987544,Solar PPA,0.0
Baseline (100% Grid),10.105263,206.870804,Solar PPA,0.0
Baseline (100% Grid),10.357895,214.684552,Solar PPA,0.0
Baseline (100% Grid),10.610526,220.120959,Solar PPA,0.0
Baseline (100% Grid),10.863158,221.192293,Solar PPA,0.0
Baseline (100% Grid),11.115789,217.869809,Solar PPA,0.0
Baseline (100% Grid),11.368421,217.758375,Solar PPA,0.0
Baseline (100% Grid),11.621053,218.902304,Solar PPA,0.0
Baseline (100% Grid),11.873684,224.187636,Solar PPA,0.0
Baseline (100% Grid),12.126316,230.510044,Solar PPA,0.0
Baseline (100% Grid),12.378947,229.540724,Solar PPA,0.0
Baseline (100% Grid),12.631579,233.007549,Solar PPA,0.0
Baseline (100% Grid),12.884211,230.768568,Solar PPA,0.0
Baseline (100% Grid),13.136842,229.44087,Solar PPA,0.0
Baseline (100% Grid),13.389474,236.454504,Solar PPA,0.0
Baseline (100% Grid),13.642105,239.148366,Solar PPA,0.0
Baseline (100% Grid),13.894737,243.212598,Solar PPA,0.0
Baseline (100% Grid),14.147368,243.424454,Solar PPA,0.0
Baseline (100% Grid),14.4,241.582112,Solar PPA,0.0
Baseline (100% Grid),14.652632,240.133459,Solar PPA,0.0
Baseline (100% Grid),14.905263,240.384649,Solar PPA,0.0
Baseline (100% Grid),15.157895,241.264673,Solar PPA,0.0
Baseline (100% Grid),15.410526,241.392927,Solar PPA,0.0
Baseline (100% Grid),15.663158,237.458336,Solar PPA,0.0
Baseline (100% Grid),15.915789,231.52949,Solar PPA,0.0
Baseline (100% Grid),16.168421,234.102006,Solar PPA,0.0
Baseline (100% Grid),16.421053,237.144863,Solar PPA,0.0
Baseline (100% Grid),16.673684,238.766237,Solar PPA,0.0
Baseline (100% Grid),16.926316,243.151698,Solar PPA,0.0
Baseline (100% Grid),17.178947,240.764714,Solar PPA,0.0
Baseline (100% Grid),17.431579,234.359733,Solar PPA,0.0
Baseline (100% Grid),17.684211,233.904346,Solar PPA,0.0
Baseline (100% Grid),17.936842,233.569328,Solar PPA,0.0
Baseline (100% Grid),18.189474,230.77739,Solar PPA,0.0
Baseline (100% Grid),18.442105,234.382288,Solar PPA,0.0
Baseline (100% Grid),18.694737,224.894864,Solar PPA,0.0
Baseline (100% Grid),18.947368,220.961434,Solar PPA,0.0
Baseline (100% Grid),19.2,219.023883,Solar PPA,0.0
Baseline (100% Grid),19.452632,212.025596,Solar PPA,0.0
Baseline (100% Grid),19.705263,216.378291,Solar PPA,0.0
Baseline (100% Grid),19.957895,206.849427,Solar PPA,0.0
Baseline (100% Grid),20.210526,203.506378,Solar PPA,0.0
Baseline (100% Grid),20.463158,202.507636,Solar PPA,0.0
Baseline (100% Grid),20.715789,203.279618,Solar PPA,0.0
Baseline (100% Grid),20.968421,204.213857,Solar PPA,0.0
Baseline (100% Grid),21.221053,199.965939,Solar PPA,0.0
Baseline (100% Grid),21.473684,195.014963,Solar PPA,0.0
Baseline (100% Grid),21.726316,190.786003,Solar PPA,0.0
Baseline (100% Grid),21.978947,190.070966,Solar PPA,0.0
Baseline (100% Grid),22.231579,187.93445,Solar PPA,0.0
Baseline (100% Grid),22.484211,187.647006,Solar PPA,0.0
Baseline (100% Grid),22.736842,182.79361,Solar PPA,0.0
Baseline (100% Grid),22.989474,181.612203,Solar PPA,0.0
Baseline (100% Grid),23.242105,178.435705,Solar PPA,0.0
Baseline (100% Grid),23.494737,173.631815,Solar PPA,0.0
Baseline (100% Grid),23.747368,169.760164,Solar PPA,0.0
Baseline (100% Grid),24.0,161.092467,Solar PPA,0.0
Baseline (100% Grid),0.0,146.220746,Geothermal,0.0
Baseline (100% Grid),0.252632,142.493761,Geothermal,0.0
Baseline (100% Grid),0.505263,143.661607,Geothermal,0.0
Baseline (100% Grid),0.757895,146.396692,Geothermal,0.0
Baseline (100% Grid),1.010526,144.495891,Geothermal,0.0
Baseline (100% Grid),1.263158,144.343225,Geothermal,0.0
Baseline (100% Grid),1.515789,146.919418,Geothermal,0.0
Baseline (100% Grid),1.768421,145.437384,Geothermal,0.0
Baseline (100% Grid),2.021053,145.4143,Geothermal,0.0
Baseline (100% Grid),2.273684,148.07771,Geothermal,0.0
Baseline (100% Grid),2.526316,143.846932,Geothermal,0.0
Baseline (100% Grid),2.778947,141.791134,Geothermal,0.0
Baseline (100% Grid),3.031579,144.744855,Geothermal,0.0
Baseline (100% Grid),3.284211,139.924624,Geothermal,0.0
Baseline (100% Grid),3.536842,138.230245,Geothermal,0.0
Baseline (100% Grid),3.789474,139.583534,Geothermal,0.0
Baseline (100% Grid),4.042105,138.171424,Geothermal,0.0
Baseline (100% Grid),4.294737,145.589762,Geothermal,0.0
Baseline (100% Grid),4.547368,149.60022,Geothermal,0.0
Baseline (100% Grid),4.8,149.555785,Geothermal,0.0
Baseline (100% Grid),5.052632,157.938285,Geothermal,0.0
Baseline (100% Grid),5.305263,158.873198,Geothermal,0.0
Baseline (100% Grid),5.557895,163.688381,Geothermal,0.0
Baseline (100% Grid),5.810526,166.117267,Geothermal,0.0
Baseline (100% Grid),6.063158,163.627976,Geothermal,0.0
Baseline (100% Grid),6.315789,167.073156,Geothermal,0.0
Baseline (100% Grid),6.568421,166.689563,Geothermal,0.0
Baseline (100% Grid),6.821053,173.904114,Geothermal,0.0
Baseline (100% Grid),7.073684,176.518915,Geothermal,0.0
Baseline (100% Grid),7.326316,178.300969,Geothermal,0.0
Baseline (100% Grid),7.578947,182.486974,Geothermal,0.0
Baseline (100% Grid),7.831579,189.006368,Geothermal,0.0
Baseline (100% Grid),8.084211,193.308235,Geothermal,0.0
Baseline (100% Grid),8.336842,194.22417,Geothermal,0.0
Baseline (100% Grid),8.589474,200.603646,Geothermal,0.0
Baseline (100% Grid),8.842105,195.7185,Geothermal,0.0
Baseline (100% Grid),9.094737,199.041884,Geothermal,0.0
Baseline (100% Grid),9.347368,199.515399,Geothermal,0.0
Baseline (100% Grid),9.6,196.819151,Geothermal,0.0
Baseline (100% Grid),9.852632,202.987544,Geothermal,0.0
Baseline (100% Grid),10.105263,206.870804,Geothermal,0.0
Baseline (100% Grid),10.357895,214.684552,Geothermal,0.0
Baseline (100% Grid),10.610526,220.120959,Geothermal,0.0
Baseline (100% Grid),10.863158,221.192293,Geothermal,0.0
Baseline (100% Grid),11.115789,217.869809,Geothermal,0.0
Baseline (100% Grid),11.368421,217.758375,Geothermal,0.0
Baseline (100% Grid),11.621053,218.902304,Geothermal,0.0
Baseline (100% Grid),11.873684,224.187636,Geothermal,0.0
Baseline (100% Grid),12.126316,230.510044,Geothermal,0.0
Baseline (100% Grid),12.378947,229.540724,Geothermal,0.0
Baseline (100% Grid),12.631579,233.007549,Geothermal,0.0
Baseline (100% Grid),12.884211,230.768568,Geothermal,0.0
Baseline (100% Grid),13.136842,229.44087,Geothermal,0.0
Baseline (100% Grid),13.389474,236.454504,Geothermal,0.0
Baseline (100% Grid),13.642105,239.148366,Geothermal,0.0
Baseline (100% Grid),13.894737,243.212598,Geothermal,0.0
Baseline (100% Grid),14.147368,243.424454,Geothermal,0.0
Baseline (100% Grid),14.4,241.582112,Geothermal,0.0
Baseline (100% Grid),14.652632,240.133459,Geothermal,0.0
Baseline (100% Grid),14.905263,240.384649,Geothermal,0.0
Baseline (100% Grid),15.157895,241.264673,Geothermal,0.0
Baseline (100% Grid),15.410526,241.392927,Geothermal,0.0
Baseline (100% Grid),15.663158,237.458336,Geothermal,0.0
Baseline (100% Grid),15.915789,231.52949,Geothermal,0.0
Baseline (100% Grid),16.168421,234.102006,Geothermal,0.0
Baseline (100% Grid),16.421053,237.144863,Geothermal,0.0
Baseline (100% Grid),16.673684,238.766237,Geothermal,0.0
Baseline (100% Grid),16.926316,243.151698,Geothermal,0.0
Baseline (100% Grid),17.178947,240.764714,Geothermal,0.0
Baseline (100% Grid),17.431579,234.359733,Geothermal,0.0
Baseline (100% Grid),17.684211,233.904346,Geothermal,0.0
Baseline (100% Grid),17.936842,233.569328,Geothermal,0.0
Baseline (100% Grid),18.189474,230.77739,Geothermal,0.0
Baseline (100% Grid),18.442105,234.382288,Geothermal,0.0
Baseline (100% Grid),18.694737,224.894864,Geothermal,0.0
Baseline (100% Grid),18.947368,220.961434,Geothermal,0.0
Baseline (100% Grid),19.2,219.023883,Geothermal,0.0
Baseline (100% Grid),19.452632,212.025596,Geothermal,0.0
Baseline (100% Grid),19.705263,216.378291,Geothermal,0.0
Baseline (100% Grid),19.957895,206.849427,Geothermal,0.0
Baseline (100% Grid),20.210526,203.506378,Geothermal,0.0
Baseline (100% Grid),20.463158,202.507636,Geothermal,0.0
Baseline (100% Grid),20.715789,203.279618,Geothermal,0.0
Baseline (100% Grid),20.968421,204.213857,Geothermal,0.0
Baseline (100% Grid),21.221053,199.965939,Geothermal,0.0
Baseline (100% Grid),21.473684,195.014963,Geothermal,0.0
Baseline (100% Grid),21.726316,190.786003,Geothermal,0.0
Baseline (100% Grid),21.978947,190.070966,Geothermal,0.0
Baseline (100% Grid),22.231579,187.93445,Geothermal,0.0
Baseline (100% Grid),22.484211,187.647006,Geothermal,0.0
Baseline (100% Grid),22.736842,182.79361,Geothermal,0.0
Baseline (100% Grid),22.989474,181.612203,Geothermal,0.0
Baseline (100% Grid),23.242105,178.435705,Geothermal,0.0
Baseline (100% Grid),23.494737,173.631815,Geothermal,0.0
Baseline (100% Grid),23.747368,169.760164,Geothermal,0.0
Baseline (100% Grid),24.0,161.092467,Geothermal,0.0
Baseline (100% Grid),0.0,146.220746,SMR,0.0
Baseline (100% Grid),0.252632,142.493761,SMR,0.0
Baseline (100% Grid),0.505263,143.661607,SMR,0.0
Baseline (100% Grid),0.757895,146.396692,SMR,0.0
Baseline (100% Grid),1.010526,144.495891,SMR,0.0
Baseline (100% Grid),1.263158,144.343225,SMR,0.0
Baseline (100% Grid),1.515789,146.919418,SMR,0.0
Baseline (100% Grid),1.768421,145.437384,SMR,0.0
Baseline (100% Grid),2.021053,145.4143,SMR,0.0
Baseline (100% Grid),2.273684,148.07771,SMR,0.0
Baseline (100% Grid),2.526316,143.846932,SMR,0.0
Baseline (100% Grid),2.778947,141.791134,SMR,0.0
Baseline (100% Grid),3.031579,144.744855,SMR,0.0
Baseline (100% Grid),3.284211,139.924624,SMR,0.0
Baseline (100% Grid),3.536842,138.230245,SMR,0.0
Baseline (100% Grid),3.789474,139.583534,SMR,0.0
Baseline (100% Grid),4.042105,138.171424,SMR,0.0
Baseline (100% Grid),4.294737,145.589762,SMR,0.0
Baseline (100% Grid),4.547368,149.60022,SMR,0.0
Baseline (100% Grid),4.8,149.555785,SMR,0.0
Baseline (100% Grid),5.052632,157.938285,SMR,0.0
Baseline (100% Grid),5.305263,158.873198,SMR,0.0
Baseline (100% Grid),5.557895,163.688381,SMR,0.0
Baseline (100% Grid),5.810526,166.117267,SMR,0.0
Baseline (100% Grid),6.063158,163.627976,SMR,0.0
Baseline (100% Grid),6.315789,167.073156,SMR,0.0
Baseline (100% Grid),6.568421,166.689563,SMR,0.0
Baseline (100% Grid),6.821053,173.904114,SMR,0.0
Baseline (100% Grid),7.073684,176.518915,SMR,0.0
Baseline (100% Grid),7.326316,178.300969,SMR,0.0
Baseline (100% Grid),7.578947,182.486974,SMR,0.0
Baseline (100% Grid),7.831579,189.006368,SMR,0.0
Baseline (100% Grid),8.084211,193.308235,SMR,0.0
Baseline (100% Grid),8.336842,194.22417,SMR,0.0
Baseline (100% Grid),8.589474,200.603646,SMR,0.0
Baseline (100% Grid),8.842105,195.7185,SMR,0.0
Baseline (100% Grid),9.094737,199.041884,SMR,0.0
Baseline (100% Grid),9.347368,199.515399,SMR,0.0
Baseline (100% Grid),9.6,196.819151,SMR,0.0
Baseline (100% Grid),9.852632,202.987544,SMR,0.0
Baseline (100% Grid),10.105263,206.870804,SMR,0.0
Baseline (100% Grid),10.357895,214.684552,SMR,0.0
Baseline (100% Grid),10.610526,220.120959,SMR,0.0
Baseline (100% Grid),10.863158,221.192293,SMR,0.0
Baseline (100% Grid),11.115789,217.869809,SMR,0.0
Baseline (100% Grid),11.368421,217.758375,SMR,0.0
Baseline (100% Grid),11.621053,218.902304,SMR,0.0
Baseline (100% Grid),11.873684,224.187636,SMR,0.0
Baseline (100% Grid),12.126316,230.510044,SMR,0.0
Baseline (100% Grid),12.378947,229.540724,SMR,0.0
Baseline (100% Grid),12.631579,233.007549,SMR,0.0
Baseline (100% Grid),12.884211,230.768568,SMR,0.0
Baseline (100% Grid),13.136842,229.44087,SMR,0.0
Baseline (100% Grid),13.389474,236.454504,SMR,0.0
Baseline (100% Grid),13.642105,239.148366,SMR,0.0
Baseline (100% Grid),13.894737,243.212598,SMR,0.0
Baseline (100% Grid),14.147368,243.424454,SMR,0.0
Baseline (100% Grid),14.4,241.582112,SMR,0.0
Baseline (100% Grid),14.652632,240.133459,SMR,0.0
Baseline (100% Grid),14.905263,240.384649,SMR,0.0
Baseline (100% Grid),15.157895,241.264673,SMR,0.0
Baseline (100% Grid),15.410526,241.392927,SMR,0.0
Baseline (100% Grid),15.663158,237.458336,SMR,0.0
Baseline (100% Grid),15.915789,231.52949,SMR,0.0
Baseline (100% Grid),16.168421,234.102006,SMR,0.0
Baseline (100% Grid),16.421053,237.144863,SMR,0.0
Baseline (100% Grid),16.673684,238.766237,SMR,0.0
Baseline (100% Grid),16.926316,243.151698,SMR,0.0
Baseline (100% Grid),17.178947,240.764714,SMR,0.0
Baseline (100% Grid),17.431579,234.359733,SMR,0.0
Baseline (100% Grid),17.684211,233.904346,SMR,0.0
Baseline (100% Grid),17.936842,233.569328,SMR,0.0
Baseline (100% Grid),18.189474,230.77739,SMR,0.0
Baseline (100% Grid),18.442105,234.382288,SMR,0.0
Baseline (100% Grid),18.694737,224.894864,SMR,0.0
Baseline (100% Grid),18.947368,220.961434,SMR,0.0
Baseline (100% Grid),19.2,219.023883,SMR,0.0
Baseline (100% Grid),19.452632,212.025596,SMR,0.0
Baseline (100% Grid),19.705263,216.378291,SMR,0.0
Baseline (100% Grid),19.957895,206.849427,SMR,0.0
Baseline (100% Grid),20.210526,203.506378,SMR,0.0
Baseline (100% Grid),20.463158,202.507636,SMR,0.0
Baseline (100% Grid),20.715789,203.279618,SMR,0.0
Baseline (100% Grid),20.968421,204.213857,SMR,0.0
Baseline (100% Grid),21.221053,199.965939,SMR,0.0
Baseline (100% Grid),21.473684,195.014963,SMR,0.0
Baseline (100% Grid),21.726316,190.786003,SMR,0.0
Baseline (100% Grid),21.978947,190.070966,SMR,0.0
Baseline (100% Grid),22.231579,187.93445,SMR,0.0
Baseline (100% Grid),22.484211,187.647006,SMR,0.0
Baseline (100% Grid),22.736842,182.79361,SMR,0.0
Baseline (100% Grid),22.989474,181.612203,SMR,0.0
Baseline (100% Grid),23.242105,178.435705,SMR,0.0
Baseline (100% Grid),23.494737,173.631815,SMR,0.0
Baseline (100% Grid),23.747368,169.760164,SMR,0.0
Baseline (100% Grid),24.0,161.092467,SMR,0.0
Baseline (100% Grid),0.0,146.220746,Microturbines,0.0
Baseline (100% Grid),0.252632,142.493761,Microturbines,0.0
Baseline (100% Grid),0.505263,143.661607,Microturbines,0.0
Baseline (100% Grid),0.757895,146.396692,Microturbines,0.0
Baseline (100% Grid),1.010526,144.495891,Microturbines,0.0
Baseline (100% Grid),1.263158,144.343225,Microturbines,0.0
Baseline (100% Grid),1.515789,146.919418,Microturbines,0.0
Baseline (100% Grid),1.768421,145.437384,Microturbines,0.0
Baseline (100% Grid),2.021053,145.4143,Microturbines,0.0
Baseline (100% Grid),2.273684,148.07771,Microturbines,0.0
Baseline (100% Grid),2.526316,143.846932,Microturbines,0.0
Baseline (100% Grid),2.778947,141.791134,Microturbines,0.0
Baseline (100% Grid),3.031579,144.744855,Microturbines,0.0
Baseline (100% Grid),3.284211,139.924624,Microturbines,0.0
Baseline (100% Grid),3.536842,138.230245,Microturbines,0.0
Baseline (100% Grid),3.789474,139.583534,Microturbines,0.0
Baseline (100% Grid),4.042105,138.171424,Microturbines,0.0
Baseline (100% Grid),4.294737,145.589762,Microturbines,0.0
Baseline (100% Grid),4.547368,149.60022,Microturbines,0.0
Baseline (100% Grid),4.8,149.555785,Microturbines,0.0
Baseline (100% Grid),5.052632,157.938285,Microturbines,0.0
Baseline (100% Grid),5.305263,158.873198,Microturbines,0.0
Baseline (100% Grid),5.557895,163.688381,Microturbines,0.0
Baseline (100% Grid),5.810526,166.117267,Microturbines,0.0
Baseline (100% Grid),6.063158,163.627976,Microturbines,0.0
Baseline (100% Grid),6.315789,167.073156,Microturbines,0.0
Baseline (100% Grid),6.568421,166.689563,Microturbines,0.0
Baseline (100% Grid),6.821053,173.904114,Microturbines,0.0
Baseline (100% Grid),7.073684,176.518915,Microturbines,0.0
Baseline (100% Grid),7.326316,178.300969,Microturbines,0.0
Baseline (100% Grid),7.578947,182.486974,Microturbines,0.0
Baseline (100% Grid),7.831579,189.006368,Microturbines,0.0
Baseline (100% Grid),8.084211,193.308235,Microturbines,0.0
Baseline (100% Grid),8.336842,194.22417,Microturbines,0.0
Baseline (100% Grid),8.589474,200.603646,Microturbines,0.0
Baseline (100% Grid),8.842105,195.7185,Microturbines,0.0
Baseline (100% Grid),9.094737,199.041884,Microturbines,0.0
Baseline (100% Grid),9.347368,199.515399,Microturbines,0.0
Baseline (100% Grid),9.6,196.819151,Microturbines,0.0
Baseline (100% Grid),9.852632,202.987544,Microturbines,0.0
Baseline (100% Grid),10.105263,206.870804,Microturbines,0.0
Baseline (100% Grid),10.357895,214.684552,Microturbines,0.0
Baseline (100% Grid),10.610526,220.120959,Microturbines,0.0
Baseline (100% Grid),10.863158,221.192293,Microturbines,0.0
Baseline (100% Grid),11.115789,217.869809,Microturbines,0.0
Baseline (100% Grid),11.368421,217.758375,Microturbines,0.0
Baseline (100% Grid),11.621053,218.902304,Microturbines,0.0
Baseline (100% Grid),11.873684,224.187636,Microturbines,0.0
Baseline (100% Grid),12.126316,230.510044,Microturbines,0.0
Baseline (100% Grid),12.378947,229.540724,Microturbines,0.0
Baseline (100% Grid),12.631579,233.007549,Microturbines,0.0
Baseline (100% Grid),12.884211,230.768568,Microturbines,0.0
Baseline (100% Grid),13.136842,229.44087,Microturbines,0.0
Baseline (100% Grid),13.389474,236.454504,Microturbines,0.0
Baseline (100% Grid),13.642105,239.148366,Microturbines,0.0
Baseline (100% Grid),13.894737,243.212598,Microturbines,0.0
Baseline (100% Grid),14.147368,243.424454,Microturbines,0.0
Baseline (100% Grid),14.4,241.582112,Microturbines,0.0
Baseline (100% Grid),14.652632,240.133459,Microturbines,0.0
Baseline (100% Grid),14.905263,240.384649,Microturbines,0.0
Baseline (100% Grid),15.157895,241.264673,Microturbines,0.0
Baseline (100% Grid),15.410526,241.392927,Microturbines,0.0
Baseline (100% Grid),15.663158,237.458336,Microturbines,0.0
Baseline (100% Grid),15.915789,231.52949,Microturbines,0.0
Baseline (100% Grid),16.168421,234.102006,Microturbines,0.0
Baseline (100% Grid),16.421053,237.144863,Microturbines,0.0
Baseline (100% Grid),16.673684,238.766237,Microturbines,0.0
Baseline (100% Grid),16.926316,243.151698,Microturbines,0.0
Baseline (100% Grid),17.178947,240.764714,Microturbines,0.0
Baseline (100% Grid),17.431579,234.359733,Microturbines,0.0
Baseline (100% Grid),17.684211,233.904346,Microturbines,0.0
Baseline (100% Grid),17.936842,233.569328,Microturbines,0.0
Baseline (100% Grid),18.189474,230.77739,Microturbines,0.0
Baseline (100% Grid),18.442105,234.382288,Microturbines,0.0
Baseline (100% Grid),18.694737,224.894864,Microturbines,0.0
Baseline (100% Grid),18.947368,220.961434,Microturbines,0.0
Baseline (100% Grid),19.2,219.023883,Microturbines,0.0
Baseline (100% Grid),19.452632,212.025596,Microturbines,0.0
Baseline (100% Grid),19.705263,216.378291,Microturbines,0.0
Baseline (100% Grid),19.957895,206.849427,Microturbines,0.0
Baseline (100% Grid),20.210526,203.506378,Microturbines,0.0
Baseline (100% Grid),20.463158,202.507636,Microturbines,0.0
Baseline (100% Grid),20.715789,203.279618,Microturbines,0.0
Baseline (100% Grid),20.968421,204.213857,Microturbines,0.0
Baseline (100% Grid),21.221053,199.965939,Microturbines,0.0
Baseline (100% Grid),21.473684,195.014963,Microturbines,0.0
Baseline (100% Grid),21.726316,190.786003,Microturbines,0.0
Baseline (100% Grid),21.978947,190.070966,Microturbines,0.0
Baseline (100% Grid),22.231579,187.93445,Microturbines,0.0
Baseline (100% Grid),22.484211,187.647006,Microturbines,0.0
Baseline (100% Grid),22.736842,182.79361,Microturbines,0.0
Baseline (100% Grid),22.989474,181.612203,Microturbines,0.0
Baseline (100% Grid),23.242105,178.435705,Microturbines,0.0
Baseline (100% Grid),23.494737,173.631815,Microturbines,0.0
Baseline (100% Grid),23.747368,169.760164,Microturbines,0.0
Baseline (100% Grid),24.0,161.092467,Microturbines,0.0
Baseline (100% Grid),0.0,146.220746,BESS (Discharge),0.0
Baseline (100% Grid),0.252632,142.493761,BESS (Discharge),0.0
Baseline (100% Grid),0.505263,143.661607,BESS (Discharge),0.0
Baseline (100% Grid),0.757895,146.396692,BESS (Discharge),0.0
Baseline (100% Grid),1.010526,144.495891,BESS (Discharge),0.0
Baseline (100% Grid),1.263158,144.343225,BESS (Discharge),0.0
Baseline (100% Grid),1.515789,146.919418,BESS (Discharge),0.0
Baseline (100% Grid),1.768421,145.437384,BESS (Discharge),0.0
Baseline (100% Grid),2.021053,145.4143,BESS (Discharge),0.0
Baseline (100% Grid),2.273684,148.07771,BESS (Discharge),0.0
Baseline (100% Grid),2.526316,143.846932,BESS (Discharge),0.0
Baseline (100% Grid),2.778947,141.791134,BESS (Discharge),0.0
Baseline (100% Grid),3.031579,144.744855,BESS (Discharge),0.0
Baseline (100% Grid),3.284211,139.924624,BESS (Discharge),0.0
Baseline (100% Grid),3.536842,138.230245,BESS (Discharge),0.0
Baseline (100% Grid),3.789474,139.583534,BESS (Discharge),0.0
Baseline (100% Grid),4.042105,138.171424,BESS (Discharge),0.0
Baseline (100% Grid),4.294737,145.589762,BESS (Discharge),0.0
Baseline (100% Grid),4.547368,149.60022,BESS (Discharge),0.0
Baseline (100% Grid),4.8,149.555785,BESS (Discharge),0.0
Baseline (100% Grid),5.052632,157.938285,BESS (Discharge),0.0
Baseline (100% Grid),5.305263,158.873198,BESS (Discharge),0.0
Baseline (100% Grid),5.557895,163.688381,BESS (Discharge),0.0
Baseline (100% Grid),5.810526,166.117267,BESS (Discharge),0.0
Baseline (100% Grid),6.063158,163.627976,BESS (Discharge),0.0
Baseline (100% Grid),6.315789,167.073156,BESS (Discharge),0.0
Baseline (100% Grid),6.568421,166.689563,BESS (Discharge),0.0
Baseline (100% Grid),6.821053,173.904114,BESS (Discharge),0.0
Baseline (100% Grid),7.073684,176.518915,BESS (Discharge),0.0
Baseline (100% Grid),7.326316,178.300969,BESS (Discharge),0.0
Baseline (100% Grid),7.578947,182.486974,BESS (Discharge),0.0
Baseline (100% Grid),7.831579,189.006368,BESS (Discharge),0.0
Baseline (100% Grid),8.084211,193.308235,BESS (Discharge),0.0
Baseline (100% Grid),8.336842,194.22417,BESS (Discharge),0.0
Baseline (100% Grid),8.589474,200.603646,BESS (Discharge),0.0
Baseline (100% Grid),8.842105,195.7185,BESS (Discharge),0.0
Baseline (100% Grid),9.094737,199.041884,BESS (Discharge),0.0
Baseline (100% Grid),9.347368,199.515399,BESS (Discharge),0.0
Baseline (100% Grid),9.6,196.819151,BESS (Discharge),0.0
Baseline (100% Grid),9.852632,202.987544,BESS (Discharge),0.0
Baseline (100% Grid),10.105263,206.870804,BESS (Discharge),0.0
Baseline (100% Grid),10.357895,214.684552,BESS (Discharge),0.0
Baseline (100% Grid),10.610526,220.120959,BESS (Discharge),0.0
Baseline (100% Grid),10.863158,221.192293,BESS (Discharge),0.0
Baseline (100% Grid),11.115789,217.869809,BESS (Discharge),0.0
Baseline (100% Grid),11.368421,217.758375,BESS (Discharge),0.0
Baseline (100% Grid),11.621053,218.902304,BESS (Discharge),0.0
Baseline (100% Grid),11.873684,224.187636,BESS (Discharge),0.0
Baseline (100% Grid),12.126316,230.510044,BESS (Discharge),0.0
Baseline (100% Grid),12.378947,229.540724,BESS (Discharge),0.0
Baseline (100% Grid),12.631579,233.007549,BESS (Discharge),0.0
Baseline (100% Grid),12.884211,230.768568,BESS (Discharge),0.0
Baseline (100% Grid),13.136842,229.44087,BESS (Discharge),0.0
Baseline (100% Grid),13.389474,236.454504,BESS (Discharge),0.0
Baseline (100% Grid),13.642105,239.148366,BESS (Discharge),0.0
Baseline (100% Grid),13.894737,243.212598,BESS (Discharge),0.0
Baseline (100% Grid),14.147368,243.424454,BESS (Discharge),0.0
Baseline (100% Grid),14.4,241.582112,BESS (Discharge),0.0
Baseline (100% Grid),14.652632,240.133459,BESS (Discharge),0.0
Baseline (100% Grid),14.905263,240.384649,BESS (Discharge),0.0
Baseline (100% Grid),15.157895,241.264673,BESS (Discharge),0.0
Baseline (100% Grid),15.410526,241.392927,BESS (Discharge),0.0
Baseline (100% Grid),15.663158,237.458336,BESS (Discharge),0.0
Baseline (100% Grid),15.915789,231.52949,BESS (Discharge),0.0
Baseline (100% Grid),16.168421,234.102006,BESS (Discharge),0.0
Baseline (100% Grid),16.421053,237.144863,BESS (Discharge),0.0
Baseline (100% Grid),16.673684,238.766237,BESS (Discharge),0.0
Baseline (100% Grid),16.926316,243.151698,BESS (Discharge),0.0
Baseline (100% Grid),17.178947,240.764714,BESS (Discharge),0.0
Baseline (100% Grid),17.431579,234.359733,BESS (Discharge),0.0
Baseline (100% Grid),17.684211,233.904346,BESS (Discharge),0.0
Baseline (100% Grid),17.936842,233.569328,BESS (Discharge),0.0
Baseline (100% Grid),18.189474,230.77739,BESS (Discharge),0.0
Baseline (100% Grid),18.442105,234.382288,BESS (Discharge),0.0
Baseline (100% Grid),18.694737,224.894864,BESS (Discharge),0.0
Baseline (100% Grid),18.947368,220.961434,BESS (Discharge),0.0
Baseline (100% Grid),19.2,219.023883,BESS (Discharge),0.0
Baseline (100% Grid),19.452632,212.025596,BESS (Discharge),0.0
Baseline (100% Grid),19.705263,216.378291,BESS (Discharge),0.0
Baseline (100% Grid),19.957895,206.849427,BESS (Discharge),0.0
Baseline (100% Grid),20.210526,203.506378,BESS (Discharge),0.0
Baseline (100% Grid),20.463158,202.507636,BESS (Discharge),0.0
Baseline (100% Grid),20.715789,203.279618,BESS (Discharge),0.0
Baseline (100% Grid),20.968421,204.213857,BESS (Discharge),0.0
Baseline (100% Grid),21.221053,199.965939,BESS (Discharge),0.0
Baseline (100% Grid),21.473684,195.014963,BESS (Discharge),0.0
Baseline (100% Grid),21.726316,190.786003,BESS (Discharge),0.0
Baseline (100% Grid),21.978947,190.070966,BESS (Discharge),0.0
Baseline (100% Grid),22.231579,187.93445,BESS (Discharge),0.0
Baseline (100% Grid),22.484211,187.647006,BESS (Discharge),0.0
Baseline (100% Grid),22.736842,182.79361,BESS (Discharge),0.0
Baseline (100% Grid),22.989474,181.612203,BESS (Discharge),0.0
Baseline (100% Grid),23.242105,178.435705,BESS (Discharge),0.0
Baseline (100% Grid),23.494737,173.631815,BESS (Discharge),0.0
Baseline (100% Grid),23.747368,169.760164,BESS (Discharge),0.0
Baseline (100% Grid),24.0,161.092467,BESS (Discharge),0.0
Baseline (100% Grid),0.0,146.220746,BESS (Charge),0.0
Baseline (100% Grid),0.252632,142.493761,BESS (Charge),0.0
Baseline (100% Grid),0.505263,143.661607,BESS (Charge),0.0
Baseline (100% Grid),0.757895,146.396692,BESS (Charge),0.0
Baseline (100% Grid),1.010526,144.495891,BESS (Charge),0.0
Baseline (100% Grid),1.263158,144.343225,BESS (Charge),0.0
Baseline (100% Grid),1.515789,146.919418,BESS (Charge),0.0
Baseline (100% Grid),1.768421,145.437384,BESS (Charge),0.0
Baseline (100% Grid),2.021053,145.4143,BESS (Charge),0.0
Baseline (100% Grid),2.273684,148.07771,BESS (Charge),0.0
Baseline (100% Grid),2.526316,143.846932,BESS (Charge),0.0
Baseline (100% Grid),2.778947,141.791134,BESS (Charge),0.0
Baseline (100% Grid),3.031579,144.744855,BESS (Charge),0.0
Baseline (100% Grid),3.284211,139.924624,BESS (Charge),0.0
Baseline (100% Grid),3.536842,138.230245,BESS (Charge),0.0
Baseline (100% Grid),3.789474,139.583534,BESS (Charge),0.0
Baseline (100% Grid),4.042105,138.171424,BESS (Charge),0.0
Baseline (100% Grid),4.294737,145.589762,BESS (Charge),0.0
Baseline (100% Grid),4.547368,149.60022,BESS (Charge),0.0
Baseline (100% Grid),4.8,149.555785,BESS (Charge),0.0
Baseline (100% Grid),5.052632,157.938285,BESS (Charge),0.0
Baseline (100% Grid),5.305263,158.873198,BESS (Charge),0.0
Baseline (100% Grid),5.557895,163.688381,BESS (Charge),0.0
Baseline (100% Grid),5.810526,166.117267,BESS (Charge),0.0
Baseline (100% Grid),6.063158,163.627976,BESS (Charge),0.0
Baseline (100% Grid),6.315789,167.073156,BESS (Charge),0.0
Baseline (100% Grid),6.568421,166.689563,BESS (Charge),0.0
Baseline (100% Grid),6.821053,173.904114,BESS (Charge),0.0
Baseline (100% Grid),7.073684,176.518915,BESS (Charge),0.0
Baseline (100% Grid),7.326316,178.300969,BESS (Charge),0.0
Baseline (100% Grid),7.578947,182.486974,BESS (Charge),0.0
Baseline (100% Grid),7.831579,189.006368,BESS (Charge),0.0
Baseline (100% Grid),8.084211,193.308235,BESS (Charge),0.0
Baseline (100% Grid),8.336842,194.22417,BESS (Charge),0.0
Baseline (100% Grid),8.589474,200.603646,BESS (Charge),0.0
Baseline (100% Grid),8.842105,195.7185,BESS (Charge),0.0
Baseline (100% Grid),9.094737,199.041884,BESS (Charge),0.0
Baseline (100% Grid),9.347368,199.515399,BESS (Charge),0.0
Baseline (100% Grid),9.6,196.819151,BESS (Charge),0.0
Baseline (100% Grid),9.852632,202.987544,BESS (Charge),0.0
Baseline (100% Grid),10.105263,206.870804,BESS (Charge),0.0
Baseline (100% Grid),10.357895,214.684552,BESS (Charge),0.0
Baseline (100% Grid),10.610526,220.120959,BESS (Charge),0.0
Baseline (100% Grid),10.863158,221.192293,BESS (Charge),0.0
Baseline (100% Grid),11.115789,217.869809,BESS (Charge),0.0
Baseline (100% Grid),11.368421,217.758375,BESS (Charge),0.0
Baseline (100% Grid),11.621053,218.902304,BESS (Charge),0.0
Baseline (100% Grid),11.873684,224.187636,BESS (Charge),0.0
Baseline (100% Grid),12.126316,230.510044,BESS (Charge),0.0
Baseline (100% Grid),12.378947,229.540724,BESS (Charge),0.0
Baseline (100% Grid),12.631579,233.007549,BESS (Charge),0.0
Baseline (100% Grid),12.884211,230.768568,BESS (Charge),0.0
Baseline (100% Grid),13.136842,229.44087,BESS (Charge),0.0
Baseline (100% Grid),13.389474,236.454504,BESS (Charge),0.0
Baseline (100% Grid),13.642105,239.148366,BESS (Charge),0.0
Baseline (100% Grid),13.894737,243.212598,BESS (Charge),0.0
Baseline (100% Grid),14.147368,243.424454,BESS (Charge),0.0
Baseline (100% Grid),14.4,241.582112,BESS (Charge),0.0
Baseline (100% Grid),14.652632,240.133459,BESS (Charge),0.0
Baseline (100% Grid),14.905263,240.384649,BESS (Charge),0.0
Baseline (100% Grid),15.157895,241.264673,BESS (Charge),0.0
Baseline (100% Grid),15.410526,241.392927,BESS (Charge),0.0
Baseline (100% Grid),15.663158,237.458336,BESS (Charge),0.0
Baseline (100% Grid),15.915789,231.52949,BESS (Charge),0.0
Baseline (100% Grid),16.168421,234.102006,BESS (Charge),0.0
Baseline (100% Grid),16.421053,237.144863,BESS (Charge),0.0
Baseline (100% Grid),16.673684,238.766237,BESS (Charge),0.0
Baseline (100% Grid),16.926316,243.151698,BESS (Charge),0.0
Baseline (100% Grid),17.178947,240.764714,BESS (Charge),0.0
Baseline (100% Grid),17.431579,234.359733,BESS (Charge),0.0
Baseline (100% Grid),17.684211,233.904346,BESS (Charge),0.0
Baseline (100% Grid),17.936842,233.569328,BESS (Charge),0.0
Baseline (100% Grid),18.189474,230.77739,BESS (Charge),0.0
Baseline (100% Grid),18.442105,234.382288,BESS (Charge),0.0
Baseline (100% Grid),18.694737,224.894864,BESS (Charge),0.0
Baseline (100% Grid),18.947368,220.961434,BESS (Charge),0.0
Baseline (100% Grid),19.2,219.023883,BESS (Charge),0.0
Baseline (100% Grid),19.452632,212.025596,BESS (Charge),0.0
Baseline (100% Grid),19.705263,216.378291,BESS (Charge),0.0
Baseline (100% Grid),19.957895,206.849427,BESS (Charge),0.0
Baseline (100% Grid),20.210526,203.506378,BESS (Charge),0.0
Baseline (100% Grid),20.463158,202.507636,BESS (Charge),0.0
Baseline (100% Grid),20.715789,203.279618,BESS (Charge),0.0
Baseline (100% Grid),20.968421,204.213857,BESS (Charge),0.0
Baseline (100% Grid),21.221053,199.965939,BESS (Charge),0.0
Baseline (100% Grid),21.473684,195.014963,BESS (Charge),0.0
Baseline (100% Grid),21.726316,190.786003,BESS (Charge),0.0
Baseline (100% Grid),21.978947,190.070966,BESS (Charge),0.0
Baseline (100% Grid),22.231579,187.93445,BESS (Charge),0.0
Baseline (100% Grid),22.484211,187.647006,BESS (Charge),0.0
Baseline (100% Grid),22.736842,182.79361,BESS (Charge),0.0
Baseline (100% Grid),22.989474,181.612203,BESS (Charge),0.0
Baseline (100% Grid),23.242105,178.435705,BESS (Charge),0.0
Baseline (100% Grid),23.494737,173.631815,BESS (Charge),0.0
Baseline (100% Grid),23.747368,169.760164,BESS (Charge),0.0
Baseline (100% Grid),24.0,161.092467,BESS (Charge),0.0
S1: Grid + RICE + Hybrid BESS,0.0,146.220746,Grid,100.0
S1: Grid + RICE + Hybrid BESS,0.252632,142.493761,Grid,100.0
S1: Grid + RICE + Hybrid BESS,0.505263,143.661607,Grid,100.0
S1: Grid + RICE + Hybrid BESS,0.757895,146.396692,Grid,100.0
S1: Grid + RICE + Hybrid BESS,1.010526,144.495891,Grid,100.0
S1: Grid + RICE + Hybrid BESS,1.263158,144.343225,Grid,100.0
S1: Grid + RICE + Hybrid BESS,1.515789,146.919418,Grid,100.0
S1: Grid + RICE + Hybrid BESS,1.768421,145.437384,Grid,100.0
S1: Grid + RICE + Hybrid BESS,2.021053,145.4143,Grid,100.0
S1: Grid + RICE + Hybrid BESS,2.273684,148.07771,Grid,100.0
S1: Grid + RICE + Hybrid BESS,2.526316,143.846932,Grid,100.0
S1: Grid + RICE + Hybrid BESS,2.778947,141.791134,Grid,100.0
S1: Grid + RICE + Hybrid BESS,3.031579,144.744855,Grid,100.0
S1: Grid + RICE + Hybrid BESS,3.284211,139.924624,Grid,100.0
S1: Grid + RICE + Hybrid BESS,3.536842,138.230245,Grid,100.0
S1: Grid + RICE + Hybrid BESS,3.789474,139.583534,Grid,100.0
S1: Grid + RICE + Hybrid BESS,4.042105,138.171424,Grid,100.0
S1: Grid + RICE + Hybrid BESS,4.294737,145.589762,Grid,100.0
S1: Grid + RICE + Hybrid BESS,4.547368,149.60022,Grid,100.0
S1: Grid + RICE + Hybrid BESS,4.8,149.555785,Grid,100.0
S1: Grid + RICE + Hybrid BESS,5.052632,157.938285,Grid,100.0
S1: Grid + RICE + Hybrid BESS,5.305263,158.873198,Grid,100.0
S1: Grid + RICE + Hybrid BESS,5.557895,163.688381,Grid,100.0
S1: Grid + RICE + Hybrid BESS,5.810526,166.117267,Grid,100.0
S1: Grid + RICE + Hybrid BESS,6.063158,163.627976,Grid,100.0
S1: Grid + RICE + Hybrid BESS,6.315789,167.073156,Grid,100.0
S1: Grid + RICE + Hybrid BESS,6.568421,166.689563,Grid,100.0
S1: Grid + RICE + Hybrid BESS,6.821053,173.904114,Grid,100.0
S1: Grid + RICE + Hybrid BESS,7.073684,176.518915,Grid,100.0
S1: Grid + RICE + Hybrid BESS,7.326316,178.300969,Grid,100.0
S1: Grid + RICE + Hybrid BESS,7.578947,182.486974,Grid,100.0
S1: Grid + RICE + Hybrid BESS,7.831579,189.006368,Grid,100.0
S1: Grid + RICE + Hybrid BESS,8.084211,193.308235,Grid,100.0
S1: Grid + RICE + Hybrid BESS,8.336842,194.22417,Grid,100.0
S1: Grid + RICE + Hybrid BESS,8.589474,200.603646,Grid,100.0
S1: Grid + RICE + Hybrid BESS,8.842105,195.7185,Grid,100.0
S1: Grid + RICE + Hybrid BESS,9.094737,199.041884,Grid,100.0
S1: Grid + RICE + Hybrid BESS,9.347368,199.515399,Grid,100.0
S1: Grid + RICE + Hybrid BESS,9.6,196.819151,Grid,100.0
S1: Grid + RICE + Hybrid BESS,9.852632,202.987544,Grid,100.0
S1: Grid + RICE + Hybrid BESS,10.105263,206.870804,Grid,100.0
S1: Grid + RICE + Hybrid BESS,10.357895,214.684552,Grid,100.0
S1: Grid + RICE + Hybrid BESS,10.610526,220.120959,Grid,100.0
S1: Grid + RICE + Hybrid BESS,10.863158,221.192293,Grid,100.0
S1: Grid + RICE + Hybrid BESS,11.115789,217.869809,Grid,100.0
S1: Grid + RICE + Hybrid BESS,11.368421,217.758375,Grid,100.0
S1: Grid + RICE + Hybrid BESS,11.621053,218.902304,Grid,100.0
S1: Grid + RICE + Hybrid BESS,11.873684,224.187636,Grid,100.0
S1: Grid + RICE + Hybrid BESS,12.126316,230.510044,Grid,100.0
S1: Grid + RICE + Hybrid BESS,12.378947,229.540724,Grid,100.0
S1: Grid + RICE + Hybrid BESS,12.631579,233.007549,Grid,100.0
S1: Grid + RICE + Hybrid BESS,12.884211,230.768568,Grid,100.0
S1: Grid + RICE + Hybrid BESS,13.136842,229.44087,Grid,100.0
S1: Grid + RICE + Hybrid BESS,13.389474,236.454504,Grid,100.0
S1: Grid + RICE + Hybrid BESS,13.642105,239.148366,Grid,100.0
S1: Grid + RICE + Hybrid BESS,13.894737,243.212598,Grid,100.0
S1: Grid + RICE + Hybrid BESS,14.147368,243.424454,Grid,100.0
S1: Grid + RICE + Hybrid BESS,14.4,241.582112,Grid,100.0
S1: Grid + RICE + Hybrid BESS,14.652632,240.133459,Grid,100.0
S1: Grid + RICE + Hybrid BESS,14.905263,240.384649,Grid,100.0
S1: Grid + RICE + Hybrid BESS,15.157895,241.264673,Grid,100.0
S1: Grid + RICE + Hybrid BESS,15.410526,241.392927,Grid,100.0
S1: Grid + RICE + Hybrid BESS,15.663158,237.458336,Grid,100.0
S1: Grid + RICE + Hybrid BESS,15.915789,231.52949,Grid,100.0
S1: Grid + RICE + Hybrid BESS,16.168421,234.102006,Grid,100.0
S1: Grid + RICE + Hybrid BESS,16.421053,237.144863,Grid,100.0
S1: Grid + RICE + Hybrid BESS,16.673684,238.766237,Grid,100.0
S1: Grid + RICE + Hybrid BESS,16.926316,243.151698,Grid,100.0
S1: Grid + RICE + Hybrid BESS,17.178947,240.764714,Grid,100.0
S1: Grid + RICE + Hybrid BESS,17.431579,234.359733,Grid,100.0
S1: Grid + RICE + Hybrid BESS,17.684211,233.904346,Grid,100.0
S1: Grid + RICE + Hybrid BESS,17.936842,233.569328,Grid,100.0
S1: Grid + RICE + Hybrid BESS,18.189474,230.77739,Grid,100.0
S1: Grid + RICE + Hybrid BESS,18.442105,234.382288,Grid,100.0
S1: Grid + RICE + Hybrid BESS,18.694737,224.894864,Grid,100.0
S1: Grid + RICE + Hybrid BESS,18.947368,220.961434,Grid,100.0
S1: Grid + RICE + Hybrid BESS,19.2,219.023883,Grid,100.0
S1: Grid + RICE + Hybrid BESS,19.452632,212.025596,Grid,100.0
S1: Grid + RICE + Hybrid BESS,19.705263,216.378291,Grid,100.0
S1: Grid + RICE + Hybrid BESS,19.957895,206.849427,Grid,100.0
S1: Grid + RICE + Hybrid BESS,20.210526,203.506378,Grid,100.0
S1: Grid + RICE + Hybrid BESS,20.463158,202.507636,Grid,100.0
S1: Grid + RICE + Hybrid BESS,20.715789,203.279618,Grid,100.0
S1: Grid + RICE + Hybrid BESS,20.968421,204.213857,Grid,100.0
S1: Grid + RICE + Hybrid BESS,21.221053,199.965939,Grid,100.0
S1: Grid + RICE + Hybrid BESS,21.473684,195.014963,Grid,100.0
S1: Grid + RICE + Hybrid BESS,21.726316,190.786003,Grid,100.0
S1: Grid + RICE + Hybrid BESS,21.978947,190.070966,Grid,100.0
S1: Grid + RICE + Hybrid BESS,22.231579,187.93445,Grid,100.0
S1: Grid + RICE + Hybrid BESS,22.484211,187.647006,Grid,100.0
S1: Grid + RICE + Hybrid BESS,22.736842,182.79361,Grid,100.0
S1: Grid + RICE + Hybrid BESS,22.989474,181.612203,Grid,100.0
S1: Grid + RICE + Hybrid BESS,23.242105,178.435705,Grid,100.0
S1: Grid + RICE + Hybrid BESS,23.494737,173.631815,Grid,100.0
S1: Grid + RICE + Hybrid BESS,23.747368,169.760164,Grid,100.0
S1: Grid + RICE + Hybrid BESS,24.0,161.092467,Grid,100.0
S1: Grid + RICE + Hybrid BESS,0.0,146.220746,RICE,76.220746
S1: Grid + RICE + Hybrid BESS,0.252632,142.493761,RICE,72.493761
S1: Grid + RICE + Hybrid BESS,0.505263,143.661607,RICE,73.661607
S1: Grid + RICE + Hybrid BESS,0.757895,146.396692,RICE,76.396692
S1: Grid + RICE + Hybrid BESS,1.010526,144.495891,RICE,74.495891
S1: Grid + RICE + Hybrid BESS,1.263158,144.343225,RICE,74.343225
S1: Grid + RICE + Hybrid BESS,1.515789,146.919418,RICE,76.919418
S1: Grid + RICE + Hybrid BESS,1.768421,145.437384,RICE,75.437384
S1: Grid + RICE + Hybrid BESS,2.021053,145.4143,RICE,75.4143
S1: Grid + RICE + Hybrid BESS,2.273684,148.07771,RICE,78.07771
S1: Grid + RICE + Hybrid BESS,2.526316,143.846932,RICE,73.846932
S1: Grid + RICE + Hybrid BESS,2.778947,141.791134,RICE,71.791134
S1: Grid + RICE + Hybrid BESS,3.031579,144.744855,RICE,74.744855
S1: Grid + RICE + Hybrid BESS,3.284211,139.924624,RICE,69.924624
S1: Grid + RICE + Hybrid BESS,3.536842,138.230245,RICE,68.230245
S1: Grid + RICE + Hybrid BESS,3.789474,139.583534,RICE,69.583534
S1: Grid + RICE + Hybrid BESS,4.042105,138.171424,RICE,68.171424
S1: Grid + RICE + Hybrid BESS,4.294737,145.589762,RICE,75.589762
S1: Grid + RICE + Hybrid BESS,4.547368,149.60022,RICE,79.60022
S1: Grid + RICE + Hybrid BESS,4.8,149.555785,RICE,79.555785
S1: Grid + RICE + Hybrid BESS,5.052632,157.938285,RICE,87.938285
S1: Grid + RICE + Hybrid BESS,5.305263,158.873198,RICE,88.873198
S1: Grid + RICE + Hybrid BESS,5.557895,163.688381,RICE,93.688381
S1: Grid + RICE + Hybrid BESS,5.810526,166.117267,RICE,96.117267
S1: Grid + RICE + Hybrid BESS,6.063158,163.627976,RICE,63.627976
S1: Grid + RICE + Hybrid BESS,6.315789,167.073156,RICE,67.073156
S1: Grid + RICE + Hybrid BESS,6.568421,166.689563,RICE,66.689563
S1: Grid + RICE + Hybrid BESS,6.821053,173.904114,RICE,73.904114
S1: Grid + RICE + Hybrid BESS,7.073684,176.518915,RICE,76.518915
S1: Grid + RICE + Hybrid BESS,7.326316,178.300969,RICE,78.300969
S1: Grid + RICE + Hybrid BESS,7.578947,182.486974,RICE,82.486974
S1: Grid + RICE + Hybrid BESS,7.831579,189.006368,RICE,89.006368
S1: Grid + RICE + Hybrid BESS,8.084211,193.308235,RICE,93.308235
S1: Grid + RICE + Hybrid BESS,8.336842,194.22417,RICE,94.22417
S1: Grid + RICE + Hybrid BESS,8.589474,200.603646,RICE,100.603646
S1: Grid + RICE + Hybrid BESS,8.842105,195.7185,RICE,95.7185
S1: Grid + RICE + Hybrid BESS,9.094737,199.041884,RICE,99.041884
S1: Grid + RICE + Hybrid BESS,9.347368,199.515399,RICE,99.515399
S1: Grid + RICE + Hybrid BESS,9.6,196.819151,RICE,96.819151
S1: Grid + RICE + Hybrid BESS,9.852632,202.987544,RICE,102.987544
S1: Grid + RICE + Hybrid BESS,10.105263,206.870804,RICE,106.870804
S1: Grid + RICE + Hybrid BESS,10.357895,214.684552,RICE,114.684552
S1: Grid + RICE + Hybrid BESS,10.610526,220.120959,RICE,120.120959
S1: Grid + RICE + Hybrid BESS,10.863158,221.192293,RICE,121.192293
S1: Grid + RICE + Hybrid BESS,11.115789,217.869809,RICE,117.869809
S1: Grid + RICE + Hybrid BESS,11.368421,217.758375,RICE,117.758375
S1: Grid + RICE + Hybrid BESS,11.621053,218.902304,RICE,118.902304
S1: Grid + RICE + Hybrid BESS,11.873684,224.187636,RICE,124.187636
S1: Grid + RICE + Hybrid BESS,12.126316,230.510044,RICE,130.510044
S1: Grid + RICE + Hybrid BESS,12.378947,229.540724,RICE,129.540724
S1: Grid + RICE + Hybrid BESS,12.631579,233.007549,RICE,133.007549
S1: Grid + RICE + Hybrid BESS,12.884211,230.768568,RICE,130.768568
S1: Grid + RICE + Hybrid BESS,13.136842,229.44087,RICE,129.44087
S1: Grid + RICE + Hybrid BESS,13.389474,236.454504,RICE,136.454504
S1: Grid + RICE + Hybrid BESS,13.642105,239.148366,RICE,139.148366
S1: Grid + RICE + Hybrid BESS,13.894737,243.212598,RICE,143.212598
S1: Grid + RICE + Hybrid BESS,14.147368,243.424454,RICE,143.424454
S1: Grid + RICE + Hybrid BESS,14.4,241.582112,RICE,141.582112
S1: Grid + RICE + Hybrid BESS,14.652632,240.133459,RICE,140.133459
S1: Grid + RICE + Hybrid BESS,14.905263,240.384649,RICE,140.384649
S1: Grid + RICE + Hybrid BESS,15.157895,241.264673,RICE,141.264673
S1: Grid + RICE + Hybrid BESS,15.410526,241.392927,RICE,141.392927
S1: Grid + RICE + Hybrid BESS,15.663158,237.458336,RICE,137.458336
S1: Grid + RICE + Hybrid BESS,15.915789,231.52949,RICE,131.52949
S1: Grid + RICE + Hybrid BESS,16.168421,234.102006,RICE,134.102006
S1: Grid + RICE + Hybrid BESS,16.421053,237.144863,RICE,137.144863
S1: Grid + RICE + Hybrid BESS,16.673684,238.766237,RICE,138.766237
S1: Grid + RICE + Hybrid BESS,16.926316,243.151698,RICE,143.151698
S1: Grid + RICE + Hybrid BESS,17.178947,240.764714,RICE,140.764714
S1: Grid + RICE + Hybrid BESS,17.431579,234.359733,RICE,134.359733
S1: Grid + RICE + Hybrid BESS,17.684211,233.904346,RICE,133.904346
S1: Grid + RICE + Hybrid BESS,17.936842,233.569328,RICE,133.569328
S1: Grid + RICE + Hybrid BESS,18.189474,230.77739,RICE,100.77739
S1: Grid + RICE + Hybrid BESS,18.442105,234.382288,RICE,104.382288
S1: Grid + RICE + Hybrid BESS,18.694737,224.894864,RICE,94.894864
S1: Grid + RICE + Hybrid BESS,18.947368,220.961434,RICE,90.961434
S1: Grid + RICE + Hybrid BESS,19.2,219.023883,RICE,119.023883
S1: Grid + RICE + Hybrid BESS,19.452632,212.025596,RICE,112.025596
S1: Grid + RICE + Hybrid BESS,19.705263,216.378291,RICE,116.378291
S1: Grid + RICE + Hybrid BESS,19.957895,206.849427,RICE,106.849427
S1: Grid + RICE + Hybrid BESS,20.210526,203.506378,RICE,103.506378
S1: Grid + RICE + Hybrid BESS,20.463158,202.507636,RICE,102.507636
S1: Grid + RICE + Hybrid BESS,20.715789,203.279618,RICE,103.279618
S1: Grid + RICE + Hybrid BESS,20.968421,204.213857,RICE,104.213857
S1: Grid + RICE + Hybrid BESS,21.221053,199.965939,RICE,99.965939
S1: Grid + RICE + Hybrid BESS,21.473684,195.014963,RICE,95.014963
S1: Grid + RICE + Hybrid BESS,21.726316,190.786003,RICE,90.786003
S1: Grid + RICE + Hybrid BESS,21.978947,190.070966,RICE,90.070966
S1: Grid + RICE + Hybrid BESS,22.231579,187.93445,RICE,87.93445
S1: Grid + RICE + Hybrid BESS,22.484211,187.647006,RICE,87.647006
S1: Grid + RICE + Hybrid BESS,22.736842,182.79361,RICE,82.79361
S1: Grid + RICE + Hybrid BESS,22.989474,181.612203,RICE,81.612203
S1: Grid + RICE + Hybrid BESS,23.242105,178.435705,RICE,78.435705
S1: Grid + RICE + Hybrid BESS,23.494737,173.631815,RICE,73.631815
S1: Grid + RICE + Hybrid BESS,23.747368,169.760164,RICE,69.760164
S1: Grid + RICE + Hybrid BESS,24.0,161.092467,RICE,61.092467
S1: Grid + RICE + Hybrid BESS,0.0,146.220746,Solar PPA,0.0
S1: Grid + RICE + Hybrid BESS,0.252632,142.493761,Solar PPA,0.0
S1: Grid + RICE + Hybrid BESS,0.505263,143.661607,Solar PPA,0.0
S1: Grid + RICE + Hybrid BESS,0.757895,146.396692,Solar PPA,0.0
S1: Grid + RICE + Hybrid BESS,1.010526,144.495891,Solar PPA,0.0
S1: Grid + RICE + Hybrid BESS,1.263158,144.343225,Solar PPA,0.0
S1: Grid + RICE + Hybrid BESS,1.515789,146.919418,Solar PPA,0.0
S1: Grid + RICE + Hybrid BESS,1.768421,145.437384,Solar PPA,0.0
S1: Grid + RICE + Hybrid BESS,2.021053,145.4143,Solar PPA,0.0
S1: Grid + RICE + Hybrid BESS,2.273684,148.07771,Solar PPA,0.0
S1: Grid + RICE + Hybrid BESS,2.526316,143.846932,Solar PPA,0.0
S1: Grid + RICE + Hybrid BESS,2.778947,141.791134,Solar PPA,0.0
S1: Grid + RICE + Hybrid BESS,3.031579,144.744855,Solar PPA,0.0
S1: Grid + RICE + Hybrid BESS,3.284211,139.924624,Solar PPA,0.0
S1: Grid + RICE + Hybrid BESS,3.536842,138.230245,Solar PPA,0.0
S1: Grid + RICE + Hybrid BESS,3.789474,139.583534,Solar PPA,0.0
S1: Grid + RICE + Hybrid BESS,4.042105,138.171424,Solar PPA,0.0
S1: Grid + RICE + Hybrid BESS,4.294737,145.589762,Solar PPA,0.0
S1: Grid + RICE + Hybrid BESS,4.547368,149.60022,Solar PPA,0.0
S1: Grid + RICE + Hybrid BESS,4.8,149.555785,Solar PPA,0.0
S1: Grid + RICE + Hybrid BESS,5.052632,157.938285,Solar PPA,0.0
S1: Grid + RICE + Hybrid BESS,5.305263,158.873198,Solar PPA,0.0
S1: Grid + RICE + Hybrid BESS,5.557895,163.688381,Solar PPA,0.0
S1: Grid + RICE + Hybrid BESS,5.810526,166.117267,Solar PPA,0.0
S1: Grid + RICE + Hybrid BESS,6.063158,163.627976,Solar PPA,0.0
S1: Grid + RICE + Hybrid BESS,6.315789,167.073156,Solar PPA,0.0
S1: Grid + RICE + Hybrid BESS,6.568421,166.689563,Solar PPA,0.0
S1: Grid + RICE + Hybrid BESS,6.821053,173.904114,Solar PPA,0.0
S1: Grid + RICE + Hybrid BESS,7.073684,176.518915,Solar PPA,0.0
S1: Grid + RICE + Hybrid BESS,7.326316,178.300969,Solar PPA,0.0
S1: Grid + RICE + Hybrid BESS,7.578947,182.486974,Solar PPA,0.0
S1: Grid + RICE + Hybrid BESS,7.831579,189.006368,Solar PPA,0.0
S1: Grid + RICE + Hybrid BESS,8.084211,193.308235,Solar PPA,0.0
S1: Grid + RICE + Hybrid BESS,8.336842,194.22417,Solar PPA,0.0
S1: Grid + RICE + Hybrid BESS,8.589474,200.603646,Solar PPA,0.0
S1: Grid + RICE + Hybrid BESS,8.842105,195.7185,Solar PPA,0.0
S1: Grid + RICE + Hybrid BESS,9.094737,199.041884,Solar PPA,0.0
S1: Grid + RICE + Hybrid BESS,9.347368,199.515399,Solar PPA,0.0
S1: Grid + RICE + Hybrid BESS,9.6,196.819151,Solar PPA,0.0
S1: Grid + RICE + Hybrid BESS,9.852632,202.987544,Solar PPA,0.0
S1: Grid + RICE + Hybrid BESS,10.105263,206.870804,Solar PPA,0.0
S1: Grid + RICE + Hybrid BESS,10.357895,214.684552,Solar PPA,0.0
S1: Grid + RICE + Hybrid BESS,10.610526,220.120959,Solar PPA,0.0
S1: Grid + RICE + Hybrid BESS,10.863158,221.192293,Solar PPA,0.0
S1: Grid + RICE + Hybrid BESS,11.115789,217.869809,Solar PPA,0.0
S1: Grid + RICE + Hybrid BESS,11.368421,217.758375,Solar PPA,0.0
S1: Grid + RICE + Hybrid BESS,11.621053,218.902304,Solar PPA,0.0
S1: Grid + RICE + Hybrid BESS,11.873684,224.187636,Solar PPA,0.0
S1: Grid + RICE + Hybrid BESS,12.126316,230.510044,Solar PPA,0.0
S1: Grid + RICE + Hybrid BESS,12.378947,229.540724,Solar PPA,0.0
S1: Grid + RICE + Hybrid BESS,12.631579,233.007549,Solar PPA,0.0
S1: Grid + RICE + Hybrid BESS,12.884211,230.768568,Solar PPA,0.0
S1: Grid + RICE + Hybrid BESS,13.136842,229.44087,Solar PPA,0.0
S1: Grid + RICE + Hybrid BESS,13.389474,236.454504,Solar PPA,0.0
S1: Grid + RICE + Hybrid BESS,13.642105,239.148366,Solar PPA,0.0
S1: Grid + RICE + Hybrid BESS,13.894737,243.212598,Solar PPA,0.0
S1: Grid + RICE + Hybrid BESS,14.147368,243.424454,Solar PPA,0.0
S1: Grid + RICE + Hybrid BESS,14.4,241.582112,Solar PPA,0.0
S1: Grid + RICE + Hybrid BESS,14.652632,240.133459,Solar PPA,0.0
S1: Grid + RICE + Hybrid BESS,14.905263,240.384649,Solar PPA,0.0
S1: Grid + RICE + Hybrid BESS,15.157895,241.264673,Solar PPA,0.0
S1: Grid + RICE + Hybrid BESS,15.410526,241.392927,Solar PPA,0.0
S1: Grid + RICE + Hybrid BESS,15.663158,237.458336,Solar PPA,0.0
S1: Grid + RICE + Hybrid BESS,15.915789,231.52949,Solar PPA,0.0
S1: Grid + RICE + Hybrid BESS,16.168421,234.102006,Solar PPA,0.0
S1: Grid + RICE + Hybrid BESS,16.421053,237.144863,Solar PPA,0.0
S1: Grid + RICE + Hybrid BESS,16.673684,238.766237,Solar PPA,0.0
S1: Grid + RICE + Hybrid BESS,16.926316,243.151698,Solar PPA,0.0
S1: Grid + RICE + Hybrid BESS,17.178947,240.764714,Solar PPA,0.0
S1: Grid + RICE + Hybrid BESS,17.431579,234.359733,Solar PPA,0.0
S1: Grid + RICE + Hybrid BESS,17.684211,233.904346,Solar PPA,0.0
S1: Grid + RICE + Hybrid BESS,17.936842,233.569328,Solar PPA,0.0
S1: Grid + RICE + Hybrid BESS,18.189474,230.77739,Solar PPA,0.0
S1: Grid + RICE + Hybrid BESS,18.442105,234.382288,Solar PPA,0.0
S1: Grid + RICE + Hybrid BESS,18.694737,224.894864,Solar PPA,0.0
S1: Grid + RICE + Hybrid BESS,18.947368,220.961434,Solar PPA,0.0
S1: Grid + RICE + Hybrid BESS,19.2,219.023883,Solar PPA,0.0
S1: Grid + RICE + Hybrid BESS,19.452632,212.025596,Solar PPA,0.0
S1: Grid + RICE + Hybrid BESS,19.705263,216.378291,Solar PPA,0.0
S1: Grid + RICE + Hybrid BESS,19.957895,206.849427,Solar PPA,0.0
S1: Grid + RICE + Hybrid BESS,20.210526,203.506378,Solar PPA,0.0
S1: Grid + RICE + Hybrid BESS,20.463158,202.507636,Solar PPA,0.0
S1: Grid + RICE + Hybrid BESS,20.715789,203.279618,Solar PPA,0.0
S1: Grid + RICE + Hybrid BESS,20.968421,204.213857,Solar PPA,0.0
S1: Grid + RICE + Hybrid BESS,21.221053,199.965939,Solar PPA,0.0
S1: Grid + RICE + Hybrid BESS,21.473684,195.014963,Solar PPA,0.0
S1: Grid + RICE + Hybrid BESS,21.726316,190.786003,Solar PPA,0.0
S1: Grid + RICE + Hybrid BESS,21.978947,190.070966,Solar PPA,0.0
S1: Grid + RICE + Hybrid BESS,22.231579,187.93445,Solar PPA,0.0
S1: Grid + RICE + Hybrid BESS,22.484211,187.647006,Solar PPA,0.0
S1: Grid + RICE + Hybrid BESS,22.736842,182.79361,Solar PPA,0.0
S1: Grid + RICE + Hybrid BESS,22.989474,181.612203,Solar PPA,0.0
S1: Grid + RICE + Hybrid BESS,23.242105,178.435705,Solar PPA,0.0
S1: Grid + RICE + Hybrid BESS,23.494737,173.631815,Solar PPA,0.0
S1: Grid + RICE + Hybrid BESS,23.747368,169.760164,Solar PPA,0.0
S1: Grid + RICE + Hybrid BESS,24.0,161.092467,Solar PPA,0.0
S1: Grid + RICE + Hybrid BESS,0.0,146.220746,Geothermal,0.0
S1: Grid + RICE + Hybrid BESS,0.252632,142.493761,Geothermal,0.0
S1: Grid + RICE + Hybrid BESS,0.505263,143.661607,Geothermal,0.0
S1: Grid + RICE + Hybrid BESS,0.757895,146.396692,Geothermal,0.0
S1: Grid + RICE + Hybrid BESS,1.010526,144.495891,Geothermal,0.0
S1: Grid + RICE + Hybrid BESS,1.263158,144.343225,Geothermal,0.0
S1: Grid + RICE + Hybrid BESS,1.515789,146.919418,Geothermal,0.0
S1: Grid + RICE + Hybrid BESS,1.768421,145.437384,Geothermal,0.0
S1: Grid + RICE + Hybrid BESS,2.021053,145.4143,Geothermal,0.0
S1: Grid + RICE + Hybrid BESS,2.273684,148.07771,Geothermal,0.0
S1: Grid + RICE + Hybrid BESS,2.526316,143.846932,Geothermal,0.0
S1: Grid + RICE + Hybrid BESS,2.778947,141.791134,Geothermal,0.0
S1: Grid + RICE + Hybrid BESS,3.031579,144.744855,Geothermal,0.0
S1: Grid + RICE + Hybrid BESS,3.284211,139.924624,Geothermal,0.0
S1: Grid + RICE + Hybrid BESS,3.536842,138.230245,Geothermal,0.0
S1: Grid + RICE + Hybrid BESS,3.789474,139.583534,Geothermal,0.0
S1: Grid + RICE + Hybrid BESS,4.042105,138.171424,Geothermal,0.0
S1: Grid + RICE + Hybrid BESS,4.294737,145.589762,Geothermal,0.0
S1: Grid + RICE + Hybrid BESS,4.547368,149.60022,Geothermal,0.0
S1: Grid + RICE + Hybrid BESS,4.8,149.555785,Geothermal,0.0
S1: Grid + RICE + Hybrid BESS,5.052632,157.938285,Geothermal,0.0
S1: Grid + RICE + Hybrid BESS,5.305263,158.873198,Geothermal,0.0
S1: Grid + RICE + Hybrid BESS,5.557895,163.688381,Geothermal,0.0
S1: Grid + RICE + Hybrid BESS,5.810526,166.117267,Geothermal,0.0
S1: Grid + RICE + Hybrid BESS,6.063158,163.627976,Geothermal,0.0
S1: Grid + RICE + Hybrid BESS,6.315789,167.073156,Geothermal,0.0
S1: Grid + RICE + Hybrid BESS,6.568421,166.689563,Geothermal,0.0
S1: Grid + RICE + Hybrid BESS,6.821053,173.904114,Geothermal,0.0
S1: Grid + RICE + Hybrid BESS,7.073684,176.518915,Geothermal,0.0
S1: Grid + RICE + Hybrid BESS,7.326316,178.300969,Geothermal,0.0
S1: Grid + RICE + Hybrid BESS,7.578947,182.486974,Geothermal,0.0
S1: Grid + RICE + Hybrid BESS,7.831579,189.006368,Geothermal,0.0
S1: Grid + RICE + Hybrid BESS,8.084211,193.308235,Geothermal,0.0
S1: Grid + RICE + Hybrid BESS,8.336842,194.22417,Geothermal,0.0
S1: Grid + RICE + Hybrid BESS,8.589474,200.603646,Geothermal,0.0
S1: Grid + RICE + Hybrid BESS,8.842105,195.7185,Geothermal,0.0
S1: Grid + RICE + Hybrid BESS,9.094737,199.041884,Geothermal,0.0
S1: Grid + RICE + Hybrid BESS,9.347368,199.515399,Geothermal,0.0
S1: Grid + RICE + Hybrid BESS,9.6,196.819151,Geothermal,0.0
S1: Grid + RICE + Hybrid BESS,9.852632,202.987544,Geothermal,0.0
S1: Grid + RICE + Hybrid BESS,10.105263,206.870804,Geothermal,0.0
S1: Grid + RICE + Hybrid BESS,10.357895,214.684552,Geothermal,0.0
S1: Grid + RICE + Hybrid BESS,10.610526,220.120959,Geothermal,0.0
S1: Grid + RICE + Hybrid BESS,10.863158,221.192293,Geothermal,0.0
S1: Grid + RICE + Hybrid BESS,11.115789,217.869809,Geothermal,0.0
S1: Grid + RICE + Hybrid BESS,11.368421,217.758375,Geothermal,0.0
S1: Grid + RICE + Hybrid BESS,11.621053,218.902304,Geothermal,0.0
S1: Grid + RICE + Hybrid BESS,11.873684,224.187636,Geothermal,0.0
S1: Grid + RICE + Hybrid BESS,12.126316,230.510044,Geothermal,0.0
S1: Grid + RICE + Hybrid BESS,12.378947,229.540724,Geothermal,0.0
S1: Grid + RICE + Hybrid BESS,12.631579,233.007549,Geothermal,0.0
S1: Grid + RICE + Hybrid BESS,12.884211,230.768568,Geothermal,0.0
S1: Grid + RICE + Hybrid BESS,13.136842,229.44087,Geothermal,0.0
S1: Grid + RICE + Hybrid BESS,13.389474,236.454504,Geothermal,0.0
S1: Grid + RICE + Hybrid BESS,13.642105,239.148366,Geothermal,0.0
S1: Grid + RICE + Hybrid BESS,13.894737,243.212598,Geothermal,0.0
S1: Grid + RICE + Hybrid BESS,14.147368,243.424454,Geothermal,0.0
S1: Grid + RICE + Hybrid BESS,14.4,241.582112,Geothermal,0.0
S1: Grid + RICE + Hybrid BESS,14.652632,240.133459,Geothermal,0.0
S1: Grid + RICE + Hybrid BESS,14.905263,240.384649,Geothermal,0.0
S1: Grid + RICE + Hybrid BESS,15.157895,241.264673,Geothermal,0.0
S1: Grid + RICE + Hybrid BESS,15.410526,241.392927,Geothermal,0.0
S1: Grid + RICE + Hybrid BESS,15.663158,237.458336,Geothermal,0.0
S1: Grid + RICE + Hybrid BESS,15.915789,231.52949,Geothermal,0.0
S1: Grid + RICE + Hybrid BESS,16.168421,234.102006,Geothermal,0.0
S1: Grid + RICE + Hybrid BESS,16.421053,237.144863,Geothermal,0.0
S1: Grid + RICE + Hybrid BESS,16.673684,238.766237,Geothermal,0.0
S1: Grid + RICE + Hybrid BESS,16.926316,243.151698,Geothermal,0.0
S1: Grid + RICE + Hybrid BESS,17.178947,240.764714,Geothermal,0.0
S1: Grid + RICE + Hybrid BESS,17.431579,234.359733,Geothermal,0.0
S1: Grid + RICE + Hybrid BESS,17.684211,233.904346,Geothermal,0.0
S1: Grid + RICE + Hybrid BESS,17.936842,233.569328,Geothermal,0.0
S1: Grid + RICE + Hybrid BESS,18.189474,230.77739,Geothermal,0.0
S1: Grid + RICE + Hybrid BESS,18.442105,234.382288,Geothermal,0.0
S1: Grid + RICE + Hybrid BESS,18.694737,224.894864,Geothermal,0.0
S1: Grid + RICE + Hybrid BESS,18.947368,220.961434,Geothermal,0.0
S1: Grid + RICE + Hybrid BESS,19.2,219.023883,Geothermal,0.0
S1: Grid + RICE + Hybrid BESS,19.452632,212.025596,Geothermal,0.0
S1: Grid + RICE + Hybrid BESS,19.705263,216.378291,Geothermal,0.0
S1: Grid + RICE + Hybrid BESS,19.957895,206.849427,Geothermal,0.0
S1: Grid + RICE + Hybrid BESS,20.210526,203.506378,Geothermal,0.0
S1: Grid + RICE + Hybrid BESS,20.463158,202.507636,Geothermal,0.0
S1: Grid + RICE + Hybrid BESS,20.715789,203.279618,Geothermal,0.0
S1: Grid + RICE + Hybrid BESS,20.968421,204.213857,Geothermal,0.0
S1: Grid + RICE + Hybrid BESS,21.221053,199.965939,Geothermal,0.0
S1: Grid + RICE + Hybrid BESS,21.473684,195.014963,Geothermal,0.0
S1: Grid + RICE + Hybrid BESS,21.726316,190.786003,Geothermal,0.0
S1: Grid + RICE + Hybrid BESS,21.978947,190.070966,Geothermal,0.0
S1: Grid + RICE + Hybrid BESS,22.231579,187.93445,Geothermal,0.0
S1: Grid + RICE + Hybrid BESS,22.484211,187.647006,Geothermal,0.0
S1: Grid + RICE + Hybrid BESS,22.736842,182.79361,Geothermal,0.0
S1: Grid + RICE + Hybrid BESS,22.989474,181.612203,Geothermal,0.0
S1: Grid + RICE + Hybrid BESS,23.242105,178.435705,Geothermal,0.0
S1: Grid + RICE + Hybrid BESS,23.494737,173.631815,Geothermal,0.0
S1: Grid + RICE + Hybrid BESS,23.747368,169.760164,Geothermal,0.0
S1: Grid + RICE + Hybrid BESS,24.0,161.092467,Geothermal,0.0
S1: Grid + RICE + Hybrid BESS,0.0,146.220746,SMR,0.0
S1: Grid + RICE + Hybrid BESS,0.252632,142.493761,SMR,0.0
S1: Grid + RICE + Hybrid BESS,0.505263,143.661607,SMR,0.0
S1: Grid + RICE + Hybrid BESS,0.757895,146.396692,SMR,0.0
S1: Grid + RICE + Hybrid BESS,1.010526,144.495891,SMR,0.0
S1: Grid + RICE + Hybrid BESS,1.263158,144.343225,SMR,0.0
S1: Grid + RICE + Hybrid BESS,1.515789,146.919418,SMR,0.0
S1: Grid + RICE + Hybrid BESS,1.768421,145.437384,SMR,0.0
S1: Grid + RICE + Hybrid BESS,2.021053,145.4143,SMR,0.0
S1: Grid + RICE + Hybrid BESS,2.273684,148.07771,SMR,0.0
S1: Grid + RICE + Hybrid BESS,2.526316,143.846932,SMR,0.0
S1: Grid + RICE + Hybrid BESS,2.778947,141.791134,SMR,0.0
S1: Grid + RICE + Hybrid BESS,3.031579,144.744855,SMR,0.0
S1: Grid + RICE + Hybrid BESS,3.284211,139.924624,SMR,0.0
S1: Grid + RICE + Hybrid BESS,3.536842,138.230245,SMR,0.0
S1: Grid + RICE + Hybrid BESS,3.789474,139.583534,SMR,0.0
S1: Grid + RICE + Hybrid BESS,4.042105,138.171424,SMR,0.0
S1: Grid + RICE + Hybrid BESS,4.294737,145.589762,SMR,0.0
S1: Grid + RICE + Hybrid BESS,4.547368,149.60022,SMR,0.0
S1: Grid + RICE + Hybrid BESS,4.8,149.555785,SMR,0.0
S1: Grid + RICE + Hybrid BESS,5.052632,157.938285,SMR,0.0
S1: Grid + RICE + Hybrid BESS,5.305263,158.873198,SMR,0.0
S1: Grid + RICE + Hybrid BESS,5.557895,163.688381,SMR,0.0
S1: Grid + RICE + Hybrid BESS,5.810526,166.117267,SMR,0.0
S1: Grid + RICE + Hybrid BESS,6.063158,163.627976,SMR,0.0
S1: Grid + RICE + Hybrid BESS,6.315789,167.073156,SMR,0.0
S1: Grid + RICE + Hybrid BESS,6.568421,166.689563,SMR,0.0
S1: Grid + RICE + Hybrid BESS,6.821053,173.904114,SMR,0.0
S1: Grid + RICE + Hybrid BESS,7.073684,176.518915,SMR,0.0
S1: Grid + RICE + Hybrid BESS,7.326316,178.300969,SMR,0.0
S1: Grid + RICE + Hybrid BESS,7.578947,182.486974,SMR,0.0
S1: Grid + RICE + Hybrid BESS,7.831579,189.006368,SMR,0.0
S1: Grid + RICE + Hybrid BESS,8.084211,193.308235,SMR,0.0
S1: Grid + RICE + Hybrid BESS,8.336842,194.22417,SMR,0.0
S1: Grid + RICE + Hybrid BESS,8.589474,200.603646,SMR,0.0
S1: Grid + RICE + Hybrid BESS,8.842105,195.7185,SMR,0.0
S1: Grid + RICE + Hybrid BESS,9.094737,199.041884,SMR,0.0
S1: Grid + RICE + Hybrid BESS,9.347368,199.515399,SMR,0.0
S1: Grid + RICE + Hybrid BESS,9.6,196.819151,SMR,0.0
S1: Grid + RICE + Hybrid BESS,9.852632,202.987544,SMR,0.0
S1: Grid + RICE + Hybrid BESS,10.105263,206.870804,SMR,0.0
S1: Grid + RICE + Hybrid BESS,10.357895,214.684552,SMR,0.0
S1: Grid + RICE + Hybrid BESS,10.610526,220.120959,SMR,0.0
S1: Grid + RICE + Hybrid BESS,10.863158,221.192293,SMR,0.0
S1: Grid + RICE + Hybrid BESS,11.115789,217.869809,SMR,0.0
S1: Grid + RICE + Hybrid BESS,11.368421,217.758375,SMR,0.0
S1: Grid + RICE + Hybrid BESS,11.621053,218.902304,SMR,0.0
S1: Grid + RICE + Hybrid BESS,11.873684,224.187636,SMR,0.0
S1: Grid + RICE + Hybrid BESS,12.126316,230.510044,SMR,0.0
S1: Grid + RICE + Hybrid BESS,12.378947,229.540724,SMR,0.0
S1: Grid + RICE + Hybrid BESS,12.631579,233.007549,SMR,0.0
S1: Grid + RICE + Hybrid BESS,12.884211,230.768568,SMR,0.0
S1: Grid + RICE + Hybrid BESS,13.136842,229.44087,SMR,0.0
S1: Grid + RICE + Hybrid BESS,13.389474,236.454504,SMR,0.0
S1: Grid + RICE + Hybrid BESS,13.642105,239.148366,SMR,0.0
S1: Grid + RICE + Hybrid BESS,13.894737,243.212598,SMR,0.0
S1: Grid + RICE + Hybrid BESS,14.147368,243.424454,SMR,0.0
S1: Grid + RICE + Hybrid BESS,14.4,241.582112,SMR,0.0
S1: Grid + RICE + Hybrid BESS,14.652632,240.133459,SMR,0.0
S1: Grid + RICE + Hybrid BESS,14.905263,240.384649,SMR,0.0
S1: Grid + RICE + Hybrid BESS,15.157895,241.264673,SMR,0.0
S1: Grid + RICE + Hybrid BESS,15.410526,241.392927,SMR,0.0
S1: Grid + RICE + Hybrid BESS,15.663158,237.458336,SMR,0.0
S1: Grid + RICE + Hybrid BESS,15.915789,231.52949,SMR,0.0
S1: Grid + RICE + Hybrid BESS,16.168421,234.102006,SMR,0.0
S1: Grid + RICE + Hybrid BESS,16.421053,237.144863,SMR,0.0
S1: Grid + RICE + Hybrid BESS,16.673684,238.766237,SMR,0.0
S1: Grid + RICE + Hybrid BESS,16.926316,243.151698,SMR,0.0
S1: Grid + RICE + Hybrid BESS,17.178947,240.764714,SMR,0.0
S1: Grid + RICE + Hybrid BESS,17.431579,234.359733,SMR,0.0
S1: Grid + RICE + Hybrid BESS,17.684211,233.904346,SMR,0.0
S1: Grid + RICE + Hybrid BESS,17.936842,233.569328,SMR,0.0
S1: Grid + RICE + Hybrid BESS,18.189474,230.77739,SMR,0.0
S1: Grid + RICE + Hybrid BESS,18.442105,234.382288,SMR,0.0
S1: Grid + RICE + Hybrid BESS,18.694737,224.894864,SMR,0.0
S1: Grid + RICE + Hybrid BESS,18.947368,220.961434,SMR,0.0
S1: Grid + RICE + Hybrid BESS,19.2,219.023883,SMR,0.0
S1: Grid + RICE + Hybrid BESS,19.452632,212.025596,SMR,0.0
S1: Grid + RICE + Hybrid BESS,19.705263,216.378291,SMR,0.0
S1: Grid + RICE + Hybrid BESS,19.957895,206.849427,SMR,0.0
S1: Grid + RICE + Hybrid BESS,20.210526,203.506378,SMR,0.0
S1: Grid + RICE + Hybrid BESS,20.463158,202.507636,SMR,0.0
S1: Grid + RICE + Hybrid BESS,20.715789,203.279618,SMR,0.0
S1: Grid + RICE + Hybrid BESS,20.968421,204.213857,SMR,0.0
S1: Grid + RICE + Hybrid BESS,21.221053,199.965939,SMR,0.0
S1: Grid + RICE + Hybrid BESS,21.473684,195.014963,SMR,0.0
S1: Grid + RICE + Hybrid BESS,21.726316,190.786003,SMR,0.0
S1: Grid + RICE + Hybrid BESS,21.978947,190.070966,SMR,0.0
S1: Grid + RICE + Hybrid BESS,22.231579,187.93445,SMR,0.0
S1: Grid + RICE + Hybrid BESS,22.484211,187.647006,SMR,0.0
S1: Grid + RICE + Hybrid BESS,22.736842,182.79361,SMR,0.0
S1: Grid + RICE + Hybrid BESS,22.989474,181.612203,SMR,0.0
S1: Grid + RICE + Hybrid BESS,23.242105,178.435705,SMR,0.0
S1: Grid + RICE + Hybrid BESS,23.494737,173.631815,SMR,0.0
S1: Grid + RICE + Hybrid BESS,23.747368,169.760164,SMR,0.0
S1: Grid + RICE + Hybrid BESS,24.0,161.092467,SMR,0.0
S1: Grid + RICE + Hybrid BESS,0.0,146.220746,Microturbines,0.0
S1: Grid + RICE + Hybrid BESS,0.252632,142.493761,Microturbines,0.0
S1: Grid + RICE + Hybrid BESS,0.505263,143.661607,Microturbines,0.0
S1: Grid + RICE + Hybrid BESS,0.757895,146.396692,Microturbines,0.0
S1: Grid + RICE + Hybrid BESS,1.010526,144.495891,Microturbines,0.0
S1: Grid + RICE + Hybrid BESS,1.263158,144.343225,Microturbines,0.0
S1: Grid + RICE + Hybrid BESS,1.515789,146.919418,Microturbines,0.0
S1: Grid + RICE + Hybrid BESS,1.768421,145.437384,Microturbines,0.0
S1: Grid + RICE + Hybrid BESS,2.021053,145.4143,Microturbines,0.0
S1: Grid + RICE + Hybrid BESS,2.273684,148.07771,Microturbines,0.0
S1: Grid + RICE + Hybrid BESS,2.526316,143.846932,Microturbines,0.0
S1: Grid + RICE + Hybrid BESS,2.778947,141.791134,Microturbines,0.0
S1: Grid + RICE + Hybrid BESS,3.031579,144.744855,Microturbines,0.0
S1: Grid + RICE + Hybrid BESS,3.284211,139.924624,Microturbines,0.0
S1: Grid + RICE + Hybrid BESS,3.536842,138.230245,Microturbines,0.0
S1: Grid + RICE + Hybrid BESS,3.789474,139.583534,Microturbines,0.0
S1: Grid + RICE + Hybrid BESS,4.042105,138.171424,Microturbines,0.0
S1: Grid + RICE + Hybrid BESS,4.294737,145.589762,Microturbines,0.0
S1: Grid + RICE + Hybrid BESS,4.547368,149.60022,Microturbines,0.0
S1: Grid + RICE + Hybrid BESS,4.8,149.555785,Microturbines,0.0
S1: Grid + RICE + Hybrid BESS,5.052632,157.938285,Microturbines,0.0
S1: Grid + RICE + Hybrid BESS,5.305263,158.873198,Microturbines,0.0
S1: Grid + RICE + Hybrid BESS,5.557895,163.688381,Microturbines,0.0
S1: Grid + RICE + Hybrid BESS,5.810526,166.117267,Microturbines,0.0
S1: Grid + RICE + Hybrid BESS,6.063158,163.627976,Microturbines,0.0
S1: Grid + RICE + Hybrid BESS,6.315789,167.073156,Microturbines,0.0
S1: Grid + RICE + Hybrid BESS,6.568421,166.689563,Microturbines,0.0
S1: Grid + RICE + Hybrid BESS,6.821053,173.904114,Microturbines,0.0
S1: Grid + RICE + Hybrid BESS,7.073684,176.518915,Microturbines,0.0
S1: Grid + RICE + Hybrid BESS,7.326316,178.300969,Microturbines,0.0
S1: Grid + RICE + Hybrid BESS,7.578947,182.486974,Microturbines,0.0
S1: Grid + RICE + Hybrid BESS,7.831579,189.006368,Microturbines,0.0
S1: Grid + RICE + Hybrid BESS,8.084211,193.308235,Microturbines,0.0
S1: Grid + RICE + Hybrid BESS,8.336842,194.22417,Microturbines,0.0
S1: Grid + RICE + Hybrid BESS,8.589474,200.603646,Microturbines,0.0
S1: Grid + RICE + Hybrid BESS,8.842105,195.7185,Microturbines,0.0
S1: Grid + RICE + Hybrid BESS,9.094737,199.041884,Microturbines,0.0
S1: Grid + RICE + Hybrid BESS,9.347368,199.515399,Microturbines,0.0
S1: Grid + RICE + Hybrid BESS,9.6,196.819151,Microturbines,0.0
S1: Grid + RICE + Hybrid BESS,9.852632,202.987544,Microturbines,0.0
S1: Grid + RICE + Hybrid BESS,10.105263,206.870804,Microturbines,0.0
S1: Grid + RICE + Hybrid BESS,10.357895,214.684552,Microturbines,0.0
S1: Grid + RICE + Hybrid BESS,10.610526,220.120959,Microturbines,0.0
S1: Grid + RICE + Hybrid BESS,10.863158,221.192293,Microturbines,0.0
S1: Grid + RICE + Hybrid BESS,11.115789,217.869809,Microturbines,0.0
S1: Grid + RICE + Hybrid BESS,11.368421,217.758375,Microturbines,0.0
S1: Grid + RICE + Hybrid BESS,11.621053,218.902304,Microturbines,0.0
S1: Grid + RICE + Hybrid BESS,11.873684,224.187636,Microturbines,0.0
S1: Grid + RICE + Hybrid BESS,12.126316,230.510044,Microturbines,0.0
S1: Grid + RICE + Hybrid BESS,12.378947,229.540724,Microturbines,0.0
S1: Grid + RICE + Hybrid BESS,12.631579,233.007549,Microturbines,0.0
S1: Grid + RICE + Hybrid BESS,12.884211,230.768568,Microturbines,0.0
S1: Grid + RICE + Hybrid BESS,13.136842,229.44087,Microturbines,0.0
S1: Grid + RICE + Hybrid BESS,13.389474,236.454504,Microturbines,0.0
S1: Grid + RICE + Hybrid BESS,13.642105,239.148366,Microturbines,0.0
S1: Grid + RICE + Hybrid BESS,13.894737,243.212598,Microturbines,0.0
S1: Grid + RICE + Hybrid BESS,14.147368,243.424454,Microturbines,0.0
S1: Grid + RICE + Hybrid BESS,14.4,241.582112,Microturbines,0.0
S1: Grid + RICE + Hybrid BESS,14.652632,240.133459,Microturbines,0.0
S1: Grid + RICE + Hybrid BESS,14.905263,240.384649,Microturbines,0.0
S1: Grid + RICE + Hybrid BESS,15.157895,241.264673,Microturbines,0.0
S1: Grid + RICE + Hybrid BESS,15.410526,241.392927,Microturbines,0.0
S1: Grid + RICE + Hybrid BESS,15.663158,237.458336,Microturbines,0.0
S1: Grid + RICE + Hybrid BESS,15.915789,231.52949,Microturbines,0.0
S1: Grid + RICE + Hybrid BESS,16.168421,234.102006,Microturbines,0.0
S1: Grid + RICE + Hybrid BESS,16.421053,237.144863,Microturbines,0.0
S1: Grid + RICE + Hybrid BESS,16.673684,238.766237,Microturbines,0.0
S1: Grid + RICE + Hybrid BESS,16.926316,243.151698,Microturbines,0.0
S1: Grid + RICE + Hybrid BESS,17.178947,240.764714,Microturbines,0.0
S1: Grid + RICE + Hybrid BESS,17.431579,234.359733,Microturbines,0.0
S1: Grid + RICE + Hybrid BESS,17.684211,233.904346,Microturbines,0.0
S1: Grid + RICE + Hybrid BESS,17.936842,233.569328,Microturbines,0.0
S1: Grid + RICE + Hybrid BESS,18.189474,230.77739,Microturbines,0.0
S1: Grid + RICE + Hybrid BESS,18.442105,234.382288,Microturbines,0.0
S1: Grid + RICE + Hybrid BESS,18.694737,224.894864,Microturbines,0.0
S1: Grid + RICE + Hybrid BESS,18.947368,220.961434,Microturbines,0.0
S1: Grid + RICE + Hybrid BESS,19.2,219.023883,Microturbines,0.0
S1: Grid + RICE + Hybrid BESS,19.452632,212.025596,Microturbines,0.0
S1: Grid + RICE + Hybrid BESS,19.705263,216.378291,Microturbines,0.0
S1: Grid + RICE + Hybrid BESS,19.957895,206.849427,Microturbines,0.0
S1: Grid + RICE + Hybrid BESS,20.210526,203.506378,Microturbines,0.0
S1: Grid + RICE + Hybrid BESS,20.463158,202.507636,Microturbines,0.0
S1: Grid + RICE + Hybrid BESS,20.715789,203.279618,Microturbines,0.0
S1: Grid + RICE + Hybrid BESS,20.968421,204.213857,Microturbines,0.0
S1: Grid + RICE + Hybrid BESS,21.221053,199.965939,Microturbines,0.0
S1: Grid + RICE + Hybrid BESS,21.473684,195.014963,Microturbines,0.0
S1: Grid + RICE + Hybrid BESS,21.726316,190.786003,Microturbines,0.0
S1: Grid + RICE + Hybrid BESS,21.978947,190.070966,Microturbines,0.0
S1: Grid + RICE + Hybrid BESS,22.231579,187.93445,Microturbines,0.0
S1: Grid + RICE + Hybrid BESS,22.484211,187.647006,Microturbines,0.0
S1: Grid + RICE + Hybrid BESS,22.736842,182.79361,Microturbines,0.0
S1: Grid + RICE + Hybrid BESS,22.989474,181.612203,Microturbines,0.0
S1: Grid + RICE + Hybrid BESS,23.242105,178.435705,Microturbines,0.0
S1: Grid + RICE + Hybrid BESS,23.494737,173.631815,Microturbines,0.0
S1: Grid + RICE + Hybrid BESS,23.747368,169.760164,Microturbines,0.0
S1: Grid + RICE + Hybrid BESS,24.0,161.092467,Microturbines,0.0
S1: Grid + RICE + Hybrid BESS,0.0,146.220746,BESS (Discharge),0.0
S1: Grid + RICE + Hybrid BESS,0.252632,142.493761,BESS (Discharge),0.0
S1: Grid + RICE + Hybrid BESS,0.505263,143.661607,BESS (Discharge),0.0
S1: Grid + RICE + Hybrid BESS,0.757895,146.396692,BESS (Discharge),0.0
S1: Grid + RICE + Hybrid BESS,1.010526,144.495891,BESS (Discharge),0.0
S1: Grid + RICE + Hybrid BESS,1.263158,144.343225,BESS (Discharge),0.0
S1: Grid + RICE + Hybrid BESS,1.515789,146.919418,BESS (Discharge),0.0
S1: Grid + RICE + Hybrid BESS,1.768421,145.437384,BESS (Discharge),0.0
S1: Grid + RICE + Hybrid BESS,2.021053,145.4143,BESS (Discharge),0.0
S1: Grid + RICE + Hybrid BESS,2.273684,148.07771,BESS (Discharge),0.0
S1: Grid + RICE + Hybrid BESS,2.526316,143.846932,BESS (Discharge),0.0
S1: Grid + RICE + Hybrid BESS,2.778947,141.791134,BESS (Discharge),0.0
S1: Grid + RICE + Hybrid BESS,3.031579,144.744855,BESS (Discharge),0.0
S1: Grid + RICE + Hybrid BESS,3.284211,139.924624,BESS (Discharge),0.0
S1: Grid + RICE + Hybrid BESS,3.536842,138.230245,BESS (Discharge),0.0
S1: Grid + RICE + Hybrid BESS,3.789474,139.583534,BESS (Discharge),0.0
S1: Grid + RICE + Hybrid BESS,4.042105,138.171424,BESS (Discharge),0.0
S1: Grid + RICE + Hybrid BESS,4.294737,145.589762,BESS (Discharge),0.0
S1: Grid + RICE + Hybrid BESS,4.547368,149.60022,BESS (Discharge),0.0
S1: Grid + RICE + Hybrid BESS,4.8,149.555785,BESS (Discharge),0.0
S1: Grid + RICE + Hybrid BESS,5.052632,157.938285,BESS (Discharge),0.0
S1: Grid + RICE + Hybrid BESS,5.305263,158.873198,BESS (Discharge),0.0
S1: Grid + RICE + Hybrid BESS,5.557895,163.688381,BESS (Discharge),0.0
S1: Grid + RICE + Hybrid BESS,5.810526,166.117267,BESS (Discharge),0.0
S1: Grid + RICE + Hybrid BESS,6.063158,163.627976,BESS (Discharge),0.0
S1: Grid + RICE + Hybrid BESS,6.315789,167.073156,BESS (Discharge),0.0
S1: Grid + RICE + Hybrid BESS,6.568421,166.689563,BESS (Discharge),0.0
S1: Grid + RICE + Hybrid BESS,6.821053,173.904114,BESS (Discharge),0.0
S1: Grid + RICE + Hybrid BESS,7.073684,176.518915,BESS (Discharge),0.0
S1: Grid + RICE + Hybrid BESS,7.326316,178.300969,BESS (Discharge),0.0
S1: Grid + RICE + Hybrid BESS,7.578947,182.486974,BESS (Discharge),0.0
S1: Grid + RICE + Hybrid BESS,7.831579,189.006368,BESS (Discharge),0.0
S1: Grid + RICE + Hybrid BESS,8.084211,193.308235,BESS (Discharge),0.0
S1: Grid + RICE + Hybrid BESS,8.336842,194.22417,BESS (Discharge),0.0
S1: Grid + RICE + Hybrid BESS,8.589474,200.603646,BESS (Discharge),0.0
S1: Grid + RICE + Hybrid BESS,8.842105,195.7185,BESS (Discharge),0.0
S1: Grid + RICE + Hybrid BESS,9.094737,199.041884,BESS (Discharge),0.0
S1: Grid + RICE + Hybrid BESS,9.347368,199.515399,BESS (Discharge),0.0
S1: Grid + RICE + Hybrid BESS,9.6,196.819151,BESS (Discharge),0.0
S1: Grid + RICE + Hybrid BESS,9.852632,202.987544,BESS (Discharge),0.0
S1: Grid + RICE + Hybrid BESS,10.105263,206.870804,BESS (Discharge),0.0
S1: Grid + RICE + Hybrid BESS,10.357895,214.684552,BESS (Discharge),0.0
S1: Grid + RICE + Hybrid BESS,10.610526,220.120959,BESS (Discharge),0.0
S1: Grid + RICE + Hybrid BESS,10.863158,221.192293,BESS (Discharge),0.0
S1: Grid + RICE + Hybrid BESS,11.115789,217.869809,BESS (Discharge),0.0
S1: Grid + RICE + Hybrid BESS,11.368421,217.758375,BESS (Discharge),0.0
S1: Grid + RICE + Hybrid BESS,11.621053,218.902304,BESS (Discharge),0.0
S1: Grid + RICE + Hybrid BESS,11.873684,224.187636,BESS (Discharge),0.0
S1: Grid + RICE + Hybrid BESS,12.126316,230.510044,BESS (Discharge),0.0
S1: Grid + RICE + Hybrid BESS,12.378947,229.540724,BESS (Discharge),0.0
S1: Grid + RICE + Hybrid BESS,12.631579,233.007549,BESS (Discharge),0.0
S1: Grid + RICE + Hybrid BESS,12.884211,230.768568,BESS (Discharge),0.0
S1: Grid + RICE + Hybrid BESS,13.136842,229.44087,BESS (Discharge),0.0
S1: Grid + RICE + Hybrid BESS,13.389474,236.454504,BESS (Discharge),0.0
S1: Grid + RICE + Hybrid BESS,13.642105,239.148366,BESS (Discharge),0.0
S1: Grid + RICE + Hybrid BESS,13.894737,243.212598,BESS (Discharge),0.0
S1: Grid + RICE + Hybrid BESS,14.147368,243.424454,BESS (Discharge),0.0
S1: Grid + RICE + Hybrid BESS,14.4,241.582112,BESS (Discharge),0.0
S1: Grid + RICE + Hybrid BESS,14.652632,240.133459,BESS (Discharge),0.0
S1: Grid + RICE + Hybrid BESS,14.905263,240.384649,BESS (Discharge),0.0
S1: Grid + RICE + Hybrid BESS,15.157895,241.264673,BESS (Discharge),0.0
S1: Grid + RICE + Hybrid BESS,15.410526,241.392927,BESS (Discharge),0.0
S1: Grid + RICE + Hybrid BESS,15.663158,237.458336,BESS (Discharge),0.0
S1: Grid + RICE + Hybrid BESS,15.915789,231.52949,BESS (Discharge),0.0
S1: Grid + RICE + Hybrid BESS,16.168421,234.102006,BESS (Discharge),0.0
S1: Grid + RICE + Hybrid BESS,16.421053,237.144863,BESS (Discharge),0.0
S1: Grid + RICE + Hybrid BESS,16.673684,238.766237,BESS (Discharge),0.0
S1: Grid + RICE + Hybrid BESS,16.926316,243.151698,BESS (Discharge),0.0
S1: Grid + RICE + Hybrid BESS,17.178947,240.764714,BESS (Discharge),0.0
S1: Grid + RICE + Hybrid BESS,17.431579,234.359733,BESS (Discharge),0.0
S1: Grid + RICE + Hybrid BESS,17.684211,233.904346,BESS (Discharge),0.0
S1: Grid + RICE + Hybrid BESS,17.936842,233.569328,BESS (Discharge),0.0
S1: Grid + RICE + Hybrid BESS,18.189474,230.77739,BESS (Discharge),30.0
S1: Grid + RICE + Hybrid BESS,18.442105,234.382288,BESS (Discharge),30.0
S1: Grid + RICE + Hybrid BESS,18.694737,224.894864,BESS (Discharge),30.0
S1: Grid + RICE + Hybrid BESS,18.947368,220.961434,BESS (Discharge),30.0
S1: Grid + RICE + Hybrid BESS,19.2,219.023883,BESS (Discharge),0.0
S1: Grid + RICE + Hybrid BESS,19.452632,212.025596,BESS (Discharge),0.0
S1: Grid + RICE + Hybrid BESS,19.705263,216.378291,BESS (Discharge),0.0
S1: Grid + RICE + Hybrid BESS,19.957895,206.849427,BESS (Discharge),0.0
S1: Grid + RICE + Hybrid BESS,20.210526,203.506378,BESS (Discharge),0.0
S1: Grid + RICE + Hybrid BESS,20.463158,202.507636,BESS (Discharge),0.0
S1: Grid + RICE + Hybrid BESS,20.715789,203.279618,BESS (Discharge),0.0
S1: Grid + RICE + Hybrid BESS,20.968421,204.213857,BESS (Discharge),0.0
S1: Grid + RICE + Hybrid BESS,21.221053,199.965939,BESS (Discharge),0.0
S1: Grid + RICE + Hybrid BESS,21.473684,195.014963,BESS (Discharge),0.0
S1: Grid + RICE + Hybrid BESS,21.726316,190.786003,BESS (Discharge),0.0
S1: Grid + RICE + Hybrid BESS,21.978947,190.070966,BESS (Discharge),0.0
S1: Grid + RICE + Hybrid BESS,22.231579,187.93445,BESS (Discharge),0.0
S1: Grid + RICE + Hybrid BESS,22.484211,187.647006,BESS (Discharge),0.0
S1: Grid + RICE + Hybrid BESS,22.736842,182.79361,BESS (Discharge),0.0
S1: Grid + RICE + Hybrid BESS,22.989474,181.612203,BESS (Discharge),0.0
S1: Grid + RICE + Hybrid BESS,23.242105,178.435705,BESS (Discharge),0.0
S1: Grid + RICE + Hybrid BESS,23.494737,173.631815,BESS (Discharge),0.0
S1: Grid + RICE + Hybrid BESS,23.747368,169.760164,BESS (Discharge),0.0
S1: Grid + RICE + Hybrid BESS,24.0,161.092467,BESS (Discharge),0.0
S1: Grid + RICE + Hybrid BESS,0.0,146.220746,BESS (Charge),30.0
S1: Grid + RICE + Hybrid BESS,0.252632,142.493761,BESS (Charge),30.0
S1: Grid + RICE + Hybrid BESS,0.505263,143.661607,BESS (Charge),30.0
S1: Grid + RICE + Hybrid BESS,0.757895,146.396692,BESS (Charge),30.0
S1: Grid + RICE + Hybrid BESS,1.010526,144.495891,BESS (Charge),30.0
S1: Grid + RICE + Hybrid BESS,1.263158,144.343225,BESS (Charge),30.0
S1: Grid + RICE + Hybrid BESS,1.515789,146.919418,BESS (Charge),30.0
S1: Grid + RICE + Hybrid BESS,1.768421,145.437384,BESS (Charge),30.0
S1: Grid + RICE + Hybrid BESS,2.021053,145.4143,BESS (Charge),30.0
S1: Grid + RICE + Hybrid BESS,2.273684,148.07771,BESS (Charge),30.0
S1: Grid + RICE + Hybrid BESS,2.526316,143.846932,BESS (Charge),30.0
S1: Grid + RICE + Hybrid BESS,2.778947,141.791134,BESS (Charge),30.0
S1: Grid + RICE + Hybrid BESS,3.031579,144.744855,BESS (Charge),30.0
S1: Grid + RICE + Hybrid BESS,3.284211,139.924624,BESS (Charge),30.0
S1: Grid + RICE + Hybrid BESS,3.536842,138.230245,BESS (Charge),30.0
S1: Grid + RICE + Hybrid BESS,3.789474,139.583534,BESS (Charge),30.0
S1: Grid + RICE + Hybrid BESS,4.042105,138.171424,BESS (Charge),30.0
S1: Grid + RICE + Hybrid BESS,4.294737,145.589762,BESS (Charge),30.0
S1: Grid + RICE + Hybrid BESS,4.547368,149.60022,BESS (Charge),30.0
S1: Grid + RICE + Hybrid BESS,4.8,149.555785,BESS (Charge),30.0
S1: Grid + RICE + Hybrid BESS,5.052632,157.938285,BESS (Charge),30.0
S1: Grid + RICE + Hybrid BESS,5.305263,158.873198,BESS (Charge),30.0
S1: Grid + RICE + Hybrid BESS,5.557895,163.688381,BESS (Charge),30.0
S1: Grid + RICE + Hybrid BESS,5.810526,166.117267,BESS (Charge),30.0
S1: Grid + RICE + Hybrid BESS,6.063158,163.627976,BESS (Charge),0.0
S1: Grid + RICE + Hybrid BESS,6.315789,167.073156,BESS (Charge),0.0
S1: Grid + RICE + Hybrid BESS,6.568421,166.689563,BESS (Charge),0.0
S1: Grid + RICE + Hybrid BESS,6.821053,173.904114,BESS (Charge),0.0
S1: Grid + RICE + Hybrid BESS,7.073684,176.518915,BESS (Charge),0.0
S1: Grid + RICE + Hybrid BESS,7.326316,178.300969,BESS (Charge),0.0
S1: Grid + RICE + Hybrid BESS,7.578947,182.486974,BESS (Charge),0.0
S1: Grid + RICE + Hybrid BESS,7.831579,189.006368,BESS (Charge),0.0
S1: Grid + RICE + Hybrid BESS,8.084211,193.308235,BESS (Charge),0.0
S1: Grid + RICE + Hybrid BESS,8.336842,194.22417,BESS (Charge),0.0
S1: Grid + RICE + Hybrid BESS,8.589474,200.603646,BESS (Charge),0.0
S1: Grid + RICE + Hybrid BESS,8.842105,195.7185,BESS (Charge),0.0
S1: Grid + RICE + Hybrid BESS,9.094737,199.041884,BESS (Charge),0.0
S1: Grid + RICE + Hybrid BESS,9.347368,199.515399,BESS (Charge),0.0
S1: Grid + RICE + Hybrid BESS,9.6,196.819151,BESS (Charge),0.0
S1: Grid + RICE + Hybrid BESS,9.852632,202.987544,BESS (Charge),0.0
S1: Grid + RICE + Hybrid BESS,10.105263,206.870804,BESS (Charge),0.0
S1: Grid + RICE + Hybrid BESS,10.357895,214.684552,BESS (Charge),0.0
S1: Grid + RICE + Hybrid BESS,10.610526,220.120959,BESS (Charge),0.0
S1: Grid + RICE + Hybrid BESS,10.863158,221.192293,BESS (Charge),0.0
S1: Grid + RICE + Hybrid BESS,11.115789,217.869809,BESS (Charge),0.0
S1: Grid + RICE + Hybrid BESS,11.368421,217.758375,BESS (Charge),0.0
S1: Grid + RICE + Hybrid BESS,11.621053,218.902304,BESS (Charge),0.0
S1: Grid + RICE + Hybrid BESS,11.873684,224.187636,BESS (Charge),0.0
S1: Grid + RICE + Hybrid BESS,12.126316,230.510044,BESS (Charge),0.0
S1: Grid + RICE + Hybrid BESS,12.378947,229.540724,BESS (Charge),0.0
S1: Grid + RICE + Hybrid BESS,12.631579,233.007549,BESS (Charge),0.0
S1: Grid + RICE + Hybrid BESS,12.884211,230.768568,BESS (Charge),0.0
S1: Grid + RICE + Hybrid BESS,13.136842,229.44087,BESS (Charge),0.0
S1: Grid + RICE + Hybrid BESS,13.389474,236.454504,BESS (Charge),0.0
S1: Grid + RICE + Hybrid BESS,13.642105,239.148366,BESS (Charge),0.0
S1: Grid + RICE + Hybrid BESS,13.894737,243.212598,BESS (Charge),0.0
S1: Grid + RICE + Hybrid BESS,14.147368,243.424454,BESS (Charge),0.0
S1: Grid + RICE + Hybrid BESS,14.4,241.582112,BESS (Charge),0.0
S1: Grid + RICE + Hybrid BESS,14.652632,240.133459,BESS (Charge),0.0
S1: Grid + RICE + Hybrid BESS,14.905263,240.384649,BESS (Charge),0.0
S1: Grid + RICE + Hybrid BESS,15.157895,241.264673,BESS (Charge),0.0
S1: Grid + RICE + Hybrid BESS,15.410526,241.392927,BESS (Charge),0.0
S1: Grid + RICE + Hybrid BESS,15.663158,237.458336,BESS (Charge),0.0
S1: Grid + RICE + Hybrid BESS,15.915789,231.52949,BESS (Charge),0.0
S1: Grid + RICE + Hybrid BESS,16.168421,234.102006,BESS (Charge),0.0
S1: Grid + RICE + Hybrid BESS,16.421053,237.144863,BESS (Charge),0.0
S1: Grid + RICE + Hybrid BESS,16.673684,238.766237,BESS (Charge),0.0
S1: Grid + RICE + Hybrid BESS,16.926316,243.151698,BESS (Charge),0.0
S1: Grid + RICE + Hybrid BESS,17.178947,240.764714,BESS (Charge),0.0
S1: Grid + RICE + Hybrid BESS,17.431579,234.359733,BESS (Charge),0.0
S1: Grid + RICE + Hybrid BESS,17.684211,233.904346,BESS (Charge),0.0
S1: Grid + RICE + Hybrid BESS,17.936842,233.569328,BESS (Charge),0.0
S1: Grid + RICE + Hybrid BESS,18.189474,230.77739,BESS (Charge),0.0
S1: Grid + RICE + Hybrid BESS,18.442105,234.382288,BESS (Charge),0.0
S1: Grid + RICE + Hybrid BESS,18.694737,224.894864,BESS (Charge),0.0
S1: Grid + RICE + Hybrid BESS,18.947368,220.961434,BESS (Charge),0.0
S1: Grid + RICE + Hybrid BESS,19.2,219.023883,BESS (Charge),0.0
S1: Grid + RICE + Hybrid BESS,19.452632,212.025596,BESS (Charge),0.0
S1: Grid + RICE + Hybrid BESS,19.705263,216.378291,BESS (Charge),0.0
S1: Grid + RICE + Hybrid BESS,19.957895,206.849427,BESS (Charge),0.0
S1: Grid + RICE + Hybrid BESS,20.210526,203.506378,BESS (Charge),0.0
S1: Grid + RICE + Hybrid BESS,20.463158,202.507636,BESS (Charge),0.0
S1: Grid + RICE + Hybrid BESS,20.715789,203.279618,BESS (Charge),0.0
S1: Grid + RICE + Hybrid BESS,20.968421,204.213857,BESS (Charge),0.0
S1: Grid + RICE + Hybrid BESS,21.221053,199.965939,BESS (Charge),0.0
S1: Grid + RICE + Hybrid BESS,21.473684,195.014963,BESS (Charge),0.0
S1: Grid + RICE + Hybrid BESS,21.726316,190.786003,BESS (Charge),0.0
S1: Grid + RICE + Hybrid BESS,21.978947,190.070966,BESS (Charge),0.0
S1: Grid + RICE + Hybrid BESS,22.231579,187.93445,BESS (Charge),0.0
S1: Grid + RICE + Hybrid BESS,22.484211,187.647006,BESS (Charge),0.0
S1: Grid + RICE + Hybrid BESS,22.736842,182.79361,BESS (Charge),0.0
S1: Grid + RICE + Hybrid BESS,22.989474,181.612203,BESS (Charge),0.0
S1: Grid + RICE + Hybrid BESS,23.242105,178.435705,BESS (Charge),0.0
S1: Grid + RICE + Hybrid BESS,23.494737,173.631815,BESS (Charge),0.0
S1: Grid + RICE + Hybrid BESS,23.747368,169.760164,BESS (Charge),0.0
S1: Grid + RICE + Hybrid BESS,24.0,161.092467,BESS (Charge),0.0
S2: Solar PPA + RICE + Hybrid BESS + Grid,0.0,146.220746,Grid,10.0
S2: Solar PPA + RICE + Hybrid BESS + Grid,0.252632,142.493761,Grid,10.0
S2: Solar PPA + RICE + Hybrid BESS + Grid,0.505263,143.661607,Grid,10.0
S2: Solar PPA + RICE + Hybrid BESS + Grid,0.757895,146.396692,Grid,10.0
S2: Solar PPA + RICE + Hybrid BESS + Grid,1.010526,144.495891,Grid,10.0
S2: Solar PPA + RICE + Hybrid BESS + Grid,1.263158,144.343225,Grid,10.0
S2: Solar PPA + RICE + Hybrid BESS + Grid,1.515789,146.919418,Grid,10.0
S2: Solar PPA + RICE + Hybrid BESS + Grid,1.768421,145.437384,Grid,10.0
S2: Solar PPA + RICE + Hybrid BESS + Grid,2.021053,145.4143,Grid,10.0
S2: Solar PPA + RICE + Hybrid BESS + Grid,2.273684,148.07771,Grid,10.0
S2: Solar PPA + RICE + Hybrid BESS + Grid,2.526316,143.846932,Grid,10.0
S2: Solar PPA + RICE + Hybrid BESS + Grid,2.778947,141.791134,Grid,10.0
S2: Solar PPA + RICE + Hybrid BESS + Grid,3.031579,144.744855,Grid,10.0
S2: Solar PPA + RICE + Hybrid BESS + Grid,3.284211,139.924624,Grid,10.0
S2: Solar PPA + RICE + Hybrid BESS + Grid,3.536842,138.230245,Grid,10.0
S2: Solar PPA + RICE + Hybrid BESS + Grid,3.789474,139.583534,Grid,10.0
S2: Solar PPA + RICE + Hybrid BESS + Grid,4.042105,138.171424,Grid,10.0
S2: Solar PPA + RICE + Hybrid BESS + Grid,4.294737,145.589762,Grid,10.0
S2: Solar PPA + RICE + Hybrid BESS + Grid,4.547368,149.60022,Grid,10.0
S2: Solar PPA + RICE + Hybrid BESS + Grid,4.8,149.555785,Grid,10.0
S2: Solar PPA + RICE + Hybrid BESS + Grid,5.052632,157.938285,Grid,10.0
S2: Solar PPA + RICE + Hybrid BESS + Grid,5.305263,158.873198,Grid,10.0
S2: Solar PPA + RICE + Hybrid BESS + Grid,5.557895,163.688381,Grid,10.0
S2: Solar PPA + RICE + Hybrid BESS + Grid,5.810526,166.117267,Grid,10.0
S2: Solar PPA + RICE + Hybrid BESS + Grid,6.063158,163.627976,Grid,10.0
S2: Solar PPA + RICE + Hybrid BESS + Grid,6.315789,167.073156,Grid,10.0
S2: Solar PPA + RICE + Hybrid BESS + Grid,6.568421,166.689563,Grid,10.0
S2: Solar PPA + RICE + Hybrid BESS + Grid,6.821053,173.904114,Grid,10.0
S2: Solar PPA + RICE + Hybrid BESS + Grid,7.073684,176.518915,Grid,10.0
S2: Solar PPA + RICE + Hybrid BESS + Grid,7.326316,178.300969,Grid,10.0
S2: Solar PPA + RICE + Hybrid BESS + Grid,7.578947,182.486974,Grid,10.0
S2: Solar PPA + RICE + Hybrid BESS + Grid,7.831579,189.006368,Grid,10.0
S2: Solar PPA + RICE + Hybrid BESS + Grid,8.084211,193.308235,Grid,10.0
S2: Solar PPA + RICE + Hybrid BESS + Grid,8.336842,194.22417,Grid,10.0
S2: Solar PPA + RICE + Hybrid BESS + Grid,8.589474,200.603646,Grid,10.0
S2: Solar PPA + RICE + Hybrid BESS + Grid,8.842105,195.7185,Grid,10.0
S2: Solar PPA + RICE + Hybrid BESS + Grid,9.094737,199.041884,Grid,10.0
S2: Solar PPA + RICE + Hybrid BESS + Grid,9.347368,199.515399,Grid,10.0
S2: Solar PPA + RICE + Hybrid BESS + Grid,9.6,196.819151,Grid,10.0
S2: Solar PPA + RICE + Hybrid BESS + Grid,9.852632,202.987544,Grid,10.0
S2: Solar PPA + RICE + Hybrid BESS + Grid,10.105263,206.870804,Grid,10.0
S2: Solar PPA + RICE + Hybrid BESS + Grid,10.357895,214.684552,Grid,10.0
S2: Solar PPA + RICE + Hybrid BESS + Grid,10.610526,220.120959,Grid,10.0
S2: Solar PPA + RICE + Hybrid BESS + Grid,10.863158,221.192293,Grid,10.0
S2: Solar PPA + RICE + Hybrid BESS + Grid,11.115789,217.869809,Grid,10.0
S2: Solar PPA + RICE + Hybrid BESS + Grid,11.368421,217.758375,Grid,10.0
S2: Solar PPA + RICE + Hybrid BESS + Grid,11.621053,218.902304,Grid,10.0
S2: Solar PPA + RICE + Hybrid BESS + Grid,11.873684,224.187636,Grid,10.0
S2: Solar PPA + RICE + Hybrid BESS + Grid,12.126316,230.510044,Grid,10.0
S2: Solar PPA + RICE + Hybrid BESS + Grid,12.378947,229.540724,Grid,10.0
S2: Solar PPA + RICE + Hybrid BESS + Grid,12.631579,233.007549,Grid,10.0
S2: Solar PPA + RICE + Hybrid BESS + Grid,12.884211,230.768568,Grid,10.0
S2: Solar PPA + RICE + Hybrid BESS + Grid,13.136842,229.44087,Grid,10.0
S2: Solar PPA + RICE + Hybrid BESS + Grid,13.389474,236.454504,Grid,10.0
S2: Solar PPA + RICE + Hybrid BESS + Grid,13.642105,239.148366,Grid,10.0
S2: Solar PPA + RICE + Hybrid BESS + Grid,13.894737,243.212598,Grid,10.0
S2: Solar PPA + RICE + Hybrid BESS + Grid,14.147368,243.424454,Grid,10.0
S2: Solar PPA + RICE + Hybrid BESS + Grid,14.4,241.582112,Grid,10.0
S2: Solar PPA + RICE + Hybrid BESS + Grid,14.652632,240.133459,Grid,10.0
S2: Solar PPA + RICE + Hybrid BESS + Grid,14.905263,240.384649,Grid,10.0
S2: Solar PPA + RICE + Hybrid BESS + Grid,15.157895,241.264673,Grid,10.0
S2: Solar PPA + RICE + Hybrid BESS + Grid,15.410526,241.392927,Grid,10.0
S2: Solar PPA + RICE + Hybrid BESS + Grid,15.663158,237.458336,Grid,10.0
S2: Solar PPA + RICE + Hybrid BESS + Grid,15.915789,231.52949,Grid,10.0
S2: Solar PPA + RICE + Hybrid BESS + Grid,16.168421,234.102006,Grid,10.0
S2: Solar PPA + RICE + Hybrid BESS + Grid,16.421053,237.144863,Grid,10.0
S2: Solar PPA + RICE + Hybrid BESS + Grid,16.673684,238.766237,Grid,10.0
S2: Solar PPA + RICE + Hybrid BESS + Grid,16.926316,243.151698,Grid,10.0
S2: Solar PPA + RICE + Hybrid BESS + Grid,17.178947,240.764714,Grid,10.0
S2: Solar PPA + RICE + Hybrid BESS + Grid,17.431579,234.359733,Grid,10.0
S2: Solar PPA + RICE + Hybrid BESS + Grid,17.684211,233.904346,Grid,10.0
S2: Solar PPA + RICE + Hybrid BESS + Grid,17.936842,233.569328,Grid,10.0
S2: Solar PPA + RICE + Hybrid BESS + Grid,18.189474,230.77739,Grid,10.0
S2: Solar PPA + RICE + Hybrid BESS + Grid,18.442105,234.382288,Grid,10.0
S2: Solar PPA + RICE + Hybrid BESS + Grid,18.694737,224.894864,Grid,10.0
S2: Solar PPA + RICE + Hybrid BESS + Grid,18.947368,220.961434,Grid,10.0
S2: Solar PPA + RICE + Hybrid BESS + Grid,19.2,219.023883,Grid,10.0
S2: Solar PPA + RICE + Hybrid BESS + Grid,19.452632,212.025596,Grid,10.0
S2: Solar PPA + RICE + Hybrid BESS + Grid,19.705263,216.378291,Grid,10.0
S2: Solar PPA + RICE + Hybrid BESS + Grid,19.957895,206.849427,Grid,10.0
S2: Solar PPA + RICE + Hybrid BESS + Grid,20.210526,203.506378,Grid,10.0
S2: Solar PPA + RICE + Hybrid BESS + Grid,20.463158,202.507636,Grid,10.0
S2: Solar PPA + RICE + Hybrid BESS + Grid,20.715789,203.279618,Grid,10.0
S2: Solar PPA + RICE + Hybrid BESS + Grid,20.968421,204.213857,Grid,10.0
S2: Solar PPA + RICE + Hybrid BESS + Grid,21.221053,199.965939,Grid,10.0
S2: Solar PPA + RICE + Hybrid BESS + Grid,21.473684,195.014963,Grid,10.0
S2: Solar PPA + RICE + Hybrid BESS + Grid,21.726316,190.786003,Grid,10.0
S2: Solar PPA + RICE + Hybrid BESS + Grid,21.978947,190.070966,Grid,10.0
S2: Solar PPA + RICE + Hybrid BESS + Grid,22.231579,187.93445,Grid,10.0
S2: Solar PPA + RICE + Hybrid BESS + Grid,22.484211,187.647006,Grid,10.0
S2: Solar PPA + RICE + Hybrid BESS + Grid,22.736842,182.79361,Grid,10.0
S2: Solar PPA + RICE + Hybrid BESS + Grid,22.989474,181.612203,Grid,10.0
S2: Solar PPA + RICE + Hybrid BESS + Grid,23.242105,178.435705,Grid,10.0
S2: Solar PPA + RICE + Hybrid BESS + Grid,23.494737,173.631815,Grid,10.0
S2: Solar PPA + RICE + Hybrid BESS + Grid,23.747368,169.760164,Grid,10.0
S2: Solar PPA + RICE + Hybrid BESS + Grid,24.0,161.092467,Grid,10.0
S2: Solar PPA + RICE + Hybrid BESS + Grid,0.0,146.220746,RICE,136.220746
S2: Solar PPA + RICE + Hybrid BESS + Grid,0.252632,142.493761,RICE,132.493761
S2: Solar PPA + RICE + Hybrid BESS + Grid,0.505263,143.661607,RICE,133.661607
S2: Solar PPA + RICE + Hybrid BESS + Grid,0.757895,146.396692,RICE,136.396692
S2: Solar PPA + RICE + Hybrid BESS + Grid,1.010526,144.495891,RICE,134.495891
S2: Solar PPA + RICE + Hybrid BESS + Grid,1.263158,144.343225,RICE,134.343225
S2: Solar PPA + RICE + Hybrid BESS + Grid,1.515789,146.919418,RICE,136.919418
S2: Solar PPA + RICE + Hybrid BESS + Grid,1.768421,145.437384,RICE,135.437384
S2: Solar PPA + RICE + Hybrid BESS + Grid,2.021053,145.4143,RICE,135.4143
S2: Solar PPA + RICE + Hybrid BESS + Grid,2.273684,148.07771,RICE,138.07771
S2: Solar PPA + RICE + Hybrid BESS + Grid,2.526316,143.846932,RICE,133.846932
S2: Solar PPA + RICE + Hybrid BESS + Grid,2.778947,141.791134,RICE,131.791134
S2: Solar PPA + RICE + Hybrid BESS + Grid,3.031579,144.744855,RICE,134.744855
S2: Solar PPA + RICE + Hybrid BESS + Grid,3.284211,139.924624,RICE,129.924624
S2: Solar PPA + RICE + Hybrid BESS + Grid,3.536842,138.230245,RICE,128.230245
S2: Solar PPA + RICE + Hybrid BESS + Grid,3.789474,139.583534,RICE,129.583534
S2: Solar PPA + RICE + Hybrid BESS + Grid,4.042105,138.171424,RICE,128.171424
S2: Solar PPA + RICE + Hybrid BESS + Grid,4.294737,145.589762,RICE,135.589762
S2: Solar PPA + RICE + Hybrid BESS + Grid,4.547368,149.60022,RICE,139.60022
S2: Solar PPA + RICE + Hybrid BESS + Grid,4.8,149.555785,RICE,139.555785
S2: Solar PPA + RICE + Hybrid BESS + Grid,5.052632,157.938285,RICE,147.938285
S2: Solar PPA + RICE + Hybrid BESS + Grid,5.305263,158.873198,RICE,148.873198
S2: Solar PPA + RICE + Hybrid BESS + Grid,5.557895,163.688381,RICE,153.688381
S2: Solar PPA + RICE + Hybrid BESS + Grid,5.810526,166.117267,RICE,156.117267
S2: Solar PPA + RICE + Hybrid BESS + Grid,6.063158,163.627976,RICE,153.627976
S2: Solar PPA + RICE + Hybrid BESS + Grid,6.315789,167.073156,RICE,157.073156
S2: Solar PPA + RICE + Hybrid BESS + Grid,6.568421,166.689563,RICE,156.689563
S2: Solar PPA + RICE + Hybrid BESS + Grid,6.821053,173.904114,RICE,163.904114
S2: Solar PPA + RICE + Hybrid BESS + Grid,7.073684,176.518915,RICE,164.204201
S2: Solar PPA + RICE + Hybrid BESS + Grid,7.326316,178.300969,RICE,158.061921
S2: Solar PPA + RICE + Hybrid BESS + Grid,7.578947,182.486974,RICE,154.368365
S2: Solar PPA + RICE + Hybrid BESS + Grid,7.831579,189.006368,RICE,153.087426
S2: Solar PPA + RICE + Hybrid BESS + Grid,8.084211,193.308235,RICE,149.702297
S2: Solar PPA + RICE + Hybrid BESS + Grid,8.336842,194.22417,RICE,143.078187
S2: Solar PPA + RICE + Hybrid BESS + Grid,8.589474,200.603646,RICE,142.097538
S2: Solar PPA + RICE + Hybrid BESS + Grid,8.842105,195.7185,RICE,130.064372
S2: Solar PPA + RICE + Hybrid BESS + Grid,9.094737,199.041884,RICE,126.483097
S2: Solar PPA + RICE + Hybrid BESS + Grid,9.347368,199.515399,RICE,120.325508
S2: Solar PPA + RICE + Hybrid BESS + Grid,9.6,196.819151,RICE,111.300704
S2: Solar PPA + RICE + Hybrid BESS + Grid,9.852632,202.987544,RICE,111.470765
S2: Solar PPA + RICE + Hybrid BESS + Grid,10.105263,206.870804,RICE,144.712145
S2: Solar PPA + RICE + Hybrid BESS + Grid,10.357895,214.684552,RICE,147.265135
S2: Solar PPA + RICE + Hybrid BESS + Grid,10.610526,220.120959,RICE,147.844911
S2: Solar PPA + RICE + Hybrid BESS + Grid,10.863158,221.192293,RICE,144.484978
S2: Solar PPA + RICE + Hybrid BESS + Grid,11.115789,217.869809,RICE,137.175967
S2: Solar PPA + RICE + Hybrid BESS + Grid,11.368421,217.758375,RICE,133.540177
S2: Solar PPA + RICE + Hybrid BESS + Grid,11.621053,218.902304,RICE,131.637335
S2: Solar PPA + RICE + Hybrid BESS + Grid,11.873684,224.187636,RICE,134.366801
S2: Solar PPA + RICE + Hybrid BESS + Grid,12.126316,230.510044,RICE,138.635427
S2: Solar PPA + RICE + Hybrid BESS + Grid,12.378947,229.540724,RICE,136.123387
S2: Solar PPA + RICE + Hybrid BESS + Grid,12.631579,233.007549,RICE,138.565301
S2: Solar PPA + RICE + Hybrid BESS + Grid,12.884211,230.768568,RICE,135.823699
S2: Solar PPA + RICE + Hybrid BESS + Grid,13.136842,229.44087,RICE,134.517868
S2: Solar PPA + RICE + Hybrid BESS + Grid,13.389474,236.454504,RICE,142.077763
S2: Solar PPA + RICE + Hybrid BESS + Grid,13.642105,239.148366,RICE,145.839889
S2: Solar PPA + RICE + Hybrid BESS + Grid,13.894737,243.212598,RICE,151.489719
S2: Solar PPA + RICE + Hybrid BESS + Grid,14.147368,243.424454,RICE,153.797572
S2: Solar PPA + RICE + Hybrid BESS + Grid,14.4,241.582112,RICE,154.552461
S2: Solar PPA + RICE + Hybrid BESS + Grid,14.652632,240.133459,RICE,156.190916
S2: Solar PPA + RICE + Hybrid BESS + Grid,14.905263,240.384649,RICE,160.005592
S2: Solar PPA + RICE + Hybrid BESS + Grid,15.157895,241.264673,RICE,129.909899
S2: Solar PPA + RICE + Hybrid BESS + Grid,15.410526,241.392927,RICE,134.505633
S2: Solar PPA + RICE + Hybrid BESS + Grid,15.663158,237.458336,RICE,135.462186
S2: Solar PPA + RICE + Hybrid BESS + Grid,15.915789,231.52949,RICE,134.82676
S2: Solar PPA + RICE + Hybrid BESS + Grid,16.168421,234.102006,RICE,143.071825
S2: Solar PPA + RICE + Hybrid BESS + Grid,16.421053,237.144863,RICE,152.141556
S2: Solar PPA + RICE + Hybrid BESS + Grid,16.673684,238.766237,RICE,160.117773
S2: Solar PPA + RICE + Hybrid BESS + Grid,16.926316,243.151698,RICE,171.15826
S2: Solar PPA + RICE + Hybrid BESS + Grid,17.178947,240.764714,RICE,175.697384
S2: Solar PPA + RICE + Hybrid BESS + Grid,17.431579,234.359733,RICE,176.459306
S2: Solar PPA + RICE + Hybrid BESS + Grid,17.684211,233.904346,RICE,183.380278
S2: Solar PPA + RICE + Hybrid BESS + Grid,17.936842,233.569328,RICE,190.59882
S2: Solar PPA + RICE + Hybrid BESS + Grid,18.189474,230.77739,RICE,160.504615
S2: Solar PPA + RICE + Hybrid BESS + Grid,18.442105,234.382288,RICE,171.917756
S2: Solar PPA + RICE + Hybrid BESS + Grid,18.694737,224.894864,RICE,170.314944
S2: Solar PPA + RICE + Hybrid BESS + Grid,18.947368,220.961434,RICE,174.308016
S2: Solar PPA + RICE + Hybrid BESS + Grid,19.2,219.023883,RICE,174.023883
S2: Solar PPA + RICE + Hybrid BESS + Grid,19.452632,212.025596,RICE,167.025596
S2: Solar PPA + RICE + Hybrid BESS + Grid,19.705263,216.378291,RICE,171.378291
S2: Solar PPA + RICE + Hybrid BESS + Grid,19.957895,206.849427,RICE,161.849427
S2: Solar PPA + RICE + Hybrid BESS + Grid,20.210526,203.506378,RICE,158.506378
S2: Solar PPA + RICE + Hybrid BESS + Grid,20.463158,202.507636,RICE,157.507636
S2: Solar PPA + RICE + Hybrid BESS + Grid,20.715789,203.279618,RICE,158.279618
S2: Solar PPA + RICE + Hybrid BESS + Grid,20.968421,204.213857,RICE,159.213857
S2: Solar PPA + RICE + Hybrid BESS + Grid,21.221053,199.965939,RICE,154.965939
S2: Solar PPA + RICE + Hybrid BESS + Grid,21.473684,195.014963,RICE,150.014963
S2: Solar PPA + RICE + Hybrid BESS + Grid,21.726316,190.786003,RICE,145.786003
S2: Solar PPA + RICE + Hybrid BESS + Grid,21.978947,190.070966,RICE,145.070966
S2: Solar PPA + RICE + Hybrid BESS + Grid,22.231579,187.93445,RICE,142.93445
S2: Solar PPA + RICE + Hybrid BESS + Grid,22.484211,187.647006,RICE,142.647006
S2: Solar PPA + RICE + Hybrid BESS + Grid,22.736842,182.79361,RICE,137.79361
S2: Solar PPA + RICE + Hybrid BESS + Grid,22.989474,181.612203,RICE,136.612203
S2: Solar PPA + RICE + Hybrid BESS + Grid,23.242105,178.435705,RICE,168.435705
S2: Solar PPA + RICE + Hybrid BESS + Grid,23.494737,173.631815,RICE,163.631815
S2: Solar PPA + RICE + Hybrid BESS + Grid,23.747368,169.760164,RICE,159.760164
S2: Solar PPA + RICE + Hybrid BESS + Grid,24.0,161.092467,RICE,151.092467
S2: Solar PPA + RICE + Hybrid BESS + Grid,0.0,146.220746,Solar PPA,0.0
S2: Solar PPA + RICE + Hybrid BESS + Grid,0.252632,142.493761,Solar PPA,0.0
S2: Solar PPA + RICE + Hybrid BESS + Grid,0.505263,143.661607,Solar PPA,0.0
S2: Solar PPA + RICE + Hybrid BESS + Grid,0.757895,146.396692,Solar PPA,0.0
S2: Solar PPA + RICE + Hybrid BESS + Grid,1.010526,144.495891,Solar PPA,0.0
S2: Solar PPA + RICE + Hybrid BESS + Grid,1.263158,144.343225,Solar PPA,0.0
S2: Solar PPA + RICE + Hybrid BESS + Grid,1.515789,146.919418,Solar PPA,0.0
S2: Solar PPA + RICE + Hybrid BESS + Grid,1.768421,145.437384,Solar PPA,0.0
S2: Solar PPA + RICE + Hybrid BESS + Grid,2.021053,145.4143,Solar PPA,0.0
S2: Solar PPA + RICE + Hybrid BESS + Grid,2.273684,148.07771,Solar PPA,0.0
S2: Solar PPA + RICE + Hybrid BESS + Grid,2.526316,143.846932,Solar PPA,0.0
S2: Solar PPA + RICE + Hybrid BESS + Grid,2.778947,141.791134,Solar PPA,0.0
S2: Solar PPA + RICE + Hybrid BESS + Grid,3.031579,144.744855,Solar PPA,0.0
S2: Solar PPA + RICE + Hybrid BESS + Grid,3.284211,139.924624,Solar PPA,0.0
S2: Solar PPA + RICE + Hybrid BESS + Grid,3.536842,138.230245,Solar PPA,0.0
S2: Solar PPA + RICE + Hybrid BESS + Grid,3.789474,139.583534,Solar PPA,0.0
S2: Solar PPA + RICE + Hybrid BESS + Grid,4.042105,138.171424,Solar PPA,0.0
S2: Solar PPA + RICE + Hybrid BESS + Grid,4.294737,145.589762,Solar PPA,0.0
S2: Solar PPA + RICE + Hybrid BESS + Grid,4.547368,149.60022,Solar PPA,0.0
S2: Solar PPA + RICE + Hybrid BESS + Grid,4.8,149.555785,Solar PPA,0.0
S2: Solar PPA + RICE + Hybrid BESS + Grid,5.052632,157.938285,Solar PPA,0.0
S2: Solar PPA + RICE + Hybrid BESS + Grid,5.305263,158.873198,Solar PPA,0.0
S2: Solar PPA + RICE + Hybrid BESS + Grid,5.557895,163.688381,Solar PPA,0.0
S2: Solar PPA + RICE + Hybrid BESS + Grid,5.810526,166.117267,Solar PPA,0.0
S2: Solar PPA + RICE + Hybrid BESS + Grid,6.063158,163.627976,Solar PPA,0.0
S2: Solar PPA + RICE + Hybrid BESS + Grid,6.315789,167.073156,Solar PPA,0.0
S2: Solar PPA + RICE + Hybrid BESS + Grid,6.568421,166.689563,Solar PPA,0.0
S2: Solar PPA + RICE + Hybrid BESS + Grid,6.821053,173.904114,Solar PPA,0.0
S2: Solar PPA + RICE + Hybrid BESS + Grid,7.073684,176.518915,Solar PPA,2.314714
S2: Solar PPA + RICE + Hybrid BESS + Grid,7.326316,178.300969,Solar PPA,10.239048
S2: Solar PPA + RICE + Hybrid BESS + Grid,7.578947,182.486974,Solar PPA,18.118609
S2: Solar PPA + RICE + Hybrid BESS + Grid,7.831579,189.006368,Solar PPA,25.918942
S2: Solar PPA + RICE + Hybrid BESS + Grid,8.084211,193.308235,Solar PPA,33.605938
S2: Solar PPA + RICE + Hybrid BESS + Grid,8.336842,194.22417,Solar PPA,41.145983
S2: Solar PPA + RICE + Hybrid BESS + Grid,8.589474,200.603646,Solar PPA,48.506108
S2: Solar PPA + RICE + Hybrid BESS + Grid,8.842105,195.7185,Solar PPA,55.654128
S2: Solar PPA + RICE + Hybrid BESS + Grid,9.094737,199.041884,Solar PPA,62.558787
S2: Solar PPA + RICE + Hybrid BESS + Grid,9.347368,199.515399,Solar PPA,69.189892
S2: Solar PPA + RICE + Hybrid BESS + Grid,9.6,196.819151,Solar PPA,75.518447
S2: Solar PPA + RICE + Hybrid BESS + Grid,9.852632,202.987544,Solar PPA,81.516779
S2: Solar PPA + RICE + Hybrid BESS + Grid,10.105263,206.870804,Solar PPA,87.158659
S2: Solar PPA + RICE + Hybrid BESS + Grid,10.357895,214.684552,Solar PPA,92.419417
S2: Solar PPA + RICE + Hybrid BESS + Grid,10.610526,220.120959,Solar PPA,97.276047
S2: Solar PPA + RICE + Hybrid BESS + Grid,10.863158,221.192293,Solar PPA,101.707315
S2: Solar PPA + RICE + Hybrid BESS + Grid,11.115789,217.869809,Solar PPA,105.693842
S2: Solar PPA + RICE + Hybrid BESS + Grid,11.368421,217.758375,Solar PPA,109.218197
S2: Solar PPA + RICE + Hybrid BESS + Grid,11.621053,218.902304,Solar PPA,112.264969
S2: Solar PPA + RICE + Hybrid BESS + Grid,11.873684,224.187636,Solar PPA,114.820834
S2: Solar PPA + RICE + Hybrid BESS + Grid,12.126316,230.510044,Solar PPA,116.874617
S2: Solar PPA + RICE + Hybrid BESS + Grid,12.378947,229.540724,Solar PPA,118.417337
S2: Solar PPA + RICE + Hybrid BESS + Grid,12.631579,233.007549,Solar PPA,119.442249
S2: Solar PPA + RICE + Hybrid BESS + Grid,12.884211,230.768568,Solar PPA,119.944869
S2: Solar PPA + RICE + Hybrid BESS + Grid,13.136842,229.44087,Solar PPA,119.923002
S2: Solar PPA + RICE + Hybrid BESS + Grid,13.389474,236.454504,Solar PPA,119.376741
S2: Solar PPA + RICE + Hybrid BESS + Grid,13.642105,239.148366,Solar PPA,118.308477
S2: Solar PPA + RICE + Hybrid BESS + Grid,13.894737,243.212598,Solar PPA,116.722879
S2: Solar PPA + RICE + Hybrid BESS + Grid,14.147368,243.424454,Solar PPA,114.626882
S2: Solar PPA + RICE + Hybrid BESS + Grid,14.4,241.582112,Solar PPA,112.029651
S2: Solar PPA + RICE + Hybrid BESS + Grid,14.652632,240.133459,Solar PPA,108.942543
S2: Solar PPA + RICE + Hybrid BESS + Grid,14.905263,240.384649,Solar PPA,105.379057
S2: Solar PPA + RICE + Hybrid BESS + Grid,15.157895,241.264673,Solar PPA,101.354775
S2: Solar PPA + RICE + Hybrid BESS + Grid,15.410526,241.392927,Solar PPA,96.887294
S2: Solar PPA + RICE + Hybrid BESS + Grid,15.663158,237.458336,Solar PPA,91.99615
S2: Solar PPA + RICE + Hybrid BESS + Grid,15.915789,231.52949,Solar PPA,86.70273
S2: Solar PPA + RICE + Hybrid BESS + Grid,16.168421,234.102006,Solar PPA,81.030181
S2: Solar PPA + RICE + Hybrid BESS + Grid,16.421053,237.144863,Solar PPA,75.003308
S2: Solar PPA + RICE + Hybrid BESS + Grid,16.673684,238.766237,Solar PPA,68.648464
S2: Solar PPA + RICE + Hybrid BESS + Grid,16.926316,243.151698,Solar PPA,61.993438
S2: Solar PPA + RICE + Hybrid BESS + Grid,17.178947,240.764714,Solar PPA,55.06733
S2: Solar PPA + RICE + Hybrid BESS + Grid,17.431579,234.359733,Solar PPA,47.900428
S2: Solar PPA + RICE + Hybrid BESS + Grid,17.684211,233.904346,Solar PPA,40.524068
S2: Solar PPA + RICE + Hybrid BESS + Grid,17.936842,233.569328,Solar PPA,32.970508
S2: Solar PPA + RICE + Hybrid BESS + Grid,18.189474,230.77739,Solar PPA,25.272775
S2: Solar PPA + RICE + Hybrid BESS + Grid,18.442105,234.382288,Solar PPA,17.464531
S2: Solar PPA + RICE + Hybrid BESS + Grid,18.694737,224.894864,Solar PPA,9.57992
S2: Solar PPA + RICE + Hybrid BESS + Grid,18.947368,220.961434,Solar PPA,1.653417
S2: Solar PPA + RICE + Hybrid BESS + Grid,19.2,219.023883,Solar PPA,0.0
S2: Solar PPA + RICE + Hybrid BESS + Grid,19.452632,212.025596,Solar PPA,0.0
S2: Solar PPA + RICE + Hybrid BESS + Grid,19.705263,216.378291,Solar PPA,0.0
S2: Solar PPA + RICE + Hybrid BESS + Grid,19.957895,206.849427,Solar PPA,0.0
S2: Solar PPA + RICE + Hybrid BESS + Grid,20.210526,203.506378,Solar PPA,0.0
S2: Solar PPA + RICE + Hybrid BESS + Grid,20.463158,202.507636,Solar PPA,0.0
S2: Solar PPA + RICE + Hybrid BESS + Grid,20.715789,203.279618,Solar PPA,0.0
S2: Solar PPA + RICE + Hybrid BESS + Grid,20.968421,204.213857,Solar PPA,0.0
S2: Solar PPA + RICE + Hybrid BESS + Grid,21.221053,199.965939,Solar PPA,0.0
S2: Solar PPA + RICE + Hybrid BESS + Grid,21.473684,195.014963,Solar PPA,0.0
S2: Solar PPA + RICE + Hybrid BESS + Grid,21.726316,190.786003,Solar PPA,0.0
S2: Solar PPA + RICE + Hybrid BESS + Grid,21.978947,190.070966,Solar PPA,0.0
S2: Solar PPA + RICE + Hybrid BESS + Grid,22.231579,187.93445,Solar PPA,0.0
S2: Solar PPA + RICE + Hybrid BESS + Grid,22.484211,187.647006,Solar PPA,0.0
S2: Solar PPA + RICE + Hybrid BESS + Grid,22.736842,182.79361,Solar PPA,0.0
S2: Solar PPA + RICE + Hybrid BESS + Grid,22.989474,181.612203,Solar PPA,0.0
S2: Solar PPA + RICE + Hybrid BESS + Grid,23.242105,178.435705,Solar PPA,0.0
S2: Solar PPA + RICE + Hybrid BESS + Grid,23.494737,173.631815,Solar PPA,0.0
S2: Solar PPA + RICE + Hybrid BESS + Grid,23.747368,169.760164,Solar PPA,0.0
S2: Solar PPA + RICE + Hybrid BESS + Grid,24.0,161.092467,Solar PPA,0.0
S2: Solar PPA + RICE + Hybrid BESS + Grid,0.0,146.220746,Geothermal,0.0
S2: Solar PPA + RICE + Hybrid BESS + Grid,0.252632,142.493761,Geothermal,0.0
S2: Solar PPA + RICE + Hybrid BESS + Grid,0.505263,143.661607,Geothermal,0.0
S2: Solar PPA + RICE + Hybrid BESS + Grid,0.757895,146.396692,Geothermal,0.0
S2: Solar PPA + RICE + Hybrid BESS + Grid,1.010526,144.495891,Geothermal,0.0
S2: Solar PPA + RICE + Hybrid BESS + Grid,1.263158,144.343225,Geothermal,0.0
S2: Solar PPA + RICE + Hybrid BESS + Grid,1.515789,146.919418,Geothermal,0.0
S2: Solar PPA + RICE + Hybrid BESS + Grid,1.768421,145.437384,Geothermal,0.0
S2: Solar PPA + RICE + Hybrid BESS + Grid,2.021053,145.4143,Geothermal,0.0
S2: Solar PPA + RICE + Hybrid BESS + Grid,2.273684,148.07771,Geothermal,0.0
S2: Solar PPA + RICE + Hybrid BESS + Grid,2.526316,143.846932,Geothermal,0.0
S2: Solar PPA + RICE + Hybrid BESS + Grid,2.778947,141.791134,Geothermal,0.0
S2: Solar PPA + RICE + Hybrid BESS + Grid,3.031579,144.744855,Geothermal,0.0
S2: Solar PPA + RICE + Hybrid BESS + Grid,3.284211,139.924624,Geothermal,0.0
S2: Solar PPA + RICE + Hybrid BESS + Grid,3.536842,138.230245,Geothermal,0.0
S2: Solar PPA + RICE + Hybrid BESS + Grid,3.789474,139.583534,Geothermal,0.0
S2: Solar PPA + RICE + Hybrid BESS + Grid,4.042105,138.171424,Geothermal,0.0
S2: Solar PPA + RICE + Hybrid BESS + Grid,4.294737,145.589762,Geothermal,0.0
S2: Solar PPA + RICE + Hybrid BESS + Grid,4.547368,149.60022,Geothermal,0.0
S2: Solar PPA + RICE + Hybrid BESS + Grid,4.8,149.555785,Geothermal,0.0
S2: Solar PPA + RICE + Hybrid BESS + Grid,5.052632,157.938285,Geothermal,0.0
S2: Solar PPA + RICE + Hybrid BESS + Grid,5.305263,158.873198,Geothermal,0.0
S2: Solar PPA + RICE + Hybrid BESS + Grid,5.557895,163.688381,Geothermal,0.0
S2: Solar PPA + RICE + Hybrid BESS + Grid,5.810526,166.117267,Geothermal,0.0
S2: Solar PPA + RICE + Hybrid BESS + Grid,6.063158,163.627976,Geothermal,0.0
S2: Solar PPA + RICE + Hybrid BESS + Grid,6.315789,167.073156,Geothermal,0.0
S2: Solar PPA + RICE + Hybrid BESS + Grid,6.568421,166.689563,Geothermal,0.0
S2: Solar PPA + RICE + Hybrid BESS + Grid,6.821053,173.904114,Geothermal,0.0
S2: Solar PPA + RICE + Hybrid BESS + Grid,7.073684,176.518915,Geothermal,0.0
S2: Solar PPA + RICE + Hybrid BESS + Grid,7.326316,178.300969,Geothermal,0.0
S2: Solar PPA + RICE + Hybrid BESS + Grid,7.578947,182.486974,Geothermal,0.0
S2: Solar PPA + RICE + Hybrid BESS + Grid,7.831579,189.006368,Geothermal,0.0
S2: Solar PPA + RICE + Hybrid BESS + Grid,8.084211,193.308235,Geothermal,0.0
S2: Solar PPA + RICE + Hybrid BESS + Grid,8.336842,194.22417,Geothermal,0.0
S2: Solar PPA + RICE + Hybrid BESS + Grid,8.589474,200.603646,Geothermal,0.0
S2: Solar PPA + RICE + Hybrid BESS + Grid,8.842105,195.7185,Geothermal,0.0
S2: Solar PPA + RICE + Hybrid BESS + Grid,9.094737,199.041884,Geothermal,0.0
S2: Solar PPA + RICE + Hybrid BESS + Grid,9.347368,199.515399,Geothermal,0.0
S2: Solar PPA + RICE + Hybrid BESS + Grid,9.6,196.819151,Geothermal,0.0
S2: Solar PPA + RICE + Hybrid BESS + Grid,9.852632,202.987544,Geothermal,0.0
S2: Solar PPA + RICE + Hybrid BESS + Grid,10.105263,206.870804,Geothermal,0.0
S2: Solar PPA + RICE + Hybrid BESS + Grid,10.357895,214.684552,Geothermal,0.0
S2: Solar PPA + RICE + Hybrid BESS + Grid,10.610526,220.120959,Geothermal,0.0
S2: Solar PPA + RICE + Hybrid BESS + Grid,10.863158,221.192293,Geothermal,0.0
S2: Solar PPA + RICE + Hybrid BESS + Grid,11.115789,217.869809,Geothermal,0.0
S2: Solar PPA + RICE + Hybrid BESS + Grid,11.368421,217.758375,Geothermal,0.0
S2: Solar PPA + RICE + Hybrid BESS + Grid,11.621053,218.902304,Geothermal,0.0
S2: Solar PPA + RICE + Hybrid BESS + Grid,11.873684,224.187636,Geothermal,0.0
S2: Solar PPA + RICE + Hybrid BESS + Grid,12.126316,230.510044,Geothermal,0.0
S2: Solar PPA + RICE + Hybrid BESS + Grid,12.378947,229.540724,Geothermal,0.0
S2: Solar PPA + RICE + Hybrid BESS + Grid,12.631579,233.007549,Geothermal,0.0
S2: Solar PPA + RICE + Hybrid BESS + Grid,12.884211,230.768568,Geothermal,0.0
S2: Solar PPA + RICE + Hybrid BESS + Grid,13.136842,229.44087,Geothermal,0.0
S2: Solar PPA + RICE + Hybrid BESS + Grid,13.389474,236.454504,Geothermal,0.0
S2: Solar PPA + RICE + Hybrid BESS + Grid,13.642105,239.148366,Geothermal,0.0
S2: Solar PPA + RICE + Hybrid BESS + Grid,13.894737,243.212598,Geothermal,0.0
S2: Solar PPA + RICE + Hybrid BESS + Grid,14.147368,243.424454,Geothermal,0.0
S2: Solar PPA + RICE + Hybrid BESS + Grid,14.4,241.582112,Geothermal,0.0
S2: Solar PPA + RICE + Hybrid BESS + Grid,14.652632,240.133459,Geothermal,0.0
S2: Solar PPA + RICE + Hybrid BESS + Grid,14.905263,240.384649,Geothermal,0.0
S2: Solar PPA + RICE + Hybrid BESS + Grid,15.157895,241.264673,Geothermal,0.0
S2: Solar PPA + RICE + Hybrid BESS + Grid,15.410526,241.392927,Geothermal,0.0
S2: Solar PPA + RICE + Hybrid BESS + Grid,15.663158,237.458336,Geothermal,0.0
S2: Solar PPA + RICE + Hybrid BESS + Grid,15.915789,231.52949,Geothermal,0.0
S2: Solar PPA + RICE + Hybrid BESS + Grid,16.168421,234.102006,Geothermal,0.0
S2: Solar PPA + RICE + Hybrid BESS + Grid,16.421053,237.144863,Geothermal,0.0
S2: Solar PPA + RICE + Hybrid BESS + Grid,16.673684,238.766237,Geothermal,0.0
S2: Solar PPA + RICE + Hybrid BESS + Grid,16.926316,243.151698,Geothermal,0.0
S2: Solar PPA + RICE + Hybrid BESS + Grid,17.178947,240.764714,Geothermal,0.0
S2: Solar PPA + RICE + Hybrid BESS + Grid,17.431579,234.359733,Geothermal,0.0
S2: Solar PPA + RICE + Hybrid BESS + Grid,17.684211,233.904346,Geothermal,0.0
S2: Solar PPA + RICE + Hybrid BESS + Grid,17.936842,233.569328,Geothermal,0.0
S2: Solar PPA + RICE + Hybrid BESS + Grid,18.189474,230.77739,Geothermal,0.0
S2: Solar PPA + RICE + Hybrid BESS + Grid,18.442105,234.382288,Geothermal,0.0
S2: Solar PPA + RICE + Hybrid BESS + Grid,18.694737,224.894864,Geothermal,0.0
S2: Solar PPA + RICE + Hybrid BESS + Grid,18.947368,220.961434,Geothermal,0.0
S2: Solar PPA + RICE + Hybrid BESS + Grid,19.2,219.023883,Geothermal,0.0
S2: Solar PPA + RICE + Hybrid BESS + Grid,19.452632,212.025596,Geothermal,0.0
S2: Solar PPA + RICE + Hybrid BESS + Grid,19.705263,216.378291,Geothermal,0.0
S2: Solar PPA + RICE + Hybrid BESS + Grid,19.957895,206.849427,Geothermal,0.0
S2: Solar PPA + RICE + Hybrid BESS + Grid,20.210526,203.506378,Geothermal,0.0
S2: Solar PPA + RICE + Hybrid BESS + Grid,20.463158,202.507636,Geothermal,0.0
S2: Solar PPA + RICE + Hybrid BESS + Grid,20.715789,203.279618,Geothermal,0.0
S2: Solar PPA + RICE + Hybrid BESS + Grid,20.968421,204.213857,Geothermal,0.0
S2: Solar PPA + RICE + Hybrid BESS + Grid,21.221053,199.965939,Geothermal,0.0
S2: Solar PPA + RICE + Hybrid BESS + Grid,21.473684,195.014963,Geothermal,0.0
S2: Solar PPA + RICE + Hybrid BESS + Grid,21.726316,190.786003,Geothermal,0.0
S2: Solar PPA + RICE + Hybrid BESS + Grid,21.978947,190.070966,Geothermal,0.0
S2: Solar PPA + RICE + Hybrid BESS + Grid,22.231579,187.93445,Geothermal,0.0
S2: Solar PPA + RICE + Hybrid BESS + Grid,22.484211,187.647006,Geothermal,0.0
S2: Solar PPA + RICE + Hybrid BESS + Grid,22.736842,182.79361,Geothermal,0.0
S2: Solar PPA + RICE + Hybrid BESS + Grid,22.989474,181.612203,Geothermal,0.0
S2: Solar PPA + RICE + Hybrid BESS + Grid,23.242105,178.435705,Geothermal,0.0
S2: Solar PPA + RICE + Hybrid BESS + Grid,23.494737,173.631815,Geothermal,0.0
S2: Solar PPA + RICE + Hybrid BESS + Grid,23.747368,169.760164,Geothermal,0.0
S2: Solar PPA + RICE + Hybrid BESS + Grid,24.0,161.092467,Geothermal,0.0
S2: Solar PPA + RICE + Hybrid BESS + Grid,0.0,146.220746,SMR,0.0
S2: Solar PPA + RICE + Hybrid BESS + Grid,0.252632,142.493761,SMR,0.0
S2: Solar PPA + RICE + Hybrid BESS + Grid,0.505263,143.661607,SMR,0.0
S2: Solar PPA + RICE + Hybrid BESS + Grid,0.757895,146.396692,SMR,0.0
S2: Solar PPA + RICE + Hybrid BESS + Grid,1.010526,144.495891,SMR,0.0
S2: Solar PPA + RICE + Hybrid BESS + Grid,1.263158,144.343225,SMR,0.0
S2: Solar PPA + RICE + Hybrid BESS + Grid,1.515789,146.919418,SMR,0.0
S2: Solar PPA + RICE + Hybrid BESS + Grid,1.768421,145.437384,SMR,0.0
S2: Solar PPA + RICE + Hybrid BESS + Grid,2.021053,145.4143,SMR,0.0
S2: Solar PPA + RICE + Hybrid BESS + Grid,2.273684,148.07771,SMR,0.0
S2: Solar PPA + RICE + Hybrid BESS + Grid,2.526316,143.846932,SMR,0.0
S2: Solar PPA + RICE + Hybrid BESS + Grid,2.778947,141.791134,SMR,0.0
S2: Solar PPA + RICE + Hybrid BESS + Grid,3.031579,144.744855,SMR,0.0
S2: Solar PPA + RICE + Hybrid BESS + Grid,3.284211,139.924624,SMR,0.0
S2: Solar PPA + RICE + Hybrid BESS + Grid,3.536842,138.230245,SMR,0.0
S2: Solar PPA + RICE + Hybrid BESS + Grid,3.789474,139.583534,SMR,0.0
S2: Solar PPA + RICE + Hybrid BESS + Grid,4.042105,138.171424,SMR,0.0
S2: Solar PPA + RICE + Hybrid BESS + Grid,4.294737,145.589762,SMR,0.0
S2: Solar PPA + RICE + Hybrid BESS + Grid,4.547368,149.60022,SMR,0.0
S2: Solar PPA + RICE + Hybrid BESS + Grid,4.8,149.555785,SMR,0.0
S2: Solar PPA + RICE + Hybrid BESS + Grid,5.052632,157.938285,SMR,0.0
S2: Solar PPA + RICE + Hybrid BESS + Grid,5.305263,158.873198,SMR,0.0
S2: Solar PPA + RICE + Hybrid BESS + Grid,5.557895,163.688381,SMR,0.0
S2: Solar PPA + RICE + Hybrid BESS + Grid,5.810526,166.117267,SMR,0.0
S2: Solar PPA + RICE + Hybrid BESS + Grid,6.063158,163.627976,SMR,0.0
S2: Solar PPA + RICE + Hybrid BESS + Grid,6.315789,167.073156,SMR,0.0
S2: Solar PPA + RICE + Hybrid BESS + Grid,6.568421,166.689563,SMR,0.0
S2: Solar PPA + RICE + Hybrid BESS + Grid,6.821053,173.904114,SMR,0.0
S2: Solar PPA + RICE + Hybrid BESS + Grid,7.073684,176.518915,SMR,0.0
S2: Solar PPA + RICE + Hybrid BESS + Grid,7.326316,178.300969,SMR,0.0
S2: Solar PPA + RICE + Hybrid BESS + Grid,7.578947,182.486974,SMR,0.0
S2: Solar PPA + RICE + Hybrid BESS + Grid,7.831579,189.006368,SMR,0.0
S2: Solar PPA + RICE + Hybrid BESS + Grid,8.084211,193.308235,SMR,0.0
S2: Solar PPA + RICE + Hybrid BESS + Grid,8.336842,194.22417,SMR,0.0
S2: Solar PPA + RICE + Hybrid BESS + Grid,8.589474,200.603646,SMR,0.0
S2: Solar PPA + RICE + Hybrid BESS + Grid,8.842105,195.7185,SMR,0.0
S2: Solar PPA + RICE + Hybrid BESS + Grid,9.094737,199.041884,SMR,0.0
S2: Solar PPA + RICE + Hybrid BESS + Grid,9.347368,199.515399,SMR,0.0
S2: Solar PPA + RICE + Hybrid BESS + Grid,9.6,196.819151,SMR,0.0
S2: Solar PPA + RICE + Hybrid BESS + Grid,9.852632,202.987544,SMR,0.0
S2: Solar PPA + RICE + Hybrid BESS + Grid,10.105263,206.870804,SMR,0.0
S2: Solar PPA + RICE + Hybrid BESS + Grid,10.357895,214.684552,SMR,0.0
S2: Solar PPA + RICE + Hybrid BESS + Grid,10.610526,220.120959,SMR,0.0
S2: Solar PPA + RICE + Hybrid BESS + Grid,10.863158,221.192293,SMR,0.0
S2: Solar PPA + RICE + Hybrid BESS + Grid,11.115789,217.869809,SMR,0.0
S2: Solar PPA + RICE + Hybrid BESS + Grid,11.368421,217.758375,SMR,0.0
S2: Solar PPA + RICE + Hybrid BESS + Grid,11.621053,218.902304,SMR,0.0
S2: Solar PPA + RICE + Hybrid BESS + Grid,11.873684,224.187636,SMR,0.0
S2: Solar PPA + RICE + Hybrid BESS + Grid,12.126316,230.510044,SMR,0.0
S2: Solar PPA + RICE + Hybrid BESS + Grid,12.378947,229.540724,SMR,0.0
S2: Solar PPA + RICE + Hybrid BESS + Grid,12.631579,233.007549,SMR,0.0
S2: Solar PPA + RICE + Hybrid BESS + Grid,12.884211,230.768568,SMR,0.0
S2: Solar PPA + RICE + Hybrid BESS + Grid,13.136842,229.44087,SMR,0.0
S2: Solar PPA + RICE + Hybrid BESS + Grid,13.389474,236.454504,SMR,0.0
S2: Solar PPA + RICE + Hybrid BESS + Grid,13.642105,239.148366,SMR,0.0
S2: Solar PPA + RICE + Hybrid BESS + Grid,13.894737,243.212598,SMR,0.0
S2: Solar PPA + RICE + Hybrid BESS + Grid,14.147368,243.424454,SMR,0.0
S2: Solar PPA + RICE + Hybrid BESS + Grid,14.4,241.582112,SMR,0.0
S2: Solar PPA + RICE + Hybrid BESS + Grid,14.652632,240.133459,SMR,0.0
S2: Solar PPA + RICE + Hybrid BESS + Grid,14.905263,240.384649,SMR,0.0
S2: Solar PPA + RICE + Hybrid BESS + Grid,15.157895,241.264673,SMR,0.0
S2: Solar PPA + RICE + Hybrid BESS + Grid,15.410526,241.392927,SMR,0.0
S2: Solar PPA + RICE + Hybrid BESS + Grid,15.663158,237.458336,SMR,0.0
S2: Solar PPA + RICE + Hybrid BESS + Grid,15.915789,231.52949,SMR,0.0
S2: Solar PPA + RICE + Hybrid BESS + Grid,16.168421,234.102006,SMR,0.0
S2: Solar PPA + RICE + Hybrid BESS + Grid,16.421053,237.144863,SMR,0.0
S2: Solar PPA + RICE + Hybrid BESS + Grid,16.673684,238.766237,SMR,0.0
S2: Solar PPA + RICE + Hybrid BESS + Grid,16.926316,243.151698,SMR,0.0
S2: Solar PPA + RICE + Hybrid BESS + Grid,17.178947,240.764714,SMR,0.0
S2: Solar PPA + RICE + Hybrid BESS + Grid,17.431579,234.359733,SMR,0.0
S2: Solar PPA + RICE + Hybrid BESS + Grid,17.684211,233.904346,SMR,0.0
S2: Solar PPA + RICE + Hybrid BESS + Grid,17.936842,233.569328,SMR,0.0
S2: Solar PPA + RICE + Hybrid BESS + Grid,18.189474,230.77739,SMR,0.0
S2: Solar PPA + RICE + Hybrid BESS + Grid,18.442105,234.382288,SMR,0.0
S2: Solar PPA + RICE + Hybrid BESS + Grid,18.694737,224.894864,SMR,0.0
S2: Solar PPA + RICE + Hybrid BESS + Grid,18.947368,220.961434,SMR,0.0
S2: Solar PPA + RICE + Hybrid BESS + Grid,19.2,219.023883,SMR,0.0
S2: Solar PPA + RICE + Hybrid BESS + Grid,19.452632,212.025596,SMR,0.0
S2: Solar PPA + RICE + Hybrid BESS + Grid,19.705263,216.378291,SMR,0.0
S2: Solar PPA + RICE + Hybrid BESS + Grid,19.957895,206.849427,SMR,0.0
S2: Solar PPA + RICE + Hybrid BESS + Grid,20.210526,203.506378,SMR,0.0
S2: Solar PPA + RICE + Hybrid BESS + Grid,20.463158,202.507636,SMR,0.0
S2: Solar PPA + RICE + Hybrid BESS + Grid,20.715789,203.279618,SMR,0.0
S2: Solar PPA + RICE + Hybrid BESS + Grid,20.968421,204.213857,SMR,0.0
S2: Solar PPA + RICE + Hybrid BESS + Grid,21.221053,199.965939,SMR,0.0
S2: Solar PPA + RICE + Hybrid BESS + Grid,21.473684,195.014963,SMR,0.0
S2: Solar PPA + RICE + Hybrid BESS + Grid,21.726316,190.786003,SMR,0.0
S2: Solar PPA + RICE + Hybrid BESS + Grid,21.978947,190.070966,SMR,0.0
S2: Solar PPA + RICE + Hybrid BESS + Grid,22.231579,187.93445,SMR,0.0
S2: Solar PPA + RICE + Hybrid BESS + Grid,22.484211,187.647006,SMR,0.0
S2: Solar PPA + RICE + Hybrid BESS + Grid,22.736842,182.79361,SMR,0.0
S2: Solar PPA + RICE + Hybrid BESS + Grid,22.989474,181.612203,SMR,0.0
S2: Solar PPA + RICE + Hybrid BESS + Grid,23.242105,178.435705,SMR,0.0
S2: Solar PPA + RICE + Hybrid BESS + Grid,23.494737,173.631815,SMR,0.0
S2: Solar PPA + RICE + Hybrid BESS + Grid,23.747368,169.760164,SMR,0.0
S2: Solar PPA + RICE + Hybrid BESS + Grid,24.0,161.092467,SMR,0.0
S2: Solar PPA + RICE + Hybrid BESS + Grid,0.0,146.220746,Microturbines,0.0
S2: Solar PPA + RICE + Hybrid BESS + Grid,0.252632,142.493761,Microturbines,0.0
S2: Solar PPA + RICE + Hybrid BESS + Grid,0.505263,143.661607,Microturbines,0.0
S2: Solar PPA + RICE + Hybrid BESS + Grid,0.757895,146.396692,Microturbines,0.0
S2: Solar PPA + RICE + Hybrid BESS + Grid,1.010526,144.495891,Microturbines,0.0
S2: Solar PPA + RICE + Hybrid BESS + Grid,1.263158,144.343225,Microturbines,0.0
S2: Solar PPA + RICE + Hybrid BESS + Grid,1.515789,146.919418,Microturbines,0.0
S2: Solar PPA + RICE + Hybrid BESS + Grid,1.768421,145.437384,Microturbines,0.0
S2: Solar PPA + RICE + Hybrid BESS + Grid,2.021053,145.4143,Microturbines,0.0
S2: Solar PPA + RICE + Hybrid BESS + Grid,2.273684,148.07771,Microturbines,0.0
S2: Solar PPA + RICE + Hybrid BESS + Grid,2.526316,143.846932,Microturbines,0.0
S2: Solar PPA + RICE + Hybrid BESS + Grid,2.778947,141.791134,Microturbines,0.0
S2: Solar PPA + RICE + Hybrid BESS + Grid,3.031579,144.744855,Microturbines,0.0
S2: Solar PPA + RICE + Hybrid BESS + Grid,3.284211,139.924624,Microturbines,0.0
S2: Solar PPA + RICE + Hybrid BESS + Grid,3.536842,138.230245,Microturbines,0.0
S2: Solar PPA + RICE + Hybrid BESS + Grid,3.789474,139.583534,Microturbines,0.0
S2: Solar PPA + RICE + Hybrid BESS + Grid,4.042105,138.171424,Microturbines,0.0
S2: Solar PPA + RICE + Hybrid BESS + Grid,4.294737,145.589762,Microturbines,0.0
S2: Solar PPA + RICE + Hybrid BESS + Grid,4.547368,149.60022,Microturbines,0.0
S2: Solar PPA + RICE + Hybrid BESS + Grid,4.8,149.555785,Microturbines,0.0
S2: Solar PPA + RICE + Hybrid BESS + Grid,5.052632,157.938285,Microturbines,0.0
S2: Solar PPA + RICE + Hybrid BESS + Grid,5.305263,158.873198,Microturbines,0.0
S2: Solar PPA + RICE + Hybrid BESS + Grid,5.557895,163.688381,Microturbines,0.0
S2: Solar PPA + RICE + Hybrid BESS + Grid,5.810526,166.117267,Microturbines,0.0
S2: Solar PPA + RICE + Hybrid BESS + Grid,6.063158,163.627976,Microturbines,0.0
S2: Solar PPA + RICE + Hybrid BESS + Grid,6.315789,167.073156,Microturbines,0.0
S2: Solar PPA + RICE + Hybrid BESS + Grid,6.568421,166.689563,Microturbines,0.0
S2: Solar PPA + RICE + Hybrid BESS + Grid,6.821053,173.904114,Microturbines,0.0
S2: Solar PPA + RICE + Hybrid BESS + Grid,7.073684,176.518915,Microturbines,0.0
S2: Solar PPA + RICE + Hybrid BESS + Grid,7.326316,178.300969,Microturbines,0.0
S2: Solar PPA + RICE + Hybrid BESS + Grid,7.578947,182.486974,Microturbines,0.0
S2: Solar PPA + RICE + Hybrid BESS + Grid,7.831579,189.006368,Microturbines,0.0
S2: Solar PPA + RICE + Hybrid BESS + Grid,8.084211,193.308235,Microturbines,0.0
S2: Solar PPA + RICE + Hybrid BESS + Grid,8.336842,194.22417,Microturbines,0.0
S2: Solar PPA + RICE + Hybrid BESS + Grid,8.589474,200.603646,Microturbines,0.0
S2: Solar PPA + RICE + Hybrid BESS + Grid,8.842105,195.7185,Microturbines,0.0
S2: Solar PPA + RICE + Hybrid BESS + Grid,9.094737,199.041884,Microturbines,0.0
S2: Solar PPA + RICE + Hybrid BESS + Grid,9.347368,199.515399,Microturbines,0.0
S2: Solar PPA + RICE + Hybrid BESS + Grid,9.6,196.819151,Microturbines,0.0
S2: Solar PPA + RICE + Hybrid BESS + Grid,9.852632,202.987544,Microturbines,0.0
S2: Solar PPA + RICE + Hybrid BESS + Grid,10.105263,206.870804,Microturbines,0.0
S2: Solar PPA + RICE + Hybrid BESS + Grid,10.357895,214.684552,Microturbines,0.0
S2: Solar PPA + RICE + Hybrid BESS + Grid,10.610526,220.120959,Microturbines,0.0
S2: Solar PPA + RICE + Hybrid BESS + Grid,10.863158,221.192293,Microturbines,0.0
S2: Solar PPA + RICE + Hybrid BESS + Grid,11.115789,217.869809,Microturbines,0.0
S2: Solar PPA + RICE + Hybrid BESS + Grid,11.368421,217.758375,Microturbines,0.0
S2: Solar PPA + RICE + Hybrid BESS + Grid,11.621053,218.902304,Microturbines,0.0
S2: Solar PPA + RICE + Hybrid BESS + Grid,11.873684,224.187636,Microturbines,0.0
S2: Solar PPA + RICE + Hybrid BESS + Grid,12.126316,230.510044,Microturbines,0.0
S2: Solar PPA + RICE + Hybrid BESS + Grid,12.378947,229.540724,Microturbines,0.0
S2: Solar PPA + RICE + Hybrid BESS + Grid,12.631579,233.007549,Microturbines,0.0
S2: Solar PPA + RICE + Hybrid BESS + Grid,12.884211,230.768568,Microturbines,0.0
S2: Solar PPA + RICE + Hybrid BESS + Grid,13.136842,229.44087,Microturbines,0.0
S2: Solar PPA + RICE + Hybrid BESS + Grid,13.389474,236.454504,Microturbines,0.0
S2: Solar PPA + RICE + Hybrid BESS + Grid,13.642105,239.148366,Microturbines,0.0
S2: Solar PPA + RICE + Hybrid BESS + Grid,13.894737,243.212598,Microturbines,0.0
S2: Solar PPA + RICE + Hybrid BESS + Grid,14.147368,243.424454,Microturbines,0.0
S2: Solar PPA + RICE + Hybrid BESS + Grid,14.4,241.582112,Microturbines,0.0
S2: Solar PPA + RICE + Hybrid BESS + Grid,14.652632,240.133459,Microturbines,0.0
S2: Solar PPA + RICE + Hybrid BESS + Grid,14.905263,240.384649,Microturbines,0.0
S2: Solar PPA + RICE + Hybrid BESS + Grid,15.157895,241.264673,Microturbines,0.0
S2: Solar PPA + RICE + Hybrid BESS + Grid,15.410526,241.392927,Microturbines,0.0
S2: Solar PPA + RICE + Hybrid BESS + Grid,15.663158,237.458336,Microturbines,0.0
S2: Solar PPA + RICE + Hybrid BESS + Grid,15.915789,231.52949,Microturbines,0.0
S2: Solar PPA + RICE + Hybrid BESS + Grid,16.168421,234.102006,Microturbines,0.0
S2: Solar PPA + RICE + Hybrid BESS + Grid,16.421053,237.144863,Microturbines,0.0
S2: Solar PPA + RICE + Hybrid BESS + Grid,16.673684,238.766237,Microturbines,0.0
S2: Solar PPA + RICE + Hybrid BESS + Grid,16.926316,243.151698,Microturbines,0.0
S2: Solar PPA + RICE + Hybrid BESS + Grid,17.178947,240.764714,Microturbines,0.0
S2: Solar PPA + RICE + Hybrid BESS + Grid,17.431579,234.359733,Microturbines,0.0
S2: Solar PPA + RICE + Hybrid BESS + Grid,17.684211,233.904346,Microturbines,0.0
S2: Solar PPA + RICE + Hybrid BESS + Grid,17.936842,233.569328,Microturbines,0.0
S2: Solar PPA + RICE + Hybrid BESS + Grid,18.189474,230.77739,Microturbines,0.0
S2: Solar PPA + RICE + Hybrid BESS + Grid,18.442105,234.382288,Microturbines,0.0
S2: Solar PPA + RICE + Hybrid BESS + Grid,18.694737,224.894864,Microturbines,0.0
S2: Solar PPA + RICE + Hybrid BESS + Grid,18.947368,220.961434,Microturbines,0.0
S2: Solar PPA + RICE + Hybrid BESS + Grid,19.2,219.023883,Microturbines,0.0
S2: Solar PPA + RICE + Hybrid BESS + Grid,19.452632,212.025596,Microturbines,0.0
S2: Solar PPA + RICE + Hybrid BESS + Grid,19.705263,216.378291,Microturbines,0.0
S2: Solar PPA + RICE + Hybrid BESS + Grid,19.957895,206.849427,Microturbines,0.0
S2: Solar PPA + RICE + Hybrid BESS + Grid,20.210526,203.506378,Microturbines,0.0
S2: Solar PPA + RICE + Hybrid BESS + Grid,20.463158,202.507636,Microturbines,0.0
S2: Solar PPA + RICE + Hybrid BESS + Grid,20.715789,203.279618,Microturbines,0.0
S2: Solar PPA + RICE + Hybrid BESS + Grid,20.968421,204.213857,Microturbines,0.0
S2: Solar PPA + RICE + Hybrid BESS + Grid,21.221053,199.965939,Microturbines,0.0
S2: Solar PPA + RICE + Hybrid BESS + Grid,21.473684,195.014963,Microturbines,0.0
S2: Solar PPA + RICE + Hybrid BESS + Grid,21.726316,190.786003,Microturbines,0.0
S2: Solar PPA + RICE + Hybrid BESS + Grid,21.978947,190.070966,Microturbines,0.0
S2: Solar PPA + RICE + Hybrid BESS + Grid,22.231579,187.93445,Microturbines,0.0
S2: Solar PPA + RICE + Hybrid BESS + Grid,22.484211,187.647006,Microturbines,0.0
S2: Solar PPA + RICE + Hybrid BESS + Grid,22.736842,182.79361,Microturbines,0.0
S2: Solar PPA + RICE + Hybrid BESS + Grid,22.989474,181.612203,Microturbines,0.0
S2: Solar PPA + RICE + Hybrid BESS + Grid,23.242105,178.435705,Microturbines,0.0
S2: Solar PPA + RICE + Hybrid BESS + Grid,23.494737,173.631815,Microturbines,0.0
S2: Solar PPA + RICE + Hybrid BESS + Grid,23.747368,169.760164,Microturbines,0.0
S2: Solar PPA + RICE + Hybrid BESS + Grid,24.0,161.092467,Microturbines,0.0
S2: Solar PPA + RICE + Hybrid BESS + Grid,0.0,146.220746,BESS (Discharge),0.0
S2: Solar PPA + RICE + Hybrid BESS + Grid,0.252632,142.493761,BESS (Discharge),0.0
S2: Solar PPA + RICE + Hybrid BESS + Grid,0.505263,143.661607,BESS (Discharge),0.0
S2: Solar PPA + RICE + Hybrid BESS + Grid,0.757895,146.396692,BESS (Discharge),0.0
S2: Solar PPA + RICE + Hybrid BESS + Grid,1.010526,144.495891,BESS (Discharge),0.0
S2: Solar PPA + RICE + Hybrid BESS + Grid,1.263158,144.343225,BESS (Discharge),0.0
S2: Solar PPA + RICE + Hybrid BESS + Grid,1.515789,146.919418,BESS (Discharge),0.0
S2: Solar PPA + RICE + Hybrid BESS + Grid,1.768421,145.437384,BESS (Discharge),0.0
S2: Solar PPA + RICE + Hybrid BESS + Grid,2.021053,145.4143,BESS (Discharge),0.0
S2: Solar PPA + RICE + Hybrid BESS + Grid,2.273684,148.07771,BESS (Discharge),0.0
S2: Solar PPA + RICE + Hybrid BESS + Grid,2.526316,143.846932,BESS (Discharge),0.0
S2: Solar PPA + RICE + Hybrid BESS + Grid,2.778947,141.791134,BESS (Discharge),0.0
S2: Solar PPA + RICE + Hybrid BESS + Grid,3.031579,144.744855,BESS (Discharge),0.0
S2: Solar PPA + RICE + Hybrid BESS + Grid,3.284211,139.924624,BESS (Discharge),0.0
S2: Solar PPA + RICE + Hybrid BESS + Grid,3.536842,138.230245,BESS (Discharge),0.0
S2: Solar PPA + RICE + Hybrid BESS + Grid,3.789474,139.583534,BESS (Discharge),0.0
S2: Solar PPA + RICE + Hybrid BESS + Grid,4.042105,138.171424,BESS (Discharge),0.0
S2: Solar PPA + RICE + Hybrid BESS + Grid,4.294737,145.589762,BESS (Discharge),0.0
S2: Solar PPA + RICE + Hybrid BESS + Grid,4.547368,149.60022,BESS (Discharge),0.0
S2: Solar PPA + RICE + Hybrid BESS + Grid,4.8,149.555785,BESS (Discharge),0.0
S2: Solar PPA + RICE + Hybrid BESS + Grid,5.052632,157.938285,BESS (Discharge),0.0
S2: Solar PPA + RICE + Hybrid BESS + Grid,5.305263,158.873198,BESS (Discharge),0.0
S2: Solar PPA + RICE + Hybrid BESS + Grid,5.557895,163.688381,BESS (Discharge),0.0
S2: Solar PPA + RICE + Hybrid BESS + Grid,5.810526,166.117267,BESS (Discharge),0.0
S2: Solar PPA + RICE + Hybrid BESS + Grid,6.063158,163.627976,BESS (Discharge),0.0
S2: Solar PPA + RICE + Hybrid BESS + Grid,6.315789,167.073156,BESS (Discharge),0.0
S2: Solar PPA + RICE + Hybrid BESS + Grid,6.568421,166.689563,BESS (Discharge),0.0
S2: Solar PPA + RICE + Hybrid BESS + Grid,6.821053,173.904114,BESS (Discharge),0.0
S2: Solar PPA + RICE + Hybrid BESS + Grid,7.073684,176.518915,BESS (Discharge),0.0
S2: Solar PPA + RICE + Hybrid BESS + Grid,7.326316,178.300969,BESS (Discharge),0.0
S2: Solar PPA + RICE + Hybrid BESS + Grid,7.578947,182.486974,BESS (Discharge),0.0
S2: Solar PPA + RICE + Hybrid BESS + Grid,7.831579,189.006368,BESS (Discharge),0.0
S2: Solar PPA + RICE + Hybrid BESS + Grid,8.084211,193.308235,BESS (Discharge),0.0
S2: Solar PPA + RICE + Hybrid BESS + Grid,8.336842,194.22417,BESS (Discharge),0.0
S2: Solar PPA + RICE + Hybrid BESS + Grid,8.589474,200.603646,BESS (Discharge),0.0
S2: Solar PPA + RICE + Hybrid BESS + Grid,8.842105,195.7185,BESS (Discharge),0.0
S2: Solar PPA + RICE + Hybrid BESS + Grid,9.094737,199.041884,BESS (Discharge),0.0
S2: Solar PPA + RICE + Hybrid BESS + Grid,9.347368,199.515399,BESS (Discharge),0.0
S2: Solar PPA + RICE + Hybrid BESS + Grid,9.6,196.819151,BESS (Discharge),0.0
S2: Solar PPA + RICE + Hybrid BESS + Grid,9.852632,202.987544,BESS (Discharge),0.0
S2: Solar PPA + RICE + Hybrid BESS + Grid,10.105263,206.870804,BESS (Discharge),0.0
S2: Solar PPA + RICE + Hybrid BESS + Grid,10.357895,214.684552,BESS (Discharge),0.0
S2: Solar PPA + RICE + Hybrid BESS + Grid,10.610526,220.120959,BESS (Discharge),0.0
S2: Solar PPA + RICE + Hybrid BESS + Grid,10.863158,221.192293,BESS (Discharge),0.0
S2: Solar PPA + RICE + Hybrid BESS + Grid,11.115789,217.869809,BESS (Discharge),0.0
S2: Solar PPA + RICE + Hybrid BESS + Grid,11.368421,217.758375,BESS (Discharge),0.0
S2: Solar PPA + RICE + Hybrid BESS + Grid,11.621053,218.902304,BESS (Discharge),0.0
S2: Solar PPA + RICE + Hybrid BESS + Grid,11.873684,224.187636,BESS (Discharge),0.0
S2: Solar PPA + RICE + Hybrid BESS + Grid,12.126316,230.510044,BESS (Discharge),0.0
S2: Solar PPA + RICE + Hybrid BESS + Grid,12.378947,229.540724,BESS (Discharge),0.0
S2: Solar PPA + RICE + Hybrid BESS + Grid,12.631579,233.007549,BESS (Discharge),0.0
S2: Solar PPA + RICE + Hybrid BESS + Grid,12.884211,230.768568,BESS (Discharge),0.0
S2: Solar PPA + RICE + Hybrid BESS + Grid,13.136842,229.44087,BESS (Discharge),0.0
S2: Solar PPA + RICE + Hybrid BESS + Grid,13.389474,236.454504,BESS (Discharge),0.0
S2: Solar PPA + RICE + Hybrid BESS + Grid,13.642105,239.148366,BESS (Discharge),0.0
S2: Solar PPA + RICE + Hybrid BESS + Grid,13.894737,243.212598,BESS (Discharge),0.0
S2: Solar PPA + RICE + Hybrid BESS + Grid,14.147368,243.424454,BESS (Discharge),0.0
S2: Solar PPA + RICE + Hybrid BESS + Grid,14.4,241.582112,BESS (Discharge),0.0
S2: Solar PPA + RICE + Hybrid BESS + Grid,14.652632,240.133459,BESS (Discharge),0.0
S2: Solar PPA + RICE + Hybrid BESS + Grid,14.905263,240.384649,BESS (Discharge),0.0
S2: Solar PPA + RICE + Hybrid BESS + Grid,15.157895,241.264673,BESS (Discharge),0.0
S2: Solar PPA + RICE + Hybrid BESS + Grid,15.410526,241.392927,BESS (Discharge),0.0
S2: Solar PPA + RICE + Hybrid BESS + Grid,15.663158,237.458336,BESS (Discharge),0.0
S2: Solar PPA + RICE + Hybrid BESS + Grid,15.915789,231.52949,BESS (Discharge),0.0
S2: Solar PPA + RICE + Hybrid BESS + Grid,16.168421,234.102006,BESS (Discharge),0.0
S2: Solar PPA + RICE + Hybrid BESS + Grid,16.421053,237.144863,BESS (Discharge),0.0
S2: Solar PPA + RICE + Hybrid BESS + Grid,16.673684,238.766237,BESS (Discharge),0.0
S2: Solar PPA + RICE + Hybrid BESS + Grid,16.926316,243.151698,BESS (Discharge),0.0
S2: Solar PPA + RICE + Hybrid BESS + Grid,17.178947,240.764714,BESS (Discharge),0.0
S2: Solar PPA + RICE + Hybrid BESS + Grid,17.431579,234.359733,BESS (Discharge),0.0
S2: Solar PPA + RICE + Hybrid BESS + Grid,17.684211,233.904346,BESS (Discharge),0.0
S2: Solar PPA + RICE + Hybrid BESS + Grid,17.936842,233.569328,BESS (Discharge),0.0
S2: Solar PPA + RICE + Hybrid BESS + Grid,18.189474,230.77739,BESS (Discharge),35.0
S2: Solar PPA + RICE + Hybrid BESS + Grid,18.442105,234.382288,BESS (Discharge),35.0
S2: Solar PPA + RICE + Hybrid BESS + Grid,18.694737,224.894864,BESS (Discharge),35.0
S2: Solar PPA + RICE + Hybrid BESS + Grid,18.947368,220.961434,BESS (Discharge),35.0
S2: Solar PPA + RICE + Hybrid BESS + Grid,19.2,219.023883,BESS (Discharge),35.0
S2: Solar PPA + RICE + Hybrid BESS + Grid,19.452632,212.025596,BESS (Discharge),35.0
S2: Solar PPA + RICE + Hybrid BESS + Grid,19.705263,216.378291,BESS (Discharge),35.0
S2: Solar PPA + RICE + Hybrid BESS + Grid,19.957895,206.849427,BESS (Discharge),35.0
S2: Solar PPA + RICE + Hybrid BESS + Grid,20.210526,203.506378,BESS (Discharge),35.0
S2: Solar PPA + RICE + Hybrid BESS + Grid,20.463158,202.507636,BESS (Discharge),35.0
S2: Solar PPA + RICE + Hybrid BESS + Grid,20.715789,203.279618,BESS (Discharge),35.0
S2: Solar PPA + RICE + Hybrid BESS + Grid,20.968421,204.213857,BESS (Discharge),35.0
S2: Solar PPA + RICE + Hybrid BESS + Grid,21.221053,199.965939,BESS (Discharge),35.0
S2: Solar PPA + RICE + Hybrid BESS + Grid,21.473684,195.014963,BESS (Discharge),35.0
S2: Solar PPA + RICE + Hybrid BESS + Grid,21.726316,190.786003,BESS (Discharge),35.0
S2: Solar PPA + RICE + Hybrid BESS + Grid,21.978947,190.070966,BESS (Discharge),35.0
S2: Solar PPA + RICE + Hybrid BESS + Grid,22.231579,187.93445,BESS (Discharge),35.0
S2: Solar PPA + RICE + Hybrid BESS + Grid,22.484211,187.647006,BESS (Discharge),35.0
S2: Solar PPA + RICE + Hybrid BESS + Grid,22.736842,182.79361,BESS (Discharge),35.0
S2: Solar PPA + RICE + Hybrid BESS + Grid,22.989474,181.612203,BESS (Discharge),35.0
S2: Solar PPA + RICE + Hybrid BESS + Grid,23.242105,178.435705,BESS (Discharge),0.0
S2: Solar PPA + RICE + Hybrid BESS + Grid,23.494737,173.631815,BESS (Discharge),0.0
S2: Solar PPA + RICE + Hybrid BESS + Grid,23.747368,169.760164,BESS (Discharge),0.0
S2: Solar PPA + RICE + Hybrid BESS + Grid,24.0,161.092467,BESS (Discharge),0.0
S2: Solar PPA + RICE + Hybrid BESS + Grid,0.0,146.220746,BESS (Charge),0.0
S2: Solar PPA + RICE + Hybrid BESS + Grid,0.252632,142.493761,BESS (Charge),0.0
S2: Solar PPA + RICE + Hybrid BESS + Grid,0.505263,143.661607,BESS (Charge),0.0
S2: Solar PPA + RICE + Hybrid BESS + Grid,0.757895,146.396692,BESS (Charge),0.0
S2: Solar PPA + RICE + Hybrid BESS + Grid,1.010526,144.495891,BESS (Charge),0.0
S2: Solar PPA + RICE + Hybrid BESS + Grid,1.263158,144.343225,BESS (Charge),0.0
S2: Solar PPA + RICE + Hybrid BESS + Grid,1.515789,146.919418,BESS (Charge),0.0
S2: Solar PPA + RICE + Hybrid BESS + Grid,1.768421,145.437384,BESS (Charge),0.0
S2: Solar PPA + RICE + Hybrid BESS + Grid,2.021053,145.4143,BESS (Charge),0.0
S2: Solar PPA + RICE + Hybrid BESS + Grid,2.273684,148.07771,BESS (Charge),0.0
S2: Solar PPA + RICE + Hybrid BESS + Grid,2.526316,143.846932,BESS (Charge),0.0
S2: Solar PPA + RICE + Hybrid BESS + Grid,2.778947,141.791134,BESS (Charge),0.0
S2: Solar PPA + RICE + Hybrid BESS + Grid,3.031579,144.744855,BESS (Charge),0.0
S2: Solar PPA + RICE + Hybrid BESS + Grid,3.284211,139.924624,BESS (Charge),0.0
S2: Solar PPA + RICE + Hybrid BESS + Grid,3.536842,138.230245,BESS (Charge),0.0
S2: Solar PPA + RICE + Hybrid BESS + Grid,3.789474,139.583534,BESS (Charge),0.0
S2: Solar PPA + RICE + Hybrid BESS + Grid,4.042105,138.171424,BESS (Charge),0.0
S2: Solar PPA + RICE + Hybrid BESS + Grid,4.294737,145.589762,BESS (Charge),0.0
S2: Solar PPA + RICE + Hybrid BESS + Grid,4.547368,149.60022,BESS (Charge),0.0
S2: Solar PPA + RICE + Hybrid BESS + Grid,4.8,149.555785,BESS (Charge),0.0
S2: Solar PPA + RICE + Hybrid BESS + Grid,5.052632,157.938285,BESS (Charge),0.0
S2: Solar PPA + RICE + Hybrid BESS + Grid,5.305263,158.873198,BESS (Charge),0.0
S2: Solar PPA + RICE + Hybrid BESS + Grid,5.557895,163.688381,BESS (Charge),0.0
S2: Solar PPA + RICE + Hybrid BESS + Grid,5.810526,166.117267,BESS (Charge),0.0
S2: Solar PPA + RICE + Hybrid BESS + Grid,6.063158,163.627976,BESS (Charge),0.0
S2: Solar PPA + RICE + Hybrid BESS + Grid,6.315789,167.073156,BESS (Charge),0.0
S2: Solar PPA + RICE + Hybrid BESS + Grid,6.568421,166.689563,BESS (Charge),0.0
S2: Solar PPA + RICE + Hybrid BESS + Grid,6.821053,173.904114,BESS (Charge),0.0
S2: Solar PPA + RICE + Hybrid BESS + Grid,7.073684,176.518915,BESS (Charge),0.0
S2: Solar PPA + RICE + Hybrid BESS + Grid,7.326316,178.300969,BESS (Charge),0.0
S2: Solar PPA + RICE + Hybrid BESS + Grid,7.578947,182.486974,BESS (Charge),0.0
S2: Solar PPA + RICE + Hybrid BESS + Grid,7.831579,189.006368,BESS (Charge),0.0
S2: Solar PPA + RICE + Hybrid BESS + Grid,8.084211,193.308235,BESS (Charge),0.0
S2: Solar PPA + RICE + Hybrid BESS + Grid,8.336842,194.22417,BESS (Charge),0.0
S2: Solar PPA + RICE + Hybrid BESS + Grid,8.589474,200.603646,BESS (Charge),0.0
S2: Solar PPA + RICE + Hybrid BESS + Grid,8.842105,195.7185,BESS (Charge),0.0
S2: Solar PPA + RICE + Hybrid BESS + Grid,9.094737,199.041884,BESS (Charge),0.0
S2: Solar PPA + RICE + Hybrid BESS + Grid,9.347368,199.515399,BESS (Charge),0.0
S2: Solar PPA + RICE + Hybrid BESS + Grid,9.6,196.819151,BESS (Charge),0.0
S2: Solar PPA + RICE + Hybrid BESS + Grid,9.852632,202.987544,BESS (Charge),0.0
S2: Solar PPA + RICE + Hybrid BESS + Grid,10.105263,206.870804,BESS (Charge),35.0
S2: Solar PPA + RICE + Hybrid BESS + Grid,10.357895,214.684552,BESS (Charge),35.0
S2: Solar PPA + RICE + Hybrid BESS + Grid,10.610526,220.120959,BESS (Charge),35.0
S2: Solar PPA + RICE + Hybrid BESS + Grid,10.863158,221.192293,BESS (Charge),35.0
S2: Solar PPA + RICE + Hybrid BESS + Grid,11.115789,217.869809,BESS (Charge),35.0
S2: Solar PPA + RICE + Hybrid BESS + Grid,11.368421,217.758375,BESS (Charge),35.0
S2: Solar PPA + RICE + Hybrid BESS + Grid,11.621053,218.902304,BESS (Charge),35.0
S2: Solar PPA + RICE + Hybrid BESS + Grid,11.873684,224.187636,BESS (Charge),35.0
S2: Solar PPA + RICE + Hybrid BESS + Grid,12.126316,230.510044,BESS (Charge),35.0
S2: Solar PPA + RICE + Hybrid BESS + Grid,12.378947,229.540724,BESS (Charge),35.0
S2: Solar PPA + RICE + Hybrid BESS + Grid,12.631579,233.007549,BESS (Charge),35.0
S2: Solar PPA + RICE + Hybrid BESS + Grid,12.884211,230.768568,BESS (Charge),35.0
S2: Solar PPA + RICE + Hybrid BESS + Grid,13.136842,229.44087,BESS (Charge),35.0
S2: Solar PPA + RICE + Hybrid BESS + Grid,13.389474,236.454504,BESS (Charge),35.0
S2: Solar PPA + RICE + Hybrid BESS + Grid,13.642105,239.148366,BESS (Charge),35.0
S2: Solar PPA + RICE + Hybrid BESS + Grid,13.894737,243.212598,BESS (Charge),35.0
S2: Solar PPA + RICE + Hybrid BESS + Grid,14.147368,243.424454,BESS (Charge),35.0
S2: Solar PPA + RICE + Hybrid BESS + Grid,14.4,241.582112,BESS (Charge),35.0
S2: Solar PPA + RICE + Hybrid BESS + Grid,14.652632,240.133459,BESS (Charge),35.0
S2: Solar PPA + RICE + Hybrid BESS + Grid,14.905263,240.384649,BESS (Charge),35.0
S2: Solar PPA + RICE + Hybrid BESS + Grid,15.157895,241.264673,BESS (Charge),0.0
S2: Solar PPA + RICE + Hybrid BESS + Grid,15.410526,241.392927,BESS (Charge),0.0
S2: Solar PPA + RICE + Hybrid BESS + Grid,15.663158,237.458336,BESS (Charge),0.0
S2: Solar PPA + RICE + Hybrid BESS + Grid,15.915789,231.52949,BESS (Charge),0.0
S2: Solar PPA + RICE + Hybrid BESS + Grid,16.168421,234.102006,BESS (Charge),0.0
S2: Solar PPA + RICE + Hybrid BESS + Grid,16.421053,237.144863,BESS (Charge),0.0
S2: Solar PPA + RICE + Hybrid BESS + Grid,16.673684,238.766237,BESS (Charge),0.0
S2: Solar PPA + RICE + Hybrid BESS + Grid,16.926316,243.151698,BESS (Charge),0.0
S2: Solar PPA + RICE + Hybrid BESS + Grid,17.178947,240.764714,BESS (Charge),0.0
S2: Solar PPA + RICE + Hybrid BESS + Grid,17.431579,234.359733,BESS (Charge),0.0
S2: Solar PPA + RICE + Hybrid BESS + Grid,17.684211,233.904346,BESS (Charge),0.0
S2: Solar PPA + RICE + Hybrid BESS + Grid,17.936842,233.569328,BESS (Charge),0.0
S2: Solar PPA + RICE + Hybrid BESS + Grid,18.189474,230.77739,BESS (Charge),0.0
S2: Solar PPA + RICE + Hybrid BESS + Grid,18.442105,234.382288,BESS (Charge),0.0
S2: Solar PPA + RICE + Hybrid BESS + Grid,18.694737,224.894864,BESS (Charge),0.0
S2: Solar PPA + RICE + Hybrid BESS + Grid,18.947368,220.961434,BESS (Charge),0.0
S2: Solar PPA + RICE + Hybrid BESS + Grid,19.2,219.023883,BESS (Charge),0.0
S2: Solar PPA + RICE + Hybrid BESS + Grid,19.452632,212.025596,BESS (Charge),0.0
S2: Solar PPA + RICE + Hybrid BESS + Grid,19.705263,216.378291,BESS (Charge),0.0
S2: Solar PPA + RICE + Hybrid BESS + Grid,19.957895,206.849427,BESS (Charge),0.0
S2: Solar PPA + RICE + Hybrid BESS + Grid,20.210526,203.506378,BESS (Charge),0.0
S2: Solar PPA + RICE + Hybrid BESS + Grid,20.463158,202.507636,BESS (Charge),0.0
S2: Solar PPA + RICE + Hybrid BESS + Grid,20.715789,203.279618,BESS (Charge),0.0
S2: Solar PPA + RICE + Hybrid BESS + Grid,20.968421,204.213857,BESS (Charge),0.0
S2: Solar PPA + RICE + Hybrid BESS + Grid,21.221053,199.965939,BESS (Charge),0.0
S2: Solar PPA + RICE + Hybrid BESS + Grid,21.473684,195.014963,BESS (Charge),0.0
S2: Solar PPA + RICE + Hybrid BESS + Grid,21.726316,190.786003,BESS (Charge),0.0
S2: Solar PPA + RICE + Hybrid BESS + Grid,21.978947,190.070966,BESS (Charge),0.0
S2: Solar PPA + RICE + Hybrid BESS + Grid,22.231579,187.93445,BESS (Charge),0.0
S2: Solar PPA + RICE + Hybrid BESS + Grid,22.484211,187.647006,BESS (Charge),0.0
S2: Solar PPA + RICE + Hybrid BESS + Grid,22.736842,182.79361,BESS (Charge),0.0
S2: Solar PPA + RICE + Hybrid BESS + Grid,22.989474,181.612203,BESS (Charge),0.0
S2: Solar PPA + RICE + Hybrid BESS + Grid,23.242105,178.435705,BESS (Charge),0.0
S2: Solar PPA + RICE + Hybrid BESS + Grid,23.494737,173.631815,BESS (Charge),0.0
S2: Solar PPA + RICE + Hybrid BESS + Grid,23.747368,169.760164,BESS (Charge),0.0
S2: Solar PPA + RICE + Hybrid BESS + Grid,24.0,161.092467,BESS (Charge),0.0
S3: 100% Geothermal Baseload,0.0,146.220746,Grid,0.0
S3: 100% Geothermal Baseload,0.252632,142.493761,Grid,0.0
S3: 100% Geothermal Baseload,0.505263,143.661607,Grid,0.0
S3: 100% Geothermal Baseload,0.757895,146.396692,Grid,0.0
S3: 100% Geothermal Baseload,1.010526,144.495891,Grid,0.0
S3: 100% Geothermal Baseload,1.263158,144.343225,Grid,0.0
S3: 100% Geothermal Baseload,1.515789,146.919418,Grid,0.0
S3: 100% Geothermal Baseload,1.768421,145.437384,Grid,0.0
S3: 100% Geothermal Baseload,2.021053,145.4143,Grid,0.0
S3: 100% Geothermal Baseload,2.273684,148.07771,Grid,0.0
S3: 100% Geothermal Baseload,2.526316,143.846932,Grid,0.0
S3: 100% Geothermal Baseload,2.778947,141.791134,Grid,0.0
S3: 100% Geothermal Baseload,3.031579,144.744855,Grid,0.0
S3: 100% Geothermal Baseload,3.284211,139.924624,Grid,0.0
S3: 100% Geothermal Baseload,3.536842,138.230245,Grid,0.0
S3: 100% Geothermal Baseload,3.789474,139.583534,Grid,0.0
S3: 100% Geothermal Baseload,4.042105,138.171424,Grid,0.0
S3: 100% Geothermal Baseload,4.294737,145.589762,Grid,0.0
S3: 100% Geothermal Baseload,4.547368,149.60022,Grid,0.0
S3: 100% Geothermal Baseload,4.8,149.555785,Grid,0.0
S3: 100% Geothermal Baseload,5.052632,157.938285,Grid,0.0
S3: 100% Geothermal Baseload,5.305263,158.873198,Grid,0.0
S3: 100% Geothermal Baseload,5.557895,163.688381,Grid,0.0
S3: 100% Geothermal Baseload,5.810526,166.117267,Grid,0.0
S3: 100% Geothermal Baseload,6.063158,163.627976,Grid,0.0
S3: 100% Geothermal Baseload,6.315789,167.073156,Grid,0.0
S3: 100% Geothermal Baseload,6.568421,166.689563,Grid,0.0
S3: 100% Geothermal Baseload,6.821053,173.904114,Grid,0.0
S3: 100% Geothermal Baseload,7.073684,176.518915,Grid,0.0
S3: 100% Geothermal Baseload,7.326316,178.300969,Grid,0.0
S3: 100% Geothermal Baseload,7.578947,182.486974,Grid,0.0
S3: 100% Geothermal Baseload,7.831579,189.006368,Grid,0.0
S3: 100% Geothermal Baseload,8.084211,193.308235,Grid,0.0
S3: 100% Geothermal Baseload,8.336842,194.22417,Grid,0.0
S3: 100% Geothermal Baseload,8.589474,200.603646,Grid,0.0
S3: 100% Geothermal Baseload,8.842105,195.7185,Grid,0.0
S3: 100% Geothermal Baseload,9.094737,199.041884,Grid,0.0
S3: 100% Geothermal Baseload,9.347368,199.515399,Grid,0.0
S3: 100% Geothermal Baseload,9.6,196.819151,Grid,0.0
S3: 100% Geothermal Baseload,9.852632,202.987544,Grid,0.0
S3: 100% Geothermal Baseload,10.105263,206.870804,Grid,0.0
S3: 100% Geothermal Baseload,10.357895,214.684552,Grid,0.0
S3: 100% Geothermal Baseload,10.610526,220.120959,Grid,0.0
S3: 100% Geothermal Baseload,10.863158,221.192293,Grid,0.0
S3: 100% Geothermal Baseload,11.115789,217.869809,Grid,0.0
S3: 100% Geothermal Baseload,11.368421,217.758375,Grid,0.0
S3: 100% Geothermal Baseload,11.621053,218.902304,Grid,0.0
S3: 100% Geothermal Baseload,11.873684,224.187636,Grid,0.0
S3: 100% Geothermal Baseload,12.126316,230.510044,Grid,0.0
S3: 100% Geothermal Baseload,12.378947,229.540724,Grid,0.0
S3: 100% Geothermal Baseload,12.631579,233.007549,Grid,0.0
S3: 100% Geothermal Baseload,12.884211,230.768568,Grid,0.0
S3: 100% Geothermal Baseload,13.136842,229.44087,Grid,0.0
S3: 100% Geothermal Baseload,13.389474,236.454504,Grid,0.0
S3: 100% Geothermal Baseload,13.642105,239.148366,Grid,0.0
S3: 100% Geothermal Baseload,13.894737,243.212598,Grid,0.0
S3: 100% Geothermal Baseload,14.147368,243.424454,Grid,0.0
S3: 100% Geothermal Baseload,14.4,241.582112,Grid,0.0
S3: 100% Geothermal Baseload,14.652632,240.133459,Grid,0.0
S3: 100% Geothermal Baseload,14.905263,240.384649,Grid,0.0
S3: 100% Geothermal Baseload,15.157895,241.264673,Grid,0.0
S3: 100% Geothermal Baseload,15.410526,241.392927,Grid,0.0
S3: 100% Geothermal Baseload,15.663158,237.458336,Grid,0.0
S3: 100% Geothermal Baseload,15.915789,231.52949,Grid,0.0
S3: 100% Geothermal Baseload,16.168421,234.102006,Grid,0.0
S3: 100% Geothermal Baseload,16.421053,237.144863,Grid,0.0
S3: 100% Geothermal Baseload,16.673684,238.766237,Grid,0.0
S3: 100% Geothermal Baseload,16.926316,243.151698,Grid,0.0
S3: 100% Geothermal Baseload,17.178947,240.764714,Grid,0.0
S3: 100% Geothermal Baseload,17.431579,234.359733,Grid,0.0
S3: 100% Geothermal Baseload,17.684211,233.904346,Grid,0.0
S3: 100% Geothermal Baseload,17.936842,233.569328,Grid,0.0
S3: 100% Geothermal Baseload,18.189474,230.77739,Grid,0.0
S3: 100% Geothermal Baseload,18.442105,234.382288,Grid,0.0
S3: 100% Geothermal Baseload,18.694737,224.894864,Grid,0.0
S3: 100% Geothermal Baseload,18.947368,220.961434,Grid,0.0
S3: 100% Geothermal Baseload,19.2,219.023883,Grid,0.0
S3: 100% Geothermal Baseload,19.452632,212.025596,Grid,0.0
S3: 100% Geothermal Baseload,19.705263,216.378291,Grid,0.0
S3: 100% Geothermal Baseload,19.957895,206.849427,Grid,0.0
S3: 100% Geothermal Baseload,20.210526,203.506378,Grid,0.0
S3: 100% Geothermal Baseload,20.463158,202.507636,Grid,0.0
S3: 100% Geothermal Baseload,20.715789,203.279618,Grid,0.0
S3: 100% Geothermal Baseload,20.968421,204.213857,Grid,0.0
S3: 100% Geothermal Baseload,21.221053,199.965939,Grid,0.0
S3: 100% Geothermal Baseload,21.473684,195.014963,Grid,0.0
S3: 100% Geothermal Baseload,21.726316,190.786003,Grid,0.0
S3: 100% Geothermal Baseload,21.978947,190.070966,Grid,0.0
S3: 100% Geothermal Baseload,22.231579,187.93445,Grid,0.0
S3: 100% Geothermal Baseload,22.484211,187.647006,Grid,0.0
S3: 100% Geothermal Baseload,22.736842,182.79361,Grid,0.0
S3: 100% Geothermal Baseload,22.989474,181.612203,Grid,0.0
S3: 100% Geothermal Baseload,23.242105,178.435705,Grid,0.0
S3: 100% Geothermal Baseload,23.494737,173.631815,Grid,0.0
S3: 100% Geothermal Baseload,23.747368,169.760164,Grid,0.0
S3: 100% Geothermal Baseload,24.0,161.092467,Grid,0.0
S3: 100% Geothermal Baseload,0.0,146.220746,RICE,0.0
S3: 100% Geothermal Baseload,0.252632,142.493761,RICE,0.0
S3: 100% Geothermal Baseload,0.505263,143.661607,RICE,0.0
S3: 100% Geothermal Baseload,0.757895,146.396692,RICE,0.0
S3: 100% Geothermal Baseload,1.010526,144.495891,RICE,0.0
S3: 100% Geothermal Baseload,1.263158,144.343225,RICE,0.0
S3: 100% Geothermal Baseload,1.515789,146.919418,RICE,0.0
S3: 100% Geothermal Baseload,1.768421,145.437384,RICE,0.0
S3: 100% Geothermal Baseload,2.021053,145.4143,RICE,0.0
S3: 100% Geothermal Baseload,2.273684,148.07771,RICE,0.0
S3: 100% Geothermal Baseload,2.526316,143.846932,RICE,0.0
S3: 100% Geothermal Baseload,2.778947,141.791134,RICE,0.0
S3: 100% Geothermal Baseload,3.031579,144.744855,RICE,0.0
S3: 100% Geothermal Baseload,3.284211,139.924624,RICE,0.0
S3: 100% Geothermal Baseload,3.536842,138.230245,RICE,0.0
S3: 100% Geothermal Baseload,3.789474,139.583534,RICE,0.0
S3: 100% Geothermal Baseload,4.042105,138.171424,RICE,0.0
S3: 100% Geothermal Baseload,4.294737,145.589762,RICE,0.0
S3: 100% Geothermal Baseload,4.547368,149.60022,RICE,0.0
S3: 100% Geothermal Baseload,4.8,149.555785,RICE,0.0
S3: 100% Geothermal Baseload,5.052632,157.938285,RICE,0.0
S3: 100% Geothermal Baseload,5.305263,158.873198,RICE,0.0
S3: 100% Geothermal Baseload,5.557895,163.688381,RICE,0.0
S3: 100% Geothermal Baseload,5.810526,166.117267,RICE,0.0
S3: 100% Geothermal Baseload,6.063158,163.627976,RICE,0.0
S3: 100% Geothermal Baseload,6.315789,167.073156,RICE,0.0
S3: 100% Geothermal Baseload,6.568421,166.689563,RICE,0.0
S3: 100% Geothermal Baseload,6.821053,173.904114,RICE,0.0
S3: 100% Geothermal Baseload,7.073684,176.518915,RICE,0.0
S3: 100% Geothermal Baseload,7.326316,178.300969,RICE,0.0
S3: 100% Geothermal Baseload,7.578947,182.486974,RICE,0.0
S3: 100% Geothermal Baseload,7.831579,189.006368,RICE,0.0
S3: 100% Geothermal Baseload,8.084211,193.308235,RICE,0.0
S3: 100% Geothermal Baseload,8.336842,194.22417,RICE,0.0
S3: 100% Geothermal Baseload,8.589474,200.603646,RICE,0.0
S3: 100% Geothermal Baseload,8.842105,195.7185,RICE,0.0
S3: 100% Geothermal Baseload,9.094737,199.041884,RICE,0.0
S3: 100% Geothermal Baseload,9.347368,199.515399,RICE,0.0
S3: 100% Geothermal Baseload,9.6,196.819151,RICE,0.0
S3: 100% Geothermal Baseload,9.852632,202.987544,RICE,0.0
S3: 100% Geothermal Baseload,10.105263,206.870804,RICE,0.0
S3: 100% Geothermal Baseload,10.357895,214.684552,RICE,0.0
S3: 100% Geothermal Baseload,10.610526,220.120959,RICE,0.0
S3: 100% Geothermal Baseload,10.863158,221.192293,RICE,0.0
S3: 100% Geothermal Baseload,11.115789,217.869809,RICE,0.0
S3: 100% Geothermal Baseload,11.368421,217.758375,RICE,0.0
S3: 100% Geothermal Baseload,11.621053,218.902304,RICE,0.0
S3: 100% Geothermal Baseload,11.873684,224.187636,RICE,0.0
S3: 100% Geothermal Baseload,12.126316,230.510044,RICE,0.0
S3: 100% Geothermal Baseload,12.378947,229.540724,RICE,0.0
S3: 100% Geothermal Baseload,12.631579,233.007549,RICE,0.0
S3: 100% Geothermal Baseload,12.884211,230.768568,RICE,0.0
S3: 100% Geothermal Baseload,13.136842,229.44087,RICE,0.0
S3: 100% Geothermal Baseload,13.389474,236.454504,RICE,0.0
S3: 100% Geothermal Baseload,13.642105,239.148366,RICE,0.0
S3: 100% Geothermal Baseload,13.894737,243.212598,RICE,0.0
S3: 100% Geothermal Baseload,14.147368,243.424454,RICE,0.0
S3: 100% Geothermal Baseload,14.4,241.582112,RICE,0.0
S3: 100% Geothermal Baseload,14.652632,240.133459,RICE,0.0
S3: 100% Geothermal Baseload,14.905263,240.384649,RICE,0.0
S3: 100% Geothermal Baseload,15.157895,241.264673,RICE,0.0
S3: 100% Geothermal Baseload,15.410526,241.392927,RICE,0.0
S3: 100% Geothermal Baseload,15.663158,237.458336,RICE,0.0
S3: 100% Geothermal Baseload,15.915789,231.52949,RICE,0.0
S3: 100% Geothermal Baseload,16.168421,234.102006,RICE,0.0
S3: 100% Geothermal Baseload,16.421053,237.144863,RICE,0.0
S3: 100% Geothermal Baseload,16.673684,238.766237,RICE,0.0
S3: 100% Geothermal Baseload,16.926316,243.151698,RICE,0.0
S3: 100% Geothermal Baseload,17.178947,240.764714,RICE,0.0
S3: 100% Geothermal Baseload,17.431579,234.359733,RICE,0.0
S3: 100% Geothermal Baseload,17.684211,233.904346,RICE,0.0
S3: 100% Geothermal Baseload,17.936842,233.569328,RICE,0.0
S3: 100% Geothermal Baseload,18.189474,230.77739,RICE,0.0
S3: 100% Geothermal Baseload,18.442105,234.382288,RICE,0.0
S3: 100% Geothermal Baseload,18.694737,224.894864,RICE,0.0
S3: 100% Geothermal Baseload,18.947368,220.961434,RICE,0.0
S3: 100% Geothermal Baseload,19.2,219.023883,RICE,0.0
S3: 100% Geothermal Baseload,19.452632,212.025596,RICE,0.0
S3: 100% Geothermal Baseload,19.705263,216.378291,RICE,0.0
S3: 100% Geothermal Baseload,19.957895,206.849427,RICE,0.0
S3: 100% Geothermal Baseload,20.210526,203.506378,RICE,0.0
S3: 100% Geothermal Baseload,20.463158,202.507636,RICE,0.0
S3: 100% Geothermal Baseload,20.715789,203.279618,RICE,0.0
S3: 100% Geothermal Baseload,20.968421,204.213857,RICE,0.0
S3: 100% Geothermal Baseload,21.221053,199.965939,RICE,0.0
S3: 100% Geothermal Baseload,21.473684,195.014963,RICE,0.0
S3: 100% Geothermal Baseload,21.726316,190.786003,RICE,0.0
S3: 100% Geothermal Baseload,21.978947,190.070966,RICE,0.0
S3: 100% Geothermal Baseload,22.231579,187.93445,RICE,0.0
S3: 100% Geothermal Baseload,22.484211,187.647006,RICE,0.0
S3: 100% Geothermal Baseload,22.736842,182.79361,RICE,0.0
S3: 100% Geothermal Baseload,22.989474,181.612203,RICE,0.0
S3: 100% Geothermal Baseload,23.242105,178.435705,RICE,0.0
S3: 100% Geothermal Baseload,23.494737,173.631815,RICE,0.0
S3: 100% Geothermal Baseload,23.747368,169.760164,RICE,0.0
S3: 100% Geothermal Baseload,24.0,161.092467,RICE,0.0
S3: 100% Geothermal Baseload,0.0,146.220746,Solar PPA,0.0
S3: 100% Geothermal Baseload,0.252632,142.493761,Solar PPA,0.0
S3: 100% Geothermal Baseload,0.505263,143.661607,Solar PPA,0.0
S3: 100% Geothermal Baseload,0.757895,146.396692,Solar PPA,0.0
S3: 100% Geothermal Baseload,1.010526,144.495891,Solar PPA,0.0
S3: 100% Geothermal Baseload,1.263158,144.343225,Solar PPA,0.0
S3: 100% Geothermal Baseload,1.515789,146.919418,Solar PPA,0.0
S3: 100% Geothermal Baseload,1.768421,145.437384,Solar PPA,0.0
S3: 100% Geothermal Baseload,2.021053,145.4143,Solar PPA,0.0
S3: 100% Geothermal Baseload,2.273684,148.07771,Solar PPA,0.0
S3: 100% Geothermal Baseload,2.526316,143.846932,Solar PPA,0.0
S3: 100% Geothermal Baseload,2.778947,141.791134,Solar PPA,0.0
S3: 100% Geothermal Baseload,3.031579,144.744855,Solar PPA,0.0
S3: 100% Geothermal Baseload,3.284211,139.924624,Solar PPA,0.0
S3: 100% Geothermal Baseload,3.536842,138.230245,Solar PPA,0.0
S3: 100% Geothermal Baseload,3.789474,139.583534,Solar PPA,0.0
S3: 100% Geothermal Baseload,4.042105,138.171424,Solar PPA,0.0
S3: 100% Geothermal Baseload,4.294737,145.589762,Solar PPA,0.0
S3: 100% Geothermal Baseload,4.547368,149.60022,Solar PPA,0.0
S3: 100% Geothermal Baseload,4.8,149.555785,Solar PPA,0.0
S3: 100% Geothermal Baseload,5.052632,157.938285,Solar PPA,0.0
S3: 100% Geothermal Baseload,5.305263,158.873198,Solar PPA,0.0
S3: 100% Geothermal Baseload,5.557895,163.688381,Solar PPA,0.0
S3: 100% Geothermal Baseload,5.810526,166.117267,Solar PPA,0.0
S3: 100% Geothermal Baseload,6.063158,163.627976,Solar PPA,0.0
S3: 100% Geothermal Baseload,6.315789,167.073156,Solar PPA,0.0
S3: 100% Geothermal Baseload,6.568421,166.689563,Solar PPA,0.0
S3: 100% Geothermal Baseload,6.821053,173.904114,Solar PPA,0.0
S3: 100% Geothermal Baseload,7.073684,176.518915,Solar PPA,0.0
S3: 100% Geothermal Baseload,7.326316,178.300969,Solar PPA,0.0
S3: 100% Geothermal Baseload,7.578947,182.486974,Solar PPA,0.0
S3: 100% Geothermal Baseload,7.831579,189.006368,Solar PPA,0.0
S3: 100% Geothermal Baseload,8.084211,193.308235,Solar PPA,0.0
S3: 100% Geothermal Baseload,8.336842,194.22417,Solar PPA,0.0
S3: 100% Geothermal Baseload,8.589474,200.603646,Solar PPA,0.0
S3: 100% Geothermal Baseload,8.842105,195.7185,Solar PPA,0.0
S3: 100% Geothermal Baseload,9.094737,199.041884,Solar PPA,0.0
S3: 100% Geothermal Baseload,9.347368,199.515399,Solar PPA,0.0
S3: 100% Geothermal Baseload,9.6,196.819151,Solar PPA,0.0
S3: 100% Geothermal Baseload,9.852632,202.987544,Solar PPA,0.0
S3: 100% Geothermal Baseload,10.105263,206.870804,Solar PPA,0.0
S3: 100% Geothermal Baseload,10.357895,214.684552,Solar PPA,0.0
S3: 100% Geothermal Baseload,10.610526,220.120959,Solar PPA,0.0
S3: 100% Geothermal Baseload,10.863158,221.192293,Solar PPA,0.0
S3: 100% Geothermal Baseload,11.115789,217.869809,Solar PPA,0.0
S3: 100% Geothermal Baseload,11.368421,217.758375,Solar PPA,0.0
S3: 100% Geothermal Baseload,11.621053,218.902304,Solar PPA,0.0
S3: 100% Geothermal Baseload,11.873684,224.187636,Solar PPA,0.0
S3: 100% Geothermal Baseload,12.126316,230.510044,Solar PPA,0.0
S3: 100% Geothermal Baseload,12.378947,229.540724,Solar PPA,0.0
S3: 100% Geothermal Baseload,12.631579,233.007549,Solar PPA,0.0
S3: 100% Geothermal Baseload,12.884211,230.768568,Solar PPA,0.0
S3: 100% Geothermal Baseload,13.136842,229.44087,Solar PPA,0.0
S3: 100% Geothermal Baseload,13.389474,236.454504,Solar PPA,0.0
S3: 100% Geothermal Baseload,13.642105,239.148366,Solar PPA,0.0
S3: 100% Geothermal Baseload,13.894737,243.212598,Solar PPA,0.0
S3: 100% Geothermal Baseload,14.147368,243.424454,Solar PPA,0.0
S3: 100% Geothermal Baseload,14.4,241.582112,Solar PPA,0.0
S3: 100% Geothermal Baseload,14.652632,240.133459,Solar PPA,0.0
S3: 100% Geothermal Baseload,14.905263,240.384649,Solar PPA,0.0
S3: 100% Geothermal Baseload,15.157895,241.264673,Solar PPA,0.0
S3: 100% Geothermal Baseload,15.410526,241.392927,Solar PPA,0.0
S3: 100% Geothermal Baseload,15.663158,237.458336,Solar PPA,0.0
S3: 100% Geothermal Baseload,15.915789,231.52949,Solar PPA,0.0
S3: 100% Geothermal Baseload,16.168421,234.102006,Solar PPA,0.0
S3: 100% Geothermal Baseload,16.421053,237.144863,Solar PPA,0.0
S3: 100% Geothermal Baseload,16.673684,238.766237,Solar PPA,0.0
S3: 100% Geothermal Baseload,16.926316,243.151698,Solar PPA,0.0
S3: 100% Geothermal Baseload,17.178947,240.764714,Solar PPA,0.0
S3: 100% Geothermal Baseload,17.431579,234.359733,Solar PPA,0.0
S3: 100% Geothermal Baseload,17.684211,233.904346,Solar PPA,0.0
S3: 100% Geothermal Baseload,17.936842,233.569328,Solar PPA,0.0
S3: 100% Geothermal Baseload,18.189474,230.77739,Solar PPA,0.0
S3: 100% Geothermal Baseload,18.442105,234.382288,Solar PPA,0.0
S3: 100% Geothermal Baseload,18.694737,224.894864,Solar PPA,0.0
S3: 100% Geothermal Baseload,18.947368,220.961434,Solar PPA,0.0
S3: 100% Geothermal Baseload,19.2,219.023883,Solar PPA,0.0
S3: 100% Geothermal Baseload,19.452632,212.025596,Solar PPA,0.0
S3: 100% Geothermal Baseload,19.705263,216.378291,Solar PPA,0.0
S3: 100% Geothermal Baseload,19.957895,206.849427,Solar PPA,0.0
S3: 100% Geothermal Baseload,20.210526,203.506378,Solar PPA,0.0
S3: 100% Geothermal Baseload,20.463158,202.507636,Solar PPA,0.0
S3: 100% Geothermal Baseload,20.715789,203.279618,Solar PPA,0.0
S3: 100% Geothermal Baseload,20.968421,204.213857,Solar PPA,0.0
S3: 100% Geothermal Baseload,21.221053,199.965939,Solar PPA,0.0
S3: 100% Geothermal Baseload,21.473684,195.014963,Solar PPA,0.0
S3: 100% Geothermal Baseload,21.726316,190.786003,Solar PPA,0.0
S3: 100% Geothermal Baseload,21.978947,190.070966,Solar PPA,0.0
S3: 100% Geothermal Baseload,22.231579,187.93445,Solar PPA,0.0
S3: 100% Geothermal Baseload,22.484211,187.647006,Solar PPA,0.0
S3: 100% Geothermal Baseload,22.736842,182.79361,Solar PPA,0.0
S3: 100% Geothermal Baseload,22.989474,181.612203,Solar PPA,0.0
S3: 100% Geothermal Baseload,23.242105,178.435705,Solar PPA,0.0
S3: 100% Geothermal Baseload,23.494737,173.631815,Solar PPA,0.0
S3: 100% Geothermal Baseload,23.747368,169.760164,Solar PPA,0.0
S3: 100% Geothermal Baseload,24.0,161.092467,Solar PPA,0.0
S3: 100% Geothermal Baseload,0.0,146.220746,Geothermal,146.220746
S3: 100% Geothermal Baseload,0.252632,142.493761,Geothermal,142.493761
S3: 100% Geothermal Baseload,0.505263,143.661607,Geothermal,143.661607
S3: 100% Geothermal Baseload,0.757895,146.396692,Geothermal,146.396692
S3: 100% Geothermal Baseload,1.010526,144.495891,Geothermal,144.495891
S3: 100% Geothermal Baseload,1.263158,144.343225,Geothermal,144.343225
S3: 100% Geothermal Baseload,1.515789,146.919418,Geothermal,146.919418
S3: 100% Geothermal Baseload,1.768421,145.437384,Geothermal,145.437384
S3: 100% Geothermal Baseload,2.021053,145.4143,Geothermal,145.4143
S3: 100% Geothermal Baseload,2.273684,148.07771,Geothermal,148.07771
S3: 100% Geothermal Baseload,2.526316,143.846932,Geothermal,143.846932
S3: 100% Geothermal Baseload,2.778947,141.791134,Geothermal,141.791134
S3: 100% Geothermal Baseload,3.031579,144.744855,Geothermal,144.744855
S3: 100% Geothermal Baseload,3.284211,139.924624,Geothermal,139.924624
S3: 100% Geothermal Baseload,3.536842,138.230245,Geothermal,138.230245
S3: 100% Geothermal Baseload,3.789474,139.583534,Geothermal,139.583534
S3: 100% Geothermal Baseload,4.042105,138.171424,Geothermal,138.171424
S3: 100% Geothermal Baseload,4.294737,145.589762,Geothermal,145.589762
S3: 100% Geothermal Baseload,4.547368,149.60022,Geothermal,149.60022
S3: 100% Geothermal Baseload,4.8,149.555785,Geothermal,149.555785
S3: 100% Geothermal Baseload,5.052632,157.938285,Geothermal,157.938285
S3: 100% Geothermal Baseload,5.305263,158.873198,Geothermal,158.873198
S3: 100% Geothermal Baseload,5.557895,163.688381,Geothermal,163.688381
S3: 100% Geothermal Baseload,5.810526,166.117267,Geothermal,166.117267
S3: 100% Geothermal Baseload,6.063158,163.627976,Geothermal,163.627976
S3: 100% Geothermal Baseload,6.315789,167.073156,Geothermal,167.073156
S3: 100% Geothermal Baseload,6.568421,166.689563,Geothermal,166.689563
S3: 100% Geothermal Baseload,6.821053,173.904114,Geothermal,173.904114
S3: 100% Geothermal Baseload,7.073684,176.518915,Geothermal,176.518915
S3: 100% Geothermal Baseload,7.326316,178.300969,Geothermal,178.300969
S3: 100% Geothermal Baseload,7.578947,182.486974,Geothermal,182.486974
S3: 100% Geothermal Baseload,7.831579,189.006368,Geothermal,189.006368
S3: 100% Geothermal Baseload,8.084211,193.308235,Geothermal,193.308235
S3: 100% Geothermal Baseload,8.336842,194.22417,Geothermal,194.22417
S3: 100% Geothermal Baseload,8.589474,200.603646,Geothermal,200.603646
S3: 100% Geothermal Baseload,8.842105,195.7185,Geothermal,195.7185
S3: 100% Geothermal Baseload,9.094737,199.041884,Geothermal,199.041884
S3: 100% Geothermal Baseload,9.347368,199.515399,Geothermal,199.515399
S3: 100% Geothermal Baseload,9.6,196.819151,Geothermal,196.819151
S3: 100% Geothermal Baseload,9.852632,202.987544,Geothermal,202.987544
S3: 100% Geothermal Baseload,10.105263,206.870804,Geothermal,206.870804
S3: 100% Geothermal Baseload,10.357895,214.684552,Geothermal,214.684552
S3: 100% Geothermal Baseload,10.610526,220.120959,Geothermal,220.120959
S3: 100% Geothermal Baseload,10.863158,221.192293,Geothermal,221.192293
S3: 100% Geothermal Baseload,11.115789,217.869809,Geothermal,217.869809
S3: 100% Geothermal Baseload,11.368421,217.758375,Geothermal,217.758375
S3: 100% Geothermal Baseload,11.621053,218.902304,Geothermal,218.902304
S3: 100% Geothermal Baseload,11.873684,224.187636,Geothermal,224.187636
S3: 100% Geothermal Baseload,12.126316,230.510044,Geothermal,230.510044
S3: 100% Geothermal Baseload,12.378947,229.540724,Geothermal,229.540724
S3: 100% Geothermal Baseload,12.631579,233.007549,Geothermal,233.007549
S3: 100% Geothermal Baseload,12.884211,230.768568,Geothermal,230.768568
S3: 100% Geothermal Baseload,13.136842,229.44087,Geothermal,229.44087
S3: 100% Geothermal Baseload,13.389474,236.454504,Geothermal,236.454504
S3: 100% Geothermal Baseload,13.642105,239.148366,Geothermal,239.148366
S3: 100% Geothermal Baseload,13.894737,243.212598,Geothermal,243.212598
S3: 100% Geothermal Baseload,14.147368,243.424454,Geothermal,243.424454
S3: 100% Geothermal Baseload,14.4,241.582112,Geothermal,241.582112
S3: 100% Geothermal Baseload,14.652632,240.133459,Geothermal,240.133459
S3: 100% Geothermal Baseload,14.905263,240.384649,Geothermal,240.384649
S3: 100% Geothermal Baseload,15.157895,241.264673,Geothermal,241.264673
S3: 100% Geothermal Baseload,15.410526,241.392927,Geothermal,241.392927
S3: 100% Geothermal Baseload,15.663158,237.458336,Geothermal,237.458336
S3: 100% Geothermal Baseload,15.915789,231.52949,Geothermal,231.52949
S3: 100% Geothermal Baseload,16.168421,234.102006,Geothermal,234.102006
S3: 100% Geothermal Baseload,16.421053,237.144863,Geothermal,237.144863
S3: 100% Geothermal Baseload,16.673684,238.766237,Geothermal,238.766237
S3: 100% Geothermal Baseload,16.926316,243.151698,Geothermal,243.151698
S3: 100% Geothermal Baseload,17.178947,240.764714,Geothermal,240.764714
S3: 100% Geothermal Baseload,17.431579,234.359733,Geothermal,234.359733
S3: 100% Geothermal Baseload,17.684211,233.904346,Geothermal,233.904346
S3: 100% Geothermal Baseload,17.936842,233.569328,Geothermal,233.569328
S3: 100% Geothermal Baseload,18.189474,230.77739,Geothermal,230.77739
S3: 100% Geothermal Baseload,18.442105,234.382288,Geothermal,234.382288
S3: 100% Geothermal Baseload,18.694737,224.894864,Geothermal,224.894864
S3: 100% Geothermal Baseload,18.947368,220.961434,Geothermal,220.961434
S3: 100% Geothermal Baseload,19.2,219.023883,Geothermal,219.023883
S3: 100% Geothermal Baseload,19.452632,212.025596,Geothermal,212.025596
S3: 100% Geothermal Baseload,19.705263,216.378291,Geothermal,216.378291
S3: 100% Geothermal Baseload,19.957895,206.849427,Geothermal,206.849427
S3: 100% Geothermal Baseload,20.210526,203.506378,Geothermal,203.506378
S3: 100% Geothermal Baseload,20.463158,202.507636,Geothermal,202.507636
S3: 100% Geothermal Baseload,20.715789,203.279618,Geothermal,203.279618
S3: 100% Geothermal Baseload,20.968421,204.213857,Geothermal,204.213857
S3: 100% Geothermal Baseload,21.221053,199.965939,Geothermal,199.965939
S3: 100% Geothermal Baseload,21.473684,195.014963,Geothermal,195.014963
S3: 100% Geothermal Baseload,21.726316,190.786003,Geothermal,190.786003
S3: 100% Geothermal Baseload,21.978947,190.070966,Geothermal,190.070966
S3: 100% Geothermal Baseload,22.231579,187.93445,Geothermal,187.93445
S3: 100% Geothermal Baseload,22.484211,187.647006,Geothermal,187.647006
S3: 100% Geothermal Baseload,22.736842,182.79361,Geothermal,182.79361
S3: 100% Geothermal Baseload,22.989474,181.612203,Geothermal,181.612203
S3: 100% Geothermal Baseload,23.242105,178.435705,Geothermal,178.435705
S3: 100% Geothermal Baseload,23.494737,173.631815,Geothermal,173.631815
S3: 100% Geothermal Baseload,23.747368,169.760164,Geothermal,169.760164
S3: 100% Geothermal Baseload,24.0,161.092467,Geothermal,161.092467
S3: 100% Geothermal Baseload,0.0,146.220746,SMR,0.0
S3: 100% Geothermal Baseload,0.252632,142.493761,SMR,0.0
S3: 100% Geothermal Baseload,0.505263,143.661607,SMR,0.0
S3: 100% Geothermal Baseload,0.757895,146.396692,SMR,0.0
S3: 100% Geothermal Baseload,1.010526,144.495891,SMR,0.0
S3: 100% Geothermal Baseload,1.263158,144.343225,SMR,0.0
S3: 100% Geothermal Baseload,1.515789,146.919418,SMR,0.0
S3: 100% Geothermal Baseload,1.768421,145.437384,SMR,0.0
S3: 100% Geothermal Baseload,2.021053,145.4143,SMR,0.0
S3: 100% Geothermal Baseload,2.273684,148.07771,SMR,0.0
S3: 100% Geothermal Baseload,2.526316,143.846932,SMR,0.0
S3: 100% Geothermal Baseload,2.778947,141.791134,SMR,0.0
S3: 100% Geothermal Baseload,3.031579,144.744855,SMR,0.0
S3: 100% Geothermal Baseload,3.284211,139.924624,SMR,0.0
S3: 100% Geothermal Baseload,3.536842,138.230245,SMR,0.0
S3: 100% Geothermal Baseload,3.789474,139.583534,SMR,0.0
S3: 100% Geothermal Baseload,4.042105,138.171424,SMR,0.0
S3: 100% Geothermal Baseload,4.294737,145.589762,SMR,0.0
S3: 100% Geothermal Baseload,4.547368,149.60022,SMR,0.0
S3: 100% Geothermal Baseload,4.8,149.555785,SMR,0.0
S3: 100% Geothermal Baseload,5.052632,157.938285,SMR,0.0
S3: 100% Geothermal Baseload,5.305263,158.873198,SMR,0.0
S3: 100% Geothermal Baseload,5.557895,163.688381,SMR,0.0
S3: 100% Geothermal Baseload,5.810526,166.117267,SMR,0.0
S3: 100% Geothermal Baseload,6.063158,163.627976,SMR,0.0
S3: 100% Geothermal Baseload,6.315789,167.073156,SMR,0.0
S3: 100% Geothermal Baseload,6.568421,166.689563,SMR,0.0
S3: 100% Geothermal Baseload,6.821053,173.904114,SMR,0.0
S3: 100% Geothermal Baseload,7.073684,176.518915,SMR,0.0
S3: 100% Geothermal Baseload,7.326316,178.300969,SMR,0.0
S3: 100% Geothermal Baseload,7.578947,182.486974,SMR,0.0
S3: 100% Geothermal Baseload,7.831579,189.006368,SMR,0.0
S3: 100% Geothermal Baseload,8.084211,193.308235,SMR,0.0
S3: 100% Geothermal Baseload,8.336842,194.22417,SMR,0.0
S3: 100% Geothermal Baseload,8.589474,200.603646,SMR,0.0
S3: 100% Geothermal Baseload,8.842105,195.7185,SMR,0.0
S3: 100% Geothermal Baseload,9.094737,199.041884,SMR,0.0
S3: 100% Geothermal Baseload,9.347368,199.515399,SMR,0.0
S3: 100% Geothermal Baseload,9.6,196.819151,SMR,0.0
S3: 100% Geothermal Baseload,9.852632,202.987544,SMR,0.0
S3: 100% Geothermal Baseload,10.105263,206.870804,SMR,0.0
S3: 100% Geothermal Baseload,10.357895,214.684552,SMR,0.0
S3: 100% Geothermal Baseload,10.610526,220.120959,SMR,0.0
S3: 100% Geothermal Baseload,10.863158,221.192293,SMR,0.0
S3: 100% Geothermal Baseload,11.115789,217.869809,SMR,0.0
S3: 100% Geothermal Baseload,11.368421,217.758375,SMR,0.0
S3: 100% Geothermal Baseload,11.621053,218.902304,SMR,0.0
S3: 100% Geothermal Baseload,11.873684,224.187636,SMR,0.0
S3: 100% Geothermal Baseload,12.126316,230.510044,SMR,0.0
S3: 100% Geothermal Baseload,12.378947,229.540724,SMR,0.0
S3: 100% Geothermal Baseload,12.631579,233.007549,SMR,0.0
S3: 100% Geothermal Baseload,12.884211,230.768568,SMR,0.0
S3: 100% Geothermal Baseload,13.136842,229.44087,SMR,0.0
S3: 100% Geothermal Baseload,13.389474,236.454504,SMR,0.0
S3: 100% Geothermal Baseload,13.642105,239.148366,SMR,0.0
S3: 100% Geothermal Baseload,13.894737,243.212598,SMR,0.0
S3: 100% Geothermal Baseload,14.147368,243.424454,SMR,0.0
S3: 100% Geothermal Baseload,14.4,241.582112,SMR,0.0
S3: 100% Geothermal Baseload,14.652632,240.133459,SMR,0.0
S3: 100% Geothermal Baseload,14.905263,240.384649,SMR,0.0
S3: 100% Geothermal Baseload,15.157895,241.264673,SMR,0.0
S3: 100% Geothermal Baseload,15.410526,241.392927,SMR,0.0
S3: 100% Geothermal Baseload,15.663158,237.458336,SMR,0.0
S3: 100% Geothermal Baseload,15.915789,231.52949,SMR,0.0
S3: 100% Geothermal Baseload,16.168421,234.102006,SMR,0.0
S3: 100% Geothermal Baseload,16.421053,237.144863,SMR,0.0
S3: 100% Geothermal Baseload,16.673684,238.766237,SMR,0.0
S3: 100% Geothermal Baseload,16.926316,243.151698,SMR,0.0
S3: 100% Geothermal Baseload,17.178947,240.764714,SMR,0.0
S3: 100% Geothermal Baseload,17.431579,234.359733,SMR,0.0
S3: 100% Geothermal Baseload,17.684211,233.904346,SMR,0.0
S3: 100% Geothermal Baseload,17.936842,233.569328,SMR,0.0
S3: 100% Geothermal Baseload,18.189474,230.77739,SMR,0.0
S3: 100% Geothermal Baseload,18.442105,234.382288,SMR,0.0
S3: 100% Geothermal Baseload,18.694737,224.894864,SMR,0.0
S3: 100% Geothermal Baseload,18.947368,220.961434,SMR,0.0
S3: 100% Geothermal Baseload,19.2,219.023883,SMR,0.0
S3: 100% Geothermal Baseload,19.452632,212.025596,SMR,0.0
S3: 100% Geothermal Baseload,19.705263,216.378291,SMR,0.0
S3: 100% Geothermal Baseload,19.957895,206.849427,SMR,0.0
S3: 100% Geothermal Baseload,20.210526,203.506378,SMR,0.0
S3: 100% Geothermal Baseload,20.463158,202.507636,SMR,0.0
S3: 100% Geothermal Baseload,20.715789,203.279618,SMR,0.0
S3: 100% Geothermal Baseload,20.968421,204.213857,SMR,0.0
S3: 100% Geothermal Baseload,21.221053,199.965939,SMR,0.0
S3: 100% Geothermal Baseload,21.473684,195.014963,SMR,0.0
S3: 100% Geothermal Baseload,21.726316,190.786003,SMR,0.0
S3: 100% Geothermal Baseload,21.978947,190.070966,SMR,0.0
S3: 100% Geothermal Baseload,22.231579,187.93445,SMR,0.0
S3: 100% Geothermal Baseload,22.484211,187.647006,SMR,0.0
S3: 100% Geothermal Baseload,22.736842,182.79361,SMR,0.0
S3: 100% Geothermal Baseload,22.989474,181.612203,SMR,0.0
S3: 100% Geothermal Baseload,23.242105,178.435705,SMR,0.0
S3: 100% Geothermal Baseload,23.494737,173.631815,SMR,0.0
S3: 100% Geothermal Baseload,23.747368,169.760164,SMR,0.0
S3: 100% Geothermal Baseload,24.0,161.092467,SMR,0.0
S3: 100% Geothermal Baseload,0.0,146.220746,Microturbines,0.0
S3: 100% Geothermal Baseload,0.252632,142.493761,Microturbines,0.0
S3: 100% Geothermal Baseload,0.505263,143.661607,Microturbines,0.0
S3: 100% Geothermal Baseload,0.757895,146.396692,Microturbines,0.0
S3: 100% Geothermal Baseload,1.010526,144.495891,Microturbines,0.0
S3: 100% Geothermal Baseload,1.263158,144.343225,Microturbines,0.0
S3: 100% Geothermal Baseload,1.515789,146.919418,Microturbines,0.0
S3: 100% Geothermal Baseload,1.768421,145.437384,Microturbines,0.0
S3: 100% Geothermal Baseload,2.021053,145.4143,Microturbines,0.0
S3: 100% Geothermal Baseload,2.273684,148.07771,Microturbines,0.0
S3: 100% Geothermal Baseload,2.526316,143.846932,Microturbines,0.0
S3: 100% Geothermal Baseload,2.778947,141.791134,Microturbines,0.0
S3: 100% Geothermal Baseload,3.031579,144.744855,Microturbines,0.0
S3: 100% Geothermal Baseload,3.284211,139.924624,Microturbines,0.0
S3: 100% Geothermal Baseload,3.536842,138.230245,Microturbines,0.0
S3: 100% Geothermal Baseload,3.789474,139.583534,Microturbines,0.0
S3: 100% Geothermal Baseload,4.042105,138.171424,Microturbines,0.0
S3: 100% Geothermal Baseload,4.294737,145.589762,Microturbines,0.0
S3: 100% Geothermal Baseload,4.547368,149.60022,Microturbines,0.0
S3: 100% Geothermal Baseload,4.8,149.555785,Microturbines,0.0
S3: 100% Geothermal Baseload,5.052632,157.938285,Microturbines,0.0
S3: 100% Geothermal Baseload,5.305263,158.873198,Microturbines,0.0
S3: 100% Geothermal Baseload,5.557895,163.688381,Microturbines,0.0
S3: 100% Geothermal Baseload,5.810526,166.117267,Microturbines,0.0
S3: 100% Geothermal Baseload,6.063158,163.627976,Microturbines,0.0
S3: 100% Geothermal Baseload,6.315789,167.073156,Microturbines,0.0
S3: 100% Geothermal Baseload,6.568421,166.689563,Microturbines,0.0
S3: 100% Geothermal Baseload,6.821053,173.904114,Microturbines,0.0
S3: 100% Geothermal Baseload,7.073684,176.518915,Microturbines,0.0
S3: 100% Geothermal Baseload,7.326316,178.300969,Microturbines,0.0
S3: 100% Geothermal Baseload,7.578947,182.486974,Microturbines,0.0
S3: 100% Geothermal Baseload,7.831579,189.006368,Microturbines,0.0
S3: 100% Geothermal Baseload,8.084211,193.308235,Microturbines,0.0
S3: 100% Geothermal Baseload,8.336842,194.22417,Microturbines,0.0
S3: 100% Geothermal Baseload,8.589474,200.603646,Microturbines,0.0
S3: 100% Geothermal Baseload,8.842105,195.7185,Microturbines,0.0
S3: 100% Geothermal Baseload,9.094737,199.041884,Microturbines,0.0
S3: 100% Geothermal Baseload,9.347368,199.515399,Microturbines,0.0
S3: 100% Geothermal Baseload,9.6,196.819151,Microturbines,0.0
S3: 100% Geothermal Baseload,9.852632,202.987544,Microturbines,0.0
S3: 100% Geothermal Baseload,10.105263,206.870804,Microturbines,0.0
S3: 100% Geothermal Baseload,10.357895,214.684552,Microturbines,0.0
S3: 100% Geothermal Baseload,10.610526,220.120959,Microturbines,0.0
S3: 100% Geothermal Baseload,10.863158,221.192293,Microturbines,0.0
S3: 100% Geothermal Baseload,11.115789,217.869809,Microturbines,0.0
S3: 100% Geothermal Baseload,11.368421,217.758375,Microturbines,0.0
S3: 100% Geothermal Baseload,11.621053,218.902304,Microturbines,0.0
S3: 100% Geothermal Baseload,11.873684,224.187636,Microturbines,0.0
S3: 100% Geothermal Baseload,12.126316,230.510044,Microturbines,0.0
S3: 100% Geothermal Baseload,12.378947,229.540724,Microturbines,0.0
S3: 100% Geothermal Baseload,12.631579,233.007549,Microturbines,0.0
S3: 100% Geothermal Baseload,12.884211,230.768568,Microturbines,0.0
S3: 100% Geothermal Baseload,13.136842,229.44087,Microturbines,0.0
S3: 100% Geothermal Baseload,13.389474,236.454504,Microturbines,0.0
S3: 100% Geothermal Baseload,13.642105,239.148366,Microturbines,0.0
S3: 100% Geothermal Baseload,13.894737,243.212598,Microturbines,0.0
S3: 100% Geothermal Baseload,14.147368,243.424454,Microturbines,0.0
S3: 100% Geothermal Baseload,14.4,241.582112,Microturbines,0.0
S3: 100% Geothermal Baseload,14.652632,240.133459,Microturbines,0.0
S3: 100% Geothermal Baseload,14.905263,240.384649,Microturbines,0.0
S3: 100% Geothermal Baseload,15.157895,241.264673,Microturbines,0.0
S3: 100% Geothermal Baseload,15.410526,241.392927,Microturbines,0.0
S3: 100% Geothermal Baseload,15.663158,237.458336,Microturbines,0.0
S3: 100% Geothermal Baseload,15.915789,231.52949,Microturbines,0.0
S3: 100% Geothermal Baseload,16.168421,234.102006,Microturbines,0.0
S3: 100% Geothermal Baseload,16.421053,237.144863,Microturbines,0.0
S3: 100% Geothermal Baseload,16.673684,238.766237,Microturbines,0.0
S3: 100% Geothermal Baseload,16.926316,243.151698,Microturbines,0.0
S3: 100% Geothermal Baseload,17.178947,240.764714,Microturbines,0.0
S3: 100% Geothermal Baseload,17.431579,234.359733,Microturbines,0.0
S3: 100% Geothermal Baseload,17.684211,233.904346,Microturbines,0.0
S3: 100% Geothermal Baseload,17.936842,233.569328,Microturbines,0.0
S3: 100% Geothermal Baseload,18.189474,230.77739,Microturbines,0.0
S3: 100% Geothermal Baseload,18.442105,234.382288,Microturbines,0.0
S3: 100% Geothermal Baseload,18.694737,224.894864,Microturbines,0.0
S3: 100% Geothermal Baseload,18.947368,220.961434,Microturbines,0.0
S3: 100% Geothermal Baseload,19.2,219.023883,Microturbines,0.0
S3: 100% Geothermal Baseload,19.452632,212.025596,Microturbines,0.0
S3: 100% Geothermal Baseload,19.705263,216.378291,Microturbines,0.0
S3: 100% Geothermal Baseload,19.957895,206.849427,Microturbines,0.0
S3: 100% Geothermal Baseload,20.210526,203.506378,Microturbines,0.0
S3: 100% Geothermal Baseload,20.463158,202.507636,Microturbines,0.0
S3: 100% Geothermal Baseload,20.715789,203.279618,Microturbines,0.0
S3: 100% Geothermal Baseload,20.968421,204.213857,Microturbines,0.0
S3: 100% Geothermal Baseload,21.221053,199.965939,Microturbines,0.0
S3: 100% Geothermal Baseload,21.473684,195.014963,Microturbines,0.0
S3: 100% Geothermal Baseload,21.726316,190.786003,Microturbines,0.0
S3: 100% Geothermal Baseload,21.978947,190.070966,Microturbines,0.0
S3: 100% Geothermal Baseload,22.231579,187.93445,Microturbines,0.0
S3: 100% Geothermal Baseload,22.484211,187.647006,Microturbines,0.0
S3: 100% Geothermal Baseload,22.736842,182.79361,Microturbines,0.0
S3: 100% Geothermal Baseload,22.989474,181.612203,Microturbines,0.0
S3: 100% Geothermal Baseload,23.242105,178.435705,Microturbines,0.0
S3: 100% Geothermal Baseload,23.494737,173.631815,Microturbines,0.0
S3: 100% Geothermal Baseload,23.747368,169.760164,Microturbines,0.0
S3: 100% Geothermal Baseload,24.0,161.092467,Microturbines,0.0
S3: 100% Geothermal Baseload,0.0,146.220746,BESS (Discharge),0.0
S3: 100% Geothermal Baseload,0.252632,142.493761,BESS (Discharge),0.0
S3: 100% Geothermal Baseload,0.505263,143.661607,BESS (Discharge),0.0
S3: 100% Geothermal Baseload,0.757895,146.396692,BESS (Discharge),0.0
S3: 100% Geothermal Baseload,1.010526,144.495891,BESS (Discharge),0.0
S3: 100% Geothermal Baseload,1.263158,144.343225,BESS (Discharge),0.0
S3: 100% Geothermal Baseload,1.515789,146.919418,BESS (Discharge),0.0
S3: 100% Geothermal Baseload,1.768421,145.437384,BESS (Discharge),0.0
S3: 100% Geothermal Baseload,2.021053,145.4143,BESS (Discharge),0.0
S3: 100% Geothermal Baseload,2.273684,148.07771,BESS (Discharge),0.0
S3: 100% Geothermal Baseload,2.526316,143.846932,BESS (Discharge),0.0
S3: 100% Geothermal Baseload,2.778947,141.791134,BESS (Discharge),0.0
S3: 100% Geothermal Baseload,3.031579,144.744855,BESS (Discharge),0.0
S3: 100% Geothermal Baseload,3.284211,139.924624,BESS (Discharge),0.0
S3: 100% Geothermal Baseload,3.536842,138.230245,BESS (Discharge),0.0
S3: 100% Geothermal Baseload,3.789474,139.583534,BESS (Discharge),0.0
S3: 100% Geothermal Baseload,4.042105,138.171424,BESS (Discharge),0.0
S3: 100% Geothermal Baseload,4.294737,145.589762,BESS (Discharge),0.0
S3: 100% Geothermal Baseload,4.547368,149.60022,BESS (Discharge),0.0
S3: 100% Geothermal Baseload,4.8,149.555785,BESS (Discharge),0.0
S3: 100% Geothermal Baseload,5.052632,157.938285,BESS (Discharge),0.0
S3: 100% Geothermal Baseload,5.305263,158.873198,BESS (Discharge),0.0
S3: 100% Geothermal Baseload,5.557895,163.688381,BESS (Discharge),0.0
S3: 100% Geothermal Baseload,5.810526,166.117267,BESS (Discharge),0.0
S3: 100% Geothermal Baseload,6.063158,163.627976,BESS (Discharge),0.0
S3: 100% Geothermal Baseload,6.315789,167.073156,BESS (Discharge),0.0
S3: 100% Geothermal Baseload,6.568421,166.689563,BESS (Discharge),0.0
S3: 100% Geothermal Baseload,6.821053,173.904114,BESS (Discharge),0.0
S3: 100% Geothermal Baseload,7.073684,176.518915,BESS (Discharge),0.0
S3: 100% Geothermal Baseload,7.326316,178.300969,BESS (Discharge),0.0
S3: 100% Geothermal Baseload,7.578947,182.486974,BESS (Discharge),0.0
S3: 100% Geothermal Baseload,7.831579,189.006368,BESS (Discharge),0.0
S3: 100% Geothermal Baseload,8.084211,193.308235,BESS (Discharge),0.0
S3: 100% Geothermal Baseload,8.336842,194.22417,BESS (Discharge),0.0
S3: 100% Geothermal Baseload,8.589474,200.603646,BESS (Discharge),0.0
S3: 100% Geothermal Baseload,8.842105,195.7185,BESS (Discharge),0.0
S3: 100% Geothermal Baseload,9.094737,199.041884,BESS (Discharge),0.0
S3: 100% Geothermal Baseload,9.347368,199.515399,BESS (Discharge),0.0
S3: 100% Geothermal Baseload,9.6,196.819151,BESS (Discharge),0.0
S3: 100% Geothermal Baseload,9.852632,202.987544,BESS (Discharge),0.0
S3: 100% Geothermal Baseload,10.105263,206.870804,BESS (Discharge),0.0
S3: 100% Geothermal Baseload,10.357895,214.684552,BESS (Discharge),0.0
S3: 100% Geothermal Baseload,10.610526,220.120959,BESS (Discharge),0.0
S3: 100% Geothermal Baseload,10.863158,221.192293,BESS (Discharge),0.0
S3: 100% Geothermal Baseload,11.115789,217.869809,BESS (Discharge),0.0
S3: 100% Geothermal Baseload,11.368421,217.758375,BESS (Discharge),0.0
S3: 100% Geothermal Baseload,11.621053,218.902304,BESS (Discharge),0.0
S3: 100% Geothermal Baseload,11.873684,224.187636,BESS (Discharge),0.0
S3: 100% Geothermal Baseload,12.126316,230.510044,BESS (Discharge),0.0
S3: 100% Geothermal Baseload,12.378947,229.540724,BESS (Discharge),0.0
S3: 100% Geothermal Baseload,12.631579,233.007549,BESS (Discharge),0.0
S3: 100% Geothermal Baseload,12.884211,230.768568,BESS (Discharge),0.0
S3: 100% Geothermal Baseload,13.136842,229.44087,BESS (Discharge),0.0
S3: 100% Geothermal Baseload,13.389474,236.454504,BESS (Discharge),0.0
S3: 100% Geothermal Baseload,13.642105,239.148366,BESS (Discharge),0.0
S3: 100% Geothermal Baseload,13.894737,243.212598,BESS (Discharge),0.0
S3: 100% Geothermal Baseload,14.147368,243.424454,BESS (Discharge),0.0
S3: 100% Geothermal Baseload,14.4,241.582112,BESS (Discharge),0.0
S3: 100% Geothermal Baseload,14.652632,240.133459,BESS (Discharge),0.0
S3: 100% Geothermal Baseload,14.905263,240.384649,BESS (Discharge),0.0
S3: 100% Geothermal Baseload,15.157895,241.264673,BESS (Discharge),0.0
S3: 100% Geothermal Baseload,15.410526,241.392927,BESS (Discharge),0.0
S3: 100% Geothermal Baseload,15.663158,237.458336,BESS (Discharge),0.0
S3: 100% Geothermal Baseload,15.915789,231.52949,BESS (Discharge),0.0
S3: 100% Geothermal Baseload,16.168421,234.102006,BESS (Discharge),0.0
S3: 100% Geothermal Baseload,16.421053,237.144863,BESS (Discharge),0.0
S3: 100% Geothermal Baseload,16.673684,238.766237,BESS (Discharge),0.0
S3: 100% Geothermal Baseload,16.926316,243.151698,BESS (Discharge),0.0
S3: 100% Geothermal Baseload,17.178947,240.764714,BESS (Discharge),0.0
S3: 100% Geothermal Baseload,17.431579,234.359733,BESS (Discharge),0.0
S3: 100% Geothermal Baseload,17.684211,233.904346,BESS (Discharge),0.0
S3: 100% Geothermal Baseload,17.936842,233.569328,BESS (Discharge),0.0
S3: 100% Geothermal Baseload,18.189474,230.77739,BESS (Discharge),0.0
S3: 100% Geothermal Baseload,18.442105,234.382288,BESS (Discharge),0.0
S3: 100% Geothermal Baseload,18.694737,224.894864,BESS (Discharge),0.0
S3: 100% Geothermal Baseload,18.947368,220.961434,BESS (Discharge),0.0
S3: 100% Geothermal Baseload,19.2,219.023883,BESS (Discharge),0.0
S3: 100% Geothermal Baseload,19.452632,212.025596,BESS (Discharge),0.0
S3: 100% Geothermal Baseload,19.705263,216.378291,BESS (Discharge),0.0
S3: 100% Geothermal Baseload,19.957895,206.849427,BESS (Discharge),0.0
S3: 100% Geothermal Baseload,20.210526,203.506378,BESS (Discharge),0.0
S3: 100% Geothermal Baseload,20.463158,202.507636,BESS (Discharge),0.0
S3: 100% Geothermal Baseload,20.715789,203.279618,BESS (Discharge),0.0
S3: 100% Geothermal Baseload,20.968421,204.213857,BESS (Discharge),0.0
S3: 100% Geothermal Baseload,21.221053,199.965939,BESS (Discharge),0.0
S3: 100% Geothermal Baseload,21.473684,195.014963,BESS (Discharge),0.0
S3: 100% Geothermal Baseload,21.726316,190.786003,BESS (Discharge),0.0
S3: 100% Geothermal Baseload,21.978947,190.070966,BESS (Discharge),0.0
S3: 100% Geothermal Baseload,22.231579,187.93445,BESS (Discharge),0.0
S3: 100% Geothermal Baseload,22.484211,187.647006,BESS (Discharge),0.0
S3: 100% Geothermal Baseload,22.736842,182.79361,BESS (Discharge),0.0
S3: 100% Geothermal Baseload,22.989474,181.612203,BESS (Discharge),0.0
S3: 100% Geothermal Baseload,23.242105,178.435705,BESS (Discharge),0.0
S3: 100% Geothermal Baseload,23.494737,173.631815,BESS (Discharge),0.0
S3: 100% Geothermal Baseload,23.747368,169.760164,BESS (Discharge),0.0
S3: 100% Geothermal Baseload,24.0,161.092467,BESS (Discharge),0.0
S3: 100% Geothermal Baseload,0.0,146.220746,BESS (Charge),0.0
S3: 100% Geothermal Baseload,0.252632,142.493761,BESS (Charge),0.0
S3: 100% Geothermal Baseload,0.505263,143.661607,BESS (Charge),0.0
S3: 100% Geothermal Baseload,0.757895,146.396692,BESS (Charge),0.0
S3: 100% Geothermal Baseload,1.010526,144.495891,BESS (Charge),0.0
S3: 100% Geothermal Baseload,1.263158,144.343225,BESS (Charge),0.0
S3: 100% Geothermal Baseload,1.515789,146.919418,BESS (Charge),0.0
S3: 100% Geothermal Baseload,1.768421,145.437384,BESS (Charge),0.0
S3: 100% Geothermal Baseload,2.021053,145.4143,BESS (Charge),0.0
S3: 100% Geothermal Baseload,2.273684,148.07771,BESS (Charge),0.0
S3: 100% Geothermal Baseload,2.526316,143.846932,BESS (Charge),0.0
S3: 100% Geothermal Baseload,2.778947,141.791134,BESS (Charge),0.0
S3: 100% Geothermal Baseload,3.031579,144.744855,BESS (Charge),0.0
S3: 100% Geothermal Baseload,3.284211,139.924624,BESS (Charge),0.0
S3: 100% Geothermal Baseload,3.536842,138.230245,BESS (Charge),0.0
S3: 100% Geothermal Baseload,3.789474,139.583534,BESS (Charge),0.0
S3: 100% Geothermal Baseload,4.042105,138.171424,BESS (Charge),0.0
S3: 100% Geothermal Baseload,4.294737,145.589762,BESS (Charge),0.0
S3: 100% Geothermal Baseload,4.547368,149.60022,BESS (Charge),0.0
S3: 100% Geothermal Baseload,4.8,149.555785,BESS (Charge),0.0
S3: 100% Geothermal Baseload,5.052632,157.938285,BESS (Charge),0.0
S3: 100% Geothermal Baseload,5.305263,158.873198,BESS (Charge),0.0
S3: 100% Geothermal Baseload,5.557895,163.688381,BESS (Charge),0.0
S3: 100% Geothermal Baseload,5.810526,166.117267,BESS (Charge),0.0
S3: 100% Geothermal Baseload,6.063158,163.627976,BESS (Charge),0.0
S3: 100% Geothermal Baseload,6.315789,167.073156,BESS (Charge),0.0
S3: 100% Geothermal Baseload,6.568421,166.689563,BESS (Charge),0.0
S3: 100% Geothermal Baseload,6.821053,173.904114,BESS (Charge),0.0
S3: 100% Geothermal Baseload,7.073684,176.518915,BESS (Charge),0.0
S3: 100% Geothermal Baseload,7.326316,178.300969,BESS (Charge),0.0
S3: 100% Geothermal Baseload,7.578947,182.486974,BESS (Charge),0.0
S3: 100% Geothermal Baseload,7.831579,189.006368,BESS (Charge),0.0
S3: 100% Geothermal Baseload,8.084211,193.308235,BESS (Charge),0.0
S3: 100% Geothermal Baseload,8.336842,194.22417,BESS (Charge),0.0
S3: 100% Geothermal Baseload,8.589474,200.603646,BESS (Charge),0.0
S3: 100% Geothermal Baseload,8.842105,195.7185,BESS (Charge),0.0
S3: 100% Geothermal Baseload,9.094737,199.041884,BESS (Charge),0.0
S3: 100% Geothermal Baseload,9.347368,199.515399,BESS (Charge),0.0
S3: 100% Geothermal Baseload,9.6,196.819151,BESS (Charge),0.0
S3: 100% Geothermal Baseload,9.852632,202.987544,BESS (Charge),0.0
S3: 100% Geothermal Baseload,10.105263,206.870804,BESS (Charge),0.0
S3: 100% Geothermal Baseload,10.357895,214.684552,BESS (Charge),0.0
S3: 100% Geothermal Baseload,10.610526,220.120959,BESS (Charge),0.0
S3: 100% Geothermal Baseload,10.863158,221.192293,BESS (Charge),0.0
S3: 100% Geothermal Baseload,11.115789,217.869809,BESS (Charge),0.0
S3: 100% Geothermal Baseload,11.368421,217.758375,BESS (Charge),0.0
S3: 100% Geothermal Baseload,11.621053,218.902304,BESS (Charge),0.0
S3: 100% Geothermal Baseload,11.873684,224.187636,BESS (Charge),0.0
S3: 100% Geothermal Baseload,12.126316,230.510044,BESS (Charge),0.0
S3: 100% Geothermal Baseload,12.378947,229.540724,BESS (Charge),0.0
S3: 100% Geothermal Baseload,12.631579,233.007549,BESS (Charge),0.0
S3: 100% Geothermal Baseload,12.884211,230.768568,BESS (Charge),0.0
S3: 100% Geothermal Baseload,13.136842,229.44087,BESS (Charge),0.0
S3: 100% Geothermal Baseload,13.389474,236.454504,BESS (Charge),0.0
S3: 100% Geothermal Baseload,13.642105,239.148366,BESS (Charge),0.0
S3: 100% Geothermal Baseload,13.894737,243.212598,BESS (Charge),0.0
S3: 100% Geothermal Baseload,14.147368,243.424454,BESS (Charge),0.0
S3: 100% Geothermal Baseload,14.4,241.582112,BESS (Charge),0.0
S3: 100% Geothermal Baseload,14.652632,240.133459,BESS (Charge),0.0
S3: 100% Geothermal Baseload,14.905263,240.384649,BESS (Charge),0.0
S3: 100% Geothermal Baseload,15.157895,241.264673,BESS (Charge),0.0
S3: 100% Geothermal Baseload,15.410526,241.392927,BESS (Charge),0.0
S3: 100% Geothermal Baseload,15.663158,237.458336,BESS (Charge),0.0
S3: 100% Geothermal Baseload,15.915789,231.52949,BESS (Charge),0.0
S3: 100% Geothermal Baseload,16.168421,234.102006,BESS (Charge),0.0
S3: 100% Geothermal Baseload,16.421053,237.144863,BESS (Charge),0.0
S3: 100% Geothermal Baseload,16.673684,238.766237,BESS (Charge),0.0
S3: 100% Geothermal Baseload,16.926316,243.151698,BESS (Charge),0.0
S3: 100% Geothermal Baseload,17.178947,240.764714,BESS (Charge),0.0
S3: 100% Geothermal Baseload,17.431579,234.359733,BESS (Charge),0.0
S3: 100% Geothermal Baseload,17.684211,233.904346,BESS (Charge),0.0
S3: 100% Geothermal Baseload,17.936842,233.569328,BESS (Charge),0.0
S3: 100% Geothermal Baseload,18.189474,230.77739,BESS (Charge),0.0
S3: 100% Geothermal Baseload,18.442105,234.382288,BESS (Charge),0.0
S3: 100% Geothermal Baseload,18.694737,224.894864,BESS (Charge),0.0
S3: 100% Geothermal Baseload,18.947368,220.961434,BESS (Charge),0.0
S3: 100% Geothermal Baseload,19.2,219.023883,BESS (Charge),0.0
S3: 100% Geothermal Baseload,19.452632,212.025596,BESS (Charge),0.0
S3: 100% Geothermal Baseload,19.705263,216.378291,BESS (Charge),0.0
S3: 100% Geothermal Baseload,19.957895,206.849427,BESS (Charge),0.0
S3: 100% Geothermal Baseload,20.210526,203.506378,BESS (Charge),0.0
S3: 100% Geothermal Baseload,20.463158,202.507636,BESS (Charge),0.0
S3: 100% Geothermal Baseload,20.715789,203.279618,BESS (Charge),0.0
S3: 100% Geothermal Baseload,20.968421,204.213857,BESS (Charge),0.0
S3: 100% Geothermal Baseload,21.221053,199.965939,BESS (Charge),0.0
S3: 100% Geothermal Baseload,21.473684,195.014963,BESS (Charge),0.0
S3: 100% Geothermal Baseload,21.726316,190.786003,BESS (Charge),0.0
S3: 100% Geothermal Baseload,21.978947,190.070966,BESS (Charge),0.0
S3: 100% Geothermal Baseload,22.231579,187.93445,BESS (Charge),0.0
S3: 100% Geothermal Baseload,22.484211,187.647006,BESS (Charge),0.0
S3: 100% Geothermal Baseload,22.736842,182.79361,BESS (Charge),0.0
S3: 100% Geothermal Baseload,22.989474,181.612203,BESS (Charge),0.0
S3: 100% Geothermal Baseload,23.242105,178.435705,BESS (Charge),0.0
S3: 100% Geothermal Baseload,23.494737,173.631815,BESS (Charge),0.0
S3: 100% Geothermal Baseload,23.747368,169.760164,BESS (Charge),0.0
S3: 100% Geothermal Baseload,24.0,161.092467,BESS (Charge),0.0
S4: Geothermal + Solar PPA + Hybrid BESS + Grid,0.0,146.220746,Grid,26.220746
S4: Geothermal + Solar PPA + Hybrid BESS + Grid,0.252632,142.493761,Grid,22.493761
S4: Geothermal + Solar PPA + Hybrid BESS + Grid,0.505263,143.661607,Grid,23.661607
S4: Geothermal + Solar PPA + Hybrid BESS + Grid,0.757895,146.396692,Grid,26.396692
S4: Geothermal + Solar PPA + Hybrid BESS + Grid,1.010526,144.495891,Grid,24.495891
S4: Geothermal + Solar PPA + Hybrid BESS + Grid,1.263158,144.343225,Grid,24.343225
S4: Geothermal + Solar PPA + Hybrid BESS + Grid,1.515789,146.919418,Grid,26.919418
S4: Geothermal + Solar PPA + Hybrid BESS + Grid,1.768421,145.437384,Grid,25.437384
S4: Geothermal + Solar PPA + Hybrid BESS + Grid,2.021053,145.4143,Grid,25.4143
S4: Geothermal + Solar PPA + Hybrid BESS + Grid,2.273684,148.07771,Grid,28.07771
S4: Geothermal + Solar PPA + Hybrid BESS + Grid,2.526316,143.846932,Grid,23.846932
S4: Geothermal + Solar PPA + Hybrid BESS + Grid,2.778947,141.791134,Grid,21.791134
S4: Geothermal + Solar PPA + Hybrid BESS + Grid,3.031579,144.744855,Grid,24.744855
S4: Geothermal + Solar PPA + Hybrid BESS + Grid,3.284211,139.924624,Grid,19.924624
S4: Geothermal + Solar PPA + Hybrid BESS + Grid,3.536842,138.230245,Grid,18.230245
S4: Geothermal + Solar PPA + Hybrid BESS + Grid,3.789474,139.583534,Grid,19.583534
S4: Geothermal + Solar PPA + Hybrid BESS + Grid,4.042105,138.171424,Grid,18.171424
S4: Geothermal + Solar PPA + Hybrid BESS + Grid,4.294737,145.589762,Grid,25.589762
S4: Geothermal + Solar PPA + Hybrid BESS + Grid,4.547368,149.60022,Grid,29.60022
S4: Geothermal + Solar PPA + Hybrid BESS + Grid,4.8,149.555785,Grid,29.555785
S4: Geothermal + Solar PPA + Hybrid BESS + Grid,5.052632,157.938285,Grid,37.938285
S4: Geothermal + Solar PPA + Hybrid BESS + Grid,5.305263,158.873198,Grid,38.873198
S4: Geothermal + Solar PPA + Hybrid BESS + Grid,5.557895,163.688381,Grid,43.688381
S4: Geothermal + Solar PPA + Hybrid BESS + Grid,5.810526,166.117267,Grid,46.117267
S4: Geothermal + Solar PPA + Hybrid BESS + Grid,6.063158,163.627976,Grid,43.627976
S4: Geothermal + Solar PPA + Hybrid BESS + Grid,6.315789,167.073156,Grid,47.073156
S4: Geothermal + Solar PPA + Hybrid BESS + Grid,6.568421,166.689563,Grid,46.689563
S4: Geothermal + Solar PPA + Hybrid BESS + Grid,6.821053,173.904114,Grid,53.904114
S4: Geothermal + Solar PPA + Hybrid BESS + Grid,7.073684,176.518915,Grid,54.975772
S4: Geothermal + Solar PPA + Hybrid BESS + Grid,7.326316,178.300969,Grid,51.474937
S4: Geothermal + Solar PPA + Hybrid BESS + Grid,7.578947,182.486974,Grid,50.407901
S4: Geothermal + Solar PPA + Hybrid BESS + Grid,7.831579,189.006368,Grid,51.727073
S4: Geothermal + Solar PPA + Hybrid BESS + Grid,8.084211,193.308235,Grid,50.904277
S4: Geothermal + Solar PPA + Hybrid BESS + Grid,8.336842,194.22417,Grid,46.793515
S4: Geothermal + Solar PPA + Hybrid BESS + Grid,8.589474,200.603646,Grid,48.26624
S4: Geothermal + Solar PPA + Hybrid BESS + Grid,8.842105,195.7185,Grid,38.615748
S4: Geothermal + Solar PPA + Hybrid BESS + Grid,9.094737,199.041884,Grid,37.336026
S4: Geothermal + Solar PPA + Hybrid BESS + Grid,9.347368,199.515399,Grid,33.388805
S4: Geothermal + Solar PPA + Hybrid BESS + Grid,9.6,196.819151,Grid,26.473519
S4: Geothermal + Solar PPA + Hybrid BESS + Grid,9.852632,202.987544,Grid,28.643025
S4: Geothermal + Solar PPA + Hybrid BESS + Grid,10.105263,206.870804,Grid,53.765032
S4: Geothermal + Solar PPA + Hybrid BESS + Grid,10.357895,214.684552,Grid,58.071608
S4: Geothermal + Solar PPA + Hybrid BESS + Grid,10.610526,220.120959,Grid,60.270261
S4: Geothermal + Solar PPA + Hybrid BESS + Grid,10.863158,221.192293,Grid,58.387416
S4: Geothermal + Solar PPA + Hybrid BESS + Grid,11.115789,217.869809,Grid,52.407248
S4: Geothermal + Solar PPA + Hybrid BESS + Grid,11.368421,217.758375,Grid,49.946243
S4: Geothermal + Solar PPA + Hybrid BESS + Grid,11.621053,218.902304,Grid,49.058991
S4: Geothermal + Solar PPA + Hybrid BESS + Grid,11.873684,224.187636,Grid,52.640413
S4: Geothermal + Solar PPA + Hybrid BESS + Grid,12.126316,230.510044,Grid,57.593632
S4: Geothermal + Solar PPA + Hybrid BESS + Grid,12.378947,229.540724,Grid,55.595833
S4: Geothermal + Solar PPA + Hybrid BESS + Grid,12.631579,233.007549,Grid,58.379383
S4: Geothermal + Solar PPA + Hybrid BESS + Grid,12.884211,230.768568,Grid,55.805322
S4: Geothermal + Solar PPA + Hybrid BESS + Grid,13.136842,229.44087,Grid,54.492202
S4: Geothermal + Solar PPA + Hybrid BESS + Grid,13.389474,236.454504,Grid,61.87001
S4: Geothermal + Solar PPA + Hybrid BESS + Grid,13.642105,239.148366,Grid,65.276048
S4: Geothermal + Solar PPA + Hybrid BESS + Grid,13.894737,243.212598,Grid,70.397345
S4: Geothermal + Solar PPA + Hybrid BESS + Grid,14.147368,243.424454,Grid,72.006533
S4: Geothermal + Solar PPA + Hybrid BESS + Grid,14.4,241.582112,Grid,71.895678
S4: Geothermal + Solar PPA + Hybrid BESS + Grid,14.652632,240.133459,Grid,72.505097
S4: Geothermal + Solar PPA + Hybrid BESS + Grid,14.905263,240.384649,Grid,75.131944
S4: Geothermal + Solar PPA + Hybrid BESS + Grid,15.157895,241.264673,Grid,53.694824
S4: Geothermal + Solar PPA + Hybrid BESS + Grid,15.410526,241.392927,Grid,56.801398
S4: Geothermal + Solar PPA + Hybrid BESS + Grid,15.663158,237.458336,Grid,56.127569
S4: Geothermal + Solar PPA + Hybrid BESS + Grid,15.915789,231.52949,Grid,53.72767
S4: Geothermal + Solar PPA + Hybrid BESS + Grid,16.168421,234.102006,Grid,60.081885
S4: Geothermal + Solar PPA + Hybrid BESS + Grid,16.421053,237.144863,Grid,67.142658
S4: Geothermal + Solar PPA + Hybrid BESS + Grid,16.673684,238.766237,Grid,73.000594
S4: Geothermal + Solar PPA + Hybrid BESS + Grid,16.926316,243.151698,Grid,81.822739
S4: Geothermal + Solar PPA + Hybrid BESS + Grid,17.178947,240.764714,Grid,84.053161
S4: Geothermal + Solar PPA + Hybrid BESS + Grid,17.431579,234.359733,Grid,82.426115
S4: Geothermal + Solar PPA + Hybrid BESS + Grid,17.684211,233.904346,Grid,86.8883
S4: Geothermal + Solar PPA + Hybrid BESS + Grid,17.936842,233.569328,Grid,91.58899
S4: Geothermal + Solar PPA + Hybrid BESS + Grid,18.189474,230.77739,Grid,68.928873
S4: Geothermal + Solar PPA + Hybrid BESS + Grid,18.442105,234.382288,Grid,77.739267
S4: Geothermal + Solar PPA + Hybrid BESS + Grid,18.694737,224.894864,Grid,73.508251
S4: Geothermal + Solar PPA + Hybrid BESS + Grid,18.947368,220.961434,Grid,74.859155
S4: Geothermal + Solar PPA + Hybrid BESS + Grid,19.2,219.023883,Grid,74.023883
S4: Geothermal + Solar PPA + Hybrid BESS + Grid,19.452632,212.025596,Grid,67.025596
S4: Geothermal + Solar PPA + Hybrid BESS + Grid,19.705263,216.378291,Grid,71.378291
S4: Geothermal + Solar PPA + Hybrid BESS + Grid,19.957895,206.849427,Grid,61.849427
S4: Geothermal + Solar PPA + Hybrid BESS + Grid,20.210526,203.506378,Grid,58.506378
S4: Geothermal + Solar PPA + Hybrid BESS + Grid,20.463158,202.507636,Grid,57.507636
S4: Geothermal + Solar PPA + Hybrid BESS + Grid,20.715789,203.279618,Grid,58.279618
S4: Geothermal + Solar PPA + Hybrid BESS + Grid,20.968421,204.213857,Grid,59.213857
S4: Geothermal + Solar PPA + Hybrid BESS + Grid,21.221053,199.965939,Grid,54.965939
S4: Geothermal + Solar PPA + Hybrid BESS + Grid,21.473684,195.014963,Grid,50.014963
S4: Geothermal + Solar PPA + Hybrid BESS + Grid,21.726316,190.786003,Grid,45.786003
S4: Geothermal + Solar PPA + Hybrid BESS + Grid,21.978947,190.070966,Grid,45.070966
S4: Geothermal + Solar PPA + Hybrid BESS + Grid,22.231579,187.93445,Grid,42.93445
S4: Geothermal + Solar PPA + Hybrid BESS + Grid,22.484211,187.647006,Grid,42.647006
S4: Geothermal + Solar PPA + Hybrid BESS + Grid,22.736842,182.79361,Grid,37.79361
S4: Geothermal + Solar PPA + Hybrid BESS + Grid,22.989474,181.612203,Grid,36.612203
S4: Geothermal + Solar PPA + Hybrid BESS + Grid,23.242105,178.435705,Grid,58.435705
S4: Geothermal + Solar PPA + Hybrid BESS + Grid,23.494737,173.631815,Grid,53.631815
S4: Geothermal + Solar PPA + Hybrid BESS + Grid,23.747368,169.760164,Grid,49.760164
S4: Geothermal + Solar PPA + Hybrid BESS + Grid,24.0,161.092467,Grid,41.092467
S4: Geothermal + Solar PPA + Hybrid BESS + Grid,0.0,146.220746,RICE,0.0
S4: Geothermal + Solar PPA + Hybrid BESS + Grid,0.252632,142.493761,RICE,0.0
S4: Geothermal + Solar PPA + Hybrid BESS + Grid,0.505263,143.661607,RICE,0.0
S4: Geothermal + Solar PPA + Hybrid BESS + Grid,0.757895,146.396692,RICE,0.0
S4: Geothermal + Solar PPA + Hybrid BESS + Grid,1.010526,144.495891,RICE,0.0
S4: Geothermal + Solar PPA + Hybrid BESS + Grid,1.263158,144.343225,RICE,0.0
S4: Geothermal + Solar PPA + Hybrid BESS + Grid,1.515789,146.919418,RICE,0.0
S4: Geothermal + Solar PPA + Hybrid BESS + Grid,1.768421,145.437384,RICE,0.0
S4: Geothermal + Solar PPA + Hybrid BESS + Grid,2.021053,145.4143,RICE,0.0
S4: Geothermal + Solar PPA + Hybrid BESS + Grid,2.273684,148.07771,RICE,0.0
S4: Geothermal + Solar PPA + Hybrid BESS + Grid,2.526316,143.846932,RICE,0.0
S4: Geothermal + Solar PPA + Hybrid BESS + Grid,2.778947,141.791134,RICE,0.0
S4: Geothermal + Solar PPA + Hybrid BESS + Grid,3.031579,144.744855,RICE,0.0
S4: Geothermal + Solar PPA + Hybrid BESS + Grid,3.284211,139.924624,RICE,0.0
S4: Geothermal + Solar PPA + Hybrid BESS + Grid,3.536842,138.230245,RICE,0.0
S4: Geothermal + Solar PPA + Hybrid BESS + Grid,3.789474,139.583534,RICE,0.0
S4: Geothermal + Solar PPA + Hybrid BESS + Grid,4.042105,138.171424,RICE,0.0
S4: Geothermal + Solar PPA + Hybrid BESS + Grid,4.294737,145.589762,RICE,0.0
S4: Geothermal + Solar PPA + Hybrid BESS + Grid,4.547368,149.60022,RICE,0.0
S4: Geothermal + Solar PPA + Hybrid BESS + Grid,4.8,149.555785,RICE,0.0
S4: Geothermal + Solar PPA + Hybrid BESS + Grid,5.052632,157.938285,RICE,0.0
S4: Geothermal + Solar PPA + Hybrid BESS + Grid,5.305263,158.873198,RICE,0.0
S4: Geothermal + Solar PPA + Hybrid BESS + Grid,5.557895,163.688381,RICE,0.0
S4: Geothermal + Solar PPA + Hybrid BESS + Grid,5.810526,166.117267,RICE,0.0
S4: Geothermal + Solar PPA + Hybrid BESS + Grid,6.063158,163.627976,RICE,0.0
S4: Geothermal + Solar PPA + Hybrid BESS + Grid,6.315789,167.073156,RICE,0.0
S4: Geothermal + Solar PPA + Hybrid BESS + Grid,6.568421,166.689563,RICE,0.0
S4: Geothermal + Solar PPA + Hybrid BESS + Grid,6.821053,173.904114,RICE,0.0
S4: Geothermal + Solar PPA + Hybrid BESS + Grid,7.073684,176.518915,RICE,0.0
S4: Geothermal + Solar PPA + Hybrid BESS + Grid,7.326316,178.300969,RICE,0.0
S4: Geothermal + Solar PPA + Hybrid BESS + Grid,7.578947,182.486974,RICE,0.0
S4: Geothermal + Solar PPA + Hybrid BESS + Grid,7.831579,189.006368,RICE,0.0
S4: Geothermal + Solar PPA + Hybrid BESS + Grid,8.084211,193.308235,RICE,0.0
S4: Geothermal + Solar PPA + Hybrid BESS + Grid,8.336842,194.22417,RICE,0.0
S4: Geothermal + Solar PPA + Hybrid BESS + Grid,8.589474,200.603646,RICE,0.0
S4: Geothermal + Solar PPA + Hybrid BESS + Grid,8.842105,195.7185,RICE,0.0
S4: Geothermal + Solar PPA + Hybrid BESS + Grid,9.094737,199.041884,RICE,0.0
S4: Geothermal + Solar PPA + Hybrid BESS + Grid,9.347368,199.515399,RICE,0.0
S4: Geothermal + Solar PPA + Hybrid BESS + Grid,9.6,196.819151,RICE,0.0
S4: Geothermal + Solar PPA + Hybrid BESS + Grid,9.852632,202.987544,RICE,0.0
S4: Geothermal + Solar PPA + Hybrid BESS + Grid,10.105263,206.870804,RICE,0.0
S4: Geothermal + Solar PPA + Hybrid BESS + Grid,10.357895,214.684552,RICE,0.0
S4: Geothermal + Solar PPA + Hybrid BESS + Grid,10.610526,220.120959,RICE,0.0
S4: Geothermal + Solar PPA + Hybrid BESS + Grid,10.863158,221.192293,RICE,0.0
S4: Geothermal + Solar PPA + Hybrid BESS + Grid,11.115789,217.869809,RICE,0.0
S4: Geothermal + Solar PPA + Hybrid BESS + Grid,11.368421,217.758375,RICE,0.0
S4: Geothermal + Solar PPA + Hybrid BESS + Grid,11.621053,218.902304,RICE,0.0
S4: Geothermal + Solar PPA + Hybrid BESS + Grid,11.873684,224.187636,RICE,0.0
S4: Geothermal + Solar PPA + Hybrid BESS + Grid,12.126316,230.510044,RICE,0.0
S4: Geothermal + Solar PPA + Hybrid BESS + Grid,12.378947,229.540724,RICE,0.0
S4: Geothermal + Solar PPA + Hybrid BESS + Grid,12.631579,233.007549,RICE,0.0
S4: Geothermal + Solar PPA + Hybrid BESS + Grid,12.884211,230.768568,RICE,0.0
S4: Geothermal + Solar PPA + Hybrid BESS + Grid,13.136842,229.44087,RICE,0.0
S4: Geothermal + Solar PPA + Hybrid BESS + Grid,13.389474,236.454504,RICE,0.0
S4: Geothermal + Solar PPA + Hybrid BESS + Grid,13.642105,239.148366,RICE,0.0
S4: Geothermal + Solar PPA + Hybrid BESS + Grid,13.894737,243.212598,RICE,0.0
S4: Geothermal + Solar PPA + Hybrid BESS + Grid,14.147368,243.424454,RICE,0.0
S4: Geothermal + Solar PPA + Hybrid BESS + Grid,14.4,241.582112,RICE,0.0
S4: Geothermal + Solar PPA + Hybrid BESS + Grid,14.652632,240.133459,RICE,0.0
S4: Geothermal + Solar PPA + Hybrid BESS + Grid,14.905263,240.384649,RICE,0.0
S4: Geothermal + Solar PPA + Hybrid BESS + Grid,15.157895,241.264673,RICE,0.0
S4: Geothermal + Solar PPA + Hybrid BESS + Grid,15.410526,241.392927,RICE,0.0
S4: Geothermal + Solar PPA + Hybrid BESS + Grid,15.663158,237.458336,RICE,0.0
S4: Geothermal + Solar PPA + Hybrid BESS + Grid,15.915789,231.52949,RICE,0.0
S4: Geothermal + Solar PPA + Hybrid BESS + Grid,16.168421,234.102006,RICE,0.0
S4: Geothermal + Solar PPA + Hybrid BESS + Grid,16.421053,237.144863,RICE,0.0
S4: Geothermal + Solar PPA + Hybrid BESS + Grid,16.673684,238.766237,RICE,0.0
S4: Geothermal + Solar PPA + Hybrid BESS + Grid,16.926316,243.151698,RICE,0.0
S4: Geothermal + Solar PPA + Hybrid BESS + Grid,17.178947,240.764714,RICE,0.0
S4: Geothermal + Solar PPA + Hybrid BESS + Grid,17.431579,234.359733,RICE,0.0
S4: Geothermal + Solar PPA + Hybrid BESS + Grid,17.684211,233.904346,RICE,0.0
S4: Geothermal + Solar PPA + Hybrid BESS + Grid,17.936842,233.569328,RICE,0.0
S4: Geothermal + Solar PPA + Hybrid BESS + Grid,18.189474,230.77739,RICE,0.0
S4: Geothermal + Solar PPA + Hybrid BESS + Grid,18.442105,234.382288,RICE,0.0
S4: Geothermal + Solar PPA + Hybrid BESS + Grid,18.694737,224.894864,RICE,0.0
S4: Geothermal + Solar PPA + Hybrid BESS + Grid,18.947368,220.961434,RICE,0.0
S4: Geothermal + Solar PPA + Hybrid BESS + Grid,19.2,219.023883,RICE,0.0
S4: Geothermal + Solar PPA + Hybrid BESS + Grid,19.452632,212.025596,RICE,0.0
S4: Geothermal + Solar PPA + Hybrid BESS + Grid,19.705263,216.378291,RICE,0.0
S4: Geothermal + Solar PPA + Hybrid BESS + Grid,19.957895,206.849427,RICE,0.0
S4: Geothermal + Solar PPA + Hybrid BESS + Grid,20.210526,203.506378,RICE,0.0
S4: Geothermal + Solar PPA + Hybrid BESS + Grid,20.463158,202.507636,RICE,0.0
S4: Geothermal + Solar PPA + Hybrid BESS + Grid,20.715789,203.279618,RICE,0.0
S4: Geothermal + Solar PPA + Hybrid BESS + Grid,20.968421,204.213857,RICE,0.0
S4: Geothermal + Solar PPA + Hybrid BESS + Grid,21.221053,199.965939,RICE,0.0
S4: Geothermal + Solar PPA + Hybrid BESS + Grid,21.473684,195.014963,RICE,0.0
S4: Geothermal + Solar PPA + Hybrid BESS + Grid,21.726316,190.786003,RICE,0.0
S4: Geothermal + Solar PPA + Hybrid BESS + Grid,21.978947,190.070966,RICE,0.0
S4: Geothermal + Solar PPA + Hybrid BESS + Grid,22.231579,187.93445,RICE,0.0
S4: Geothermal + Solar PPA + Hybrid BESS + Grid,22.484211,187.647006,RICE,0.0
S4: Geothermal + Solar PPA + Hybrid BESS + Grid,22.736842,182.79361,RICE,0.0
S4: Geothermal + Solar PPA + Hybrid BESS + Grid,22.989474,181.612203,RICE,0.0
S4: Geothermal + Solar PPA + Hybrid BESS + Grid,23.242105,178.435705,RICE,0.0
S4: Geothermal + Solar PPA + Hybrid BESS + Grid,23.494737,173.631815,RICE,0.0
S4: Geothermal + Solar PPA + Hybrid BESS + Grid,23.747368,169.760164,RICE,0.0
S4: Geothermal + Solar PPA + Hybrid BESS + Grid,24.0,161.092467,RICE,0.0
S4: Geothermal + Solar PPA + Hybrid BESS + Grid,0.0,146.220746,Solar PPA,0.0
S4: Geothermal + Solar PPA + Hybrid BESS + Grid,0.252632,142.493761,Solar PPA,0.0
S4: Geothermal + Solar PPA + Hybrid BESS + Grid,0.505263,143.661607,Solar PPA,0.0
S4: Geothermal + Solar PPA + Hybrid BESS + Grid,0.757895,146.396692,Solar PPA,0.0
S4: Geothermal + Solar PPA + Hybrid BESS + Grid,1.010526,144.495891,Solar PPA,0.0
S4: Geothermal + Solar PPA + Hybrid BESS + Grid,1.263158,144.343225,Solar PPA,0.0
S4: Geothermal + Solar PPA + Hybrid BESS + Grid,1.515789,146.919418,Solar PPA,0.0
S4: Geothermal + Solar PPA + Hybrid BESS + Grid,1.768421,145.437384,Solar PPA,0.0
S4: Geothermal + Solar PPA + Hybrid BESS + Grid,2.021053,145.4143,Solar PPA,0.0
S4: Geothermal + Solar PPA + Hybrid BESS + Grid,2.273684,148.07771,Solar PPA,0.0
S4: Geothermal + Solar PPA + Hybrid BESS + Grid,2.526316,143.846932,Solar PPA,0.0
S4: Geothermal + Solar PPA + Hybrid BESS + Grid,2.778947,141.791134,Solar PPA,0.0
S4: Geothermal + Solar PPA + Hybrid BESS + Grid,3.031579,144.744855,Solar PPA,0.0
S4: Geothermal + Solar PPA + Hybrid BESS + Grid,3.284211,139.924624,Solar PPA,0.0
S4: Geothermal + Solar PPA + Hybrid BESS + Grid,3.536842,138.230245,Solar PPA,0.0
S4: Geothermal + Solar PPA + Hybrid BESS + Grid,3.789474,139.583534,Solar PPA,0.0
S4: Geothermal + Solar PPA + Hybrid BESS + Grid,4.042105,138.171424,Solar PPA,0.0
S4: Geothermal + Solar PPA + Hybrid BESS + Grid,4.294737,145.589762,Solar PPA,0.0
S4: Geothermal + Solar PPA + Hybrid BESS + Grid,4.547368,149.60022,Solar PPA,0.0
S4: Geothermal + Solar PPA + Hybrid BESS + Grid,4.8,149.555785,Solar PPA,0.0
S4: Geothermal + Solar PPA + Hybrid BESS + Grid,5.052632,157.938285,Solar PPA,0.0
S4: Geothermal + Solar PPA + Hybrid BESS + Grid,5.305263,158.873198,Solar PPA,0.0
S4: Geothermal + Solar PPA + Hybrid BESS + Grid,5.557895,163.688381,Solar PPA,0.0
S4: Geothermal + Solar PPA + Hybrid BESS + Grid,5.810526,166.117267,Solar PPA,0.0
S4: Geothermal + Solar PPA + Hybrid BESS + Grid,6.063158,163.627976,Solar PPA,0.0
S4: Geothermal + Solar PPA + Hybrid BESS + Grid,6.315789,167.073156,Solar PPA,0.0
S4: Geothermal + Solar PPA + Hybrid BESS + Grid,6.568421,166.689563,Solar PPA,0.0
S4: Geothermal + Solar PPA + Hybrid BESS + Grid,6.821053,173.904114,Solar PPA,0.0
S4: Geothermal + Solar PPA + Hybrid BESS + Grid,7.073684,176.518915,Solar PPA,1.543143
S4: Geothermal + Solar PPA + Hybrid BESS + Grid,7.326316,178.300969,Solar PPA,6.826032
S4: Geothermal + Solar PPA + Hybrid BESS + Grid,7.578947,182.486974,Solar PPA,12.079073
S4: Geothermal + Solar PPA + Hybrid BESS + Grid,7.831579,189.006368,Solar PPA,17.279294
S4: Geothermal + Solar PPA + Hybrid BESS + Grid,8.084211,193.308235,Solar PPA,22.403958
S4: Geothermal + Solar PPA + Hybrid BESS + Grid,8.336842,194.22417,Solar PPA,27.430656
S4: Geothermal + Solar PPA + Hybrid BESS + Grid,8.589474,200.603646,Solar PPA,32.337405
S4: Geothermal + Solar PPA + Hybrid BESS + Grid,8.842105,195.7185,Solar PPA,37.102752
S4: Geothermal + Solar PPA + Hybrid BESS + Grid,9.094737,199.041884,Solar PPA,41.705858
S4: Geothermal + Solar PPA + Hybrid BESS + Grid,9.347368,199.515399,Solar PPA,46.126595
S4: Geothermal + Solar PPA + Hybrid BESS + Grid,9.6,196.819151,Solar PPA,50.345631
S4: Geothermal + Solar PPA + Hybrid BESS + Grid,9.852632,202.987544,Solar PPA,54.344519
S4: Geothermal + Solar PPA + Hybrid BESS + Grid,10.105263,206.870804,Solar PPA,58.105773
S4: Geothermal + Solar PPA + Hybrid BESS + Grid,10.357895,214.684552,Solar PPA,61.612944
S4: Geothermal + Solar PPA + Hybrid BESS + Grid,10.610526,220.120959,Solar PPA,64.850698
S4: Geothermal + Solar PPA + Hybrid BESS + Grid,10.863158,221.192293,Solar PPA,67.804877
S4: Geothermal + Solar PPA + Hybrid BESS + Grid,11.115789,217.869809,Solar PPA,70.462561
S4: Geothermal + Solar PPA + Hybrid BESS + Grid,11.368421,217.758375,Solar PPA,72.812131
S4: Geothermal + Solar PPA + Hybrid BESS + Grid,11.621053,218.902304,Solar PPA,74.843312
S4: Geothermal + Solar PPA + Hybrid BESS + Grid,11.873684,224.187636,Solar PPA,76.547223
S4: Geothermal + Solar PPA + Hybrid BESS + Grid,12.126316,230.510044,Solar PPA,77.916411
S4: Geothermal + Solar PPA + Hybrid BESS + Grid,12.378947,229.540724,Solar PPA,78.944892
S4: Geothermal + Solar PPA + Hybrid BESS + Grid,12.631579,233.007549,Solar PPA,79.628166
S4: Geothermal + Solar PPA + Hybrid BESS + Grid,12.884211,230.768568,Solar PPA,79.963246
S4: Geothermal + Solar PPA + Hybrid BESS + Grid,13.136842,229.44087,Solar PPA,79.948668
S4: Geothermal + Solar PPA + Hybrid BESS + Grid,13.389474,236.454504,Solar PPA,79.584494
S4: Geothermal + Solar PPA + Hybrid BESS + Grid,13.642105,239.148366,Solar PPA,78.872318
S4: Geothermal + Solar PPA + Hybrid BESS + Grid,13.894737,243.212598,Solar PPA,77.815253
S4: Geothermal + Solar PPA + Hybrid BESS + Grid,14.147368,243.424454,Solar PPA,76.417922
S4: Geothermal + Solar PPA + Hybrid BESS + Grid,14.4,241.582112,Solar PPA,74.686434
S4: Geothermal + Solar PPA + Hybrid BESS + Grid,14.652632,240.133459,Solar PPA,72.628362
S4: Geothermal + Solar PPA + Hybrid BESS + Grid,14.905263,240.384649,Solar PPA,70.252704
S4: Geothermal + Solar PPA + Hybrid BESS + Grid,15.157895,241.264673,Solar PPA,67.56985
S4: Geothermal + Solar PPA + Hybrid BESS + Grid,15.410526,241.392927,Solar PPA,64.591529
S4: Geothermal + Solar PPA + Hybrid BESS + Grid,15.663158,237.458336,Solar PPA,61.330766
S4: Geothermal + Solar PPA + Hybrid BESS + Grid,15.915789,231.52949,Solar PPA,57.80182
S4: Geothermal + Solar PPA + Hybrid BESS + Grid,16.168421,234.102006,Solar PPA,54.020121
S4: Geothermal + Solar PPA + Hybrid BESS + Grid,16.421053,237.144863,Solar PPA,50.002205
S4: Geothermal + Solar PPA + Hybrid BESS + Grid,16.673684,238.766237,Solar PPA,45.765643
S4: Geothermal + Solar PPA + Hybrid BESS + Grid,16.926316,243.151698,Solar PPA,41.328959
S4: Geothermal + Solar PPA + Hybrid BESS + Grid,17.178947,240.764714,Solar PPA,36.711554
S4: Geothermal + Solar PPA + Hybrid BESS + Grid,17.431579,234.359733,Solar PPA,31.933618
S4: Geothermal + Solar PPA + Hybrid BESS + Grid,17.684211,233.904346,Solar PPA,27.016046
S4: Geothermal + Solar PPA + Hybrid BESS + Grid,17.936842,233.569328,Solar PPA,21.980338
S4: Geothermal + Solar PPA + Hybrid BESS + Grid,18.189474,230.77739,Solar PPA,16.848517
S4: Geothermal + Solar PPA + Hybrid BESS + Grid,18.442105,234.382288,Solar PPA,11.643021
S4: Geothermal + Solar PPA + Hybrid BESS + Grid,18.694737,224.894864,Solar PPA,6.386613
S4: Geothermal + Solar PPA + Hybrid BESS + Grid,18.947368,220.961434,Solar PPA,1.102278
S4: Geothermal + Solar PPA + Hybrid BESS + Grid,19.2,219.023883,Solar PPA,0.0
S4: Geothermal + Solar PPA + Hybrid BESS + Grid,19.452632,212.025596,Solar PPA,0.0
S4: Geothermal + Solar PPA + Hybrid BESS + Grid,19.705263,216.378291,Solar PPA,0.0
S4: Geothermal + Solar PPA + Hybrid BESS + Grid,19.957895,206.849427,Solar PPA,0.0
S4: Geothermal + Solar PPA + Hybrid BESS + Grid,20.210526,203.506378,Solar PPA,0.0
S4: Geothermal + Solar PPA + Hybrid BESS + Grid,20.463158,202.507636,Solar PPA,0.0
S4: Geothermal + Solar PPA + Hybrid BESS + Grid,20.715789,203.279618,Solar PPA,0.0
S4: Geothermal + Solar PPA + Hybrid BESS + Grid,20.968421,204.213857,Solar PPA,0.0
S4: Geothermal + Solar PPA + Hybrid BESS + Grid,21.221053,199.965939,Solar PPA,0.0
S4: Geothermal + Solar PPA + Hybrid BESS + Grid,21.473684,195.014963,Solar PPA,0.0
S4: Geothermal + Solar PPA + Hybrid BESS + Grid,21.726316,190.786003,Solar PPA,0.0
S4: Geothermal + Solar PPA + Hybrid BESS + Grid,21.978947,190.070966,Solar PPA,0.0
S4: Geothermal + Solar PPA + Hybrid BESS + Grid,22.231579,187.93445,Solar PPA,0.0
S4: Geothermal + Solar PPA + Hybrid BESS + Grid,22.484211,187.647006,Solar PPA,0.0
S4: Geothermal + Solar PPA + Hybrid BESS + Grid,22.736842,182.79361,Solar PPA,0.0
S4: Geothermal + Solar PPA + Hybrid BESS + Grid,22.989474,181.612203,Solar PPA,0.0
S4: Geothermal + Solar PPA + Hybrid BESS + Grid,23.242105,178.435705,Solar PPA,0.0
S4: Geothermal + Solar PPA + Hybrid BESS + Grid,23.494737,173.631815,Solar PPA,0.0
S4: Geothermal + Solar PPA + Hybrid BESS + Grid,23.747368,169.760164,Solar PPA,0.0
S4: Geothermal + Solar PPA + Hybrid BESS + Grid,24.0,161.092467,Solar PPA,0.0
S4: Geothermal + Solar PPA + Hybrid BESS + Grid,0.0,146.220746,Geothermal,120.0
S4: Geothermal + Solar PPA + Hybrid BESS + Grid,0.252632,142.493761,Geothermal,120.0
S4: Geothermal + Solar PPA + Hybrid BESS + Grid,0.505263,143.661607,Geothermal,120.0
S4: Geothermal + Solar PPA + Hybrid BESS + Grid,0.757895,146.396692,Geothermal,120.0
S4: Geothermal + Solar PPA + Hybrid BESS + Grid,1.010526,144.495891,Geothermal,120.0
S4: Geothermal + Solar PPA + Hybrid BESS + Grid,1.263158,144.343225,Geothermal,120.0
S4: Geothermal + Solar PPA + Hybrid BESS + Grid,1.515789,146.919418,Geothermal,120.0
S4: Geothermal + Solar PPA + Hybrid BESS + Grid,1.768421,145.437384,Geothermal,120.0
S4: Geothermal + Solar PPA + Hybrid BESS + Grid,2.021053,145.4143,Geothermal,120.0
S4: Geothermal + Solar PPA + Hybrid BESS + Grid,2.273684,148.07771,Geothermal,120.0
S4: Geothermal + Solar PPA + Hybrid BESS + Grid,2.526316,143.846932,Geothermal,120.0
S4: Geothermal + Solar PPA + Hybrid BESS + Grid,2.778947,141.791134,Geothermal,120.0
S4: Geothermal + Solar PPA + Hybrid BESS + Grid,3.031579,144.744855,Geothermal,120.0
S4: Geothermal + Solar PPA + Hybrid BESS + Grid,3.284211,139.924624,Geothermal,120.0
S4: Geothermal + Solar PPA + Hybrid BESS + Grid,3.536842,138.230245,Geothermal,120.0
S4: Geothermal + Solar PPA + Hybrid BESS + Grid,3.789474,139.583534,Geothermal,120.0
S4: Geothermal + Solar PPA + Hybrid BESS + Grid,4.042105,138.171424,Geothermal,120.0
S4: Geothermal + Solar PPA + Hybrid BESS + Grid,4.294737,145.589762,Geothermal,120.0
S4: Geothermal + Solar PPA + Hybrid BESS + Grid,4.547368,149.60022,Geothermal,120.0
S4: Geothermal + Solar PPA + Hybrid BESS + Grid,4.8,149.555785,Geothermal,120.0
S4: Geothermal + Solar PPA + Hybrid BESS + Grid,5.052632,157.938285,Geothermal,120.0
S4: Geothermal + Solar PPA + Hybrid BESS + Grid,5.305263,158.873198,Geothermal,120.0
S4: Geothermal + Solar PPA + Hybrid BESS + Grid,5.557895,163.688381,Geothermal,120.0
S4: Geothermal + Solar PPA + Hybrid BESS + Grid,5.810526,166.117267,Geothermal,120.0
S4: Geothermal + Solar PPA + Hybrid BESS + Grid,6.063158,163.627976,Geothermal,120.0
S4: Geothermal + Solar PPA + Hybrid BESS + Grid,6.315789,167.073156,Geothermal,120.0
S4: Geothermal + Solar PPA + Hybrid BESS + Grid,6.568421,166.689563,Geothermal,120.0
S4: Geothermal + Solar PPA + Hybrid BESS + Grid,6.821053,173.904114,Geothermal,120.0
S4: Geothermal + Solar PPA + Hybrid BESS + Grid,7.073684,176.518915,Geothermal,120.0
S4: Geothermal + Solar PPA + Hybrid BESS + Grid,7.326316,178.300969,Geothermal,120.0
S4: Geothermal + Solar PPA + Hybrid BESS + Grid,7.578947,182.486974,Geothermal,120.0
S4: Geothermal + Solar PPA + Hybrid BESS + Grid,7.831579,189.006368,Geothermal,120.0
S4: Geothermal + Solar PPA + Hybrid BESS + Grid,8.084211,193.308235,Geothermal,120.0
S4: Geothermal + Solar PPA + Hybrid BESS + Grid,8.336842,194.22417,Geothermal,120.0
S4: Geothermal + Solar PPA + Hybrid BESS + Grid,8.589474,200.603646,Geothermal,120.0
S4: Geothermal + Solar PPA + Hybrid BESS + Grid,8.842105,195.7185,Geothermal,120.0
S4: Geothermal + Solar PPA + Hybrid BESS + Grid,9.094737,199.041884,Geothermal,120.0
S4: Geothermal + Solar PPA + Hybrid BESS + Grid,9.347368,199.515399,Geothermal,120.0
S4: Geothermal + Solar PPA + Hybrid BESS + Grid,9.6,196.819151,Geothermal,120.0
S4: Geothermal + Solar PPA + Hybrid BESS + Grid,9.852632,202.987544,Geothermal,120.0
S4: Geothermal + Solar PPA + Hybrid BESS + Grid,10.105263,206.870804,Geothermal,120.0
S4: Geothermal + Solar PPA + Hybrid BESS + Grid,10.357895,214.684552,Geothermal,120.0
S4: Geothermal + Solar PPA + Hybrid BESS + Grid,10.610526,220.120959,Geothermal,120.0
S4: Geothermal + Solar PPA + Hybrid BESS + Grid,10.863158,221.192293,Geothermal,120.0
S4: Geothermal + Solar PPA + Hybrid BESS + Grid,11.115789,217.869809,Geothermal,120.0
S4: Geothermal + Solar PPA + Hybrid BESS + Grid,11.368421,217.758375,Geothermal,120.0
S4: Geothermal + Solar PPA + Hybrid BESS + Grid,11.621053,218.902304,Geothermal,120.0
S4: Geothermal + Solar PPA + Hybrid BESS + Grid,11.873684,224.187636,Geothermal,120.0
S4: Geothermal + Solar PPA + Hybrid BESS + Grid,12.126316,230.510044,Geothermal,120.0
S4: Geothermal + Solar PPA + Hybrid BESS + Grid,12.378947,229.540724,Geothermal,120.0
S4: Geothermal + Solar PPA + Hybrid BESS + Grid,12.631579,233.007549,Geothermal,120.0
S4: Geothermal + Solar PPA + Hybrid BESS + Grid,12.884211,230.768568,Geothermal,120.0
S4: Geothermal + Solar PPA + Hybrid BESS + Grid,13.136842,229.44087,Geothermal,120.0
S4: Geothermal + Solar PPA + Hybrid BESS + Grid,13.389474,236.454504,Geothermal,120.0
S4: Geothermal + Solar PPA + Hybrid BESS + Grid,13.642105,239.148366,Geothermal,120.0
S4: Geothermal + Solar PPA + Hybrid BESS + Grid,13.894737,243.212598,Geothermal,120.0
S4: Geothermal + Solar PPA + Hybrid BESS + Grid,14.147368,243.424454,Geothermal,120.0
S4: Geothermal + Solar PPA + Hybrid BESS + Grid,14.4,241.582112,Geothermal,120.0
S4: Geothermal + Solar PPA + Hybrid BESS + Grid,14.652632,240.133459,Geothermal,120.0
S4: Geothermal + Solar PPA + Hybrid BESS + Grid,14.905263,240.384649,Geothermal,120.0
S4: Geothermal + Solar PPA + Hybrid BESS + Grid,15.157895,241.264673,Geothermal,120.0
S4: Geothermal + Solar PPA + Hybrid BESS + Grid,15.410526,241.392927,Geothermal,120.0
S4: Geothermal + Solar PPA + Hybrid BESS + Grid,15.663158,237.458336,Geothermal,120.0
S4: Geothermal + Solar PPA + Hybrid BESS + Grid,15.915789,231.52949,Geothermal,120.0
S4: Geothermal + Solar PPA + Hybrid BESS + Grid,16.168421,234.102006,Geothermal,120.0
S4: Geothermal + Solar PPA + Hybrid BESS + Grid,16.421053,237.144863,Geothermal,120.0
S4: Geothermal + Solar PPA + Hybrid BESS + Grid,16.673684,238.766237,Geothermal,120.0
S4: Geothermal + Solar PPA + Hybrid BESS + Grid,16.926316,243.151698,Geothermal,120.0
S4: Geothermal + Solar PPA + Hybrid BESS + Grid,17.178947,240.764714,Geothermal,120.0
S4: Geothermal + Solar PPA + Hybrid BESS + Grid,17.431579,234.359733,Geothermal,120.0
S4: Geothermal + Solar PPA + Hybrid BESS + Grid,17.684211,233.904346,Geothermal,120.0
S4: Geothermal + Solar PPA + Hybrid BESS + Grid,17.936842,233.569328,Geothermal,120.0
S4: Geothermal + Solar PPA + Hybrid BESS + Grid,18.189474,230.77739,Geothermal,120.0
S4: Geothermal + Solar PPA + Hybrid BESS + Grid,18.442105,234.382288,Geothermal,120.0
S4: Geothermal + Solar PPA + Hybrid BESS + Grid,18.694737,224.894864,Geothermal,120.0
S4: Geothermal + Solar PPA + Hybrid BESS + Grid,18.947368,220.961434,Geothermal,120.0
S4: Geothermal + Solar PPA + Hybrid BESS + Grid,19.2,219.023883,Geothermal,120.0
S4: Geothermal + Solar PPA + Hybrid BESS + Grid,19.452632,212.025596,Geothermal,120.0
S4: Geothermal + Solar PPA + Hybrid BESS + Grid,19.705263,216.378291,Geothermal,120.0
S4: Geothermal + Solar PPA + Hybrid BESS + Grid,19.957895,206.849427,Geothermal,120.0
S4: Geothermal + Solar PPA + Hybrid BESS + Grid,20.210526,203.506378,Geothermal,120.0
S4: Geothermal + Solar PPA + Hybrid BESS + Grid,20.463158,202.507636,Geothermal,120.0
S4: Geothermal + Solar PPA + Hybrid BESS + Grid,20.715789,203.279618,Geothermal,120.0
S4: Geothermal + Solar PPA + Hybrid BESS + Grid,20.968421,204.213857,Geothermal,120.0
S4: Geothermal + Solar PPA + Hybrid BESS + Grid,21.221053,199.965939,Geothermal,120.0
S4: Geothermal + Solar PPA + Hybrid BESS + Grid,21.473684,195.014963,Geothermal,120.0
S4: Geothermal + Solar PPA + Hybrid BESS + Grid,21.726316,190.786003,Geothermal,120.0
S4: Geothermal + Solar PPA + Hybrid BESS + Grid,21.978947,190.070966,Geothermal,120.0
S4: Geothermal + Solar PPA + Hybrid BESS + Grid,22.231579,187.93445,Geothermal,120.0
S4: Geothermal + Solar PPA + Hybrid BESS + Grid,22.484211,187.647006,Geothermal,120.0
S4: Geothermal + Solar PPA + Hybrid BESS + Grid,22.736842,182.79361,Geothermal,120.0
S4: Geothermal + Solar PPA + Hybrid BESS + Grid,22.989474,181.612203,Geothermal,120.0
S4: Geothermal + Solar PPA + Hybrid BESS + Grid,23.242105,178.435705,Geothermal,120.0
S4: Geothermal + Solar PPA + Hybrid BESS + Grid,23.494737,173.631815,Geothermal,120.0
S4: Geothermal + Solar PPA + Hybrid BESS + Grid,23.747368,169.760164,Geothermal,120.0
S4: Geothermal + Solar PPA + Hybrid BESS + Grid,24.0,161.092467,Geothermal,120.0
S4: Geothermal + Solar PPA + Hybrid BESS + Grid,0.0,146.220746,SMR,0.0
S4: Geothermal + Solar PPA + Hybrid BESS + Grid,0.252632,142.493761,SMR,0.0
S4: Geothermal + Solar PPA + Hybrid BESS + Grid,0.505263,143.661607,SMR,0.0
S4: Geothermal + Solar PPA + Hybrid BESS + Grid,0.757895,146.396692,SMR,0.0
S4: Geothermal + Solar PPA + Hybrid BESS + Grid,1.010526,144.495891,SMR,0.0
S4: Geothermal + Solar PPA + Hybrid BESS + Grid,1.263158,144.343225,SMR,0.0
S4: Geothermal + Solar PPA + Hybrid BESS + Grid,1.515789,146.919418,SMR,0.0
S4: Geothermal + Solar PPA + Hybrid BESS + Grid,1.768421,145.437384,SMR,0.0
S4: Geothermal + Solar PPA + Hybrid BESS + Grid,2.021053,145.4143,SMR,0.0
S4: Geothermal + Solar PPA + Hybrid BESS + Grid,2.273684,148.07771,SMR,0.0
S4: Geothermal + Solar PPA + Hybrid BESS + Grid,2.526316,143.846932,SMR,0.0
S4: Geothermal + Solar PPA + Hybrid BESS + Grid,2.778947,141.791134,SMR,0.0
S4: Geothermal + Solar PPA + Hybrid BESS + Grid,3.031579,144.744855,SMR,0.0
S4: Geothermal + Solar PPA + Hybrid BESS + Grid,3.284211,139.924624,SMR,0.0
S4: Geothermal + Solar PPA + Hybrid BESS + Grid,3.536842,138.230245,SMR,0.0
S4: Geothermal + Solar PPA + Hybrid BESS + Grid,3.789474,139.583534,SMR,0.0
S4: Geothermal + Solar PPA + Hybrid BESS + Grid,4.042105,138.171424,SMR,0.0
S4: Geothermal + Solar PPA + Hybrid BESS + Grid,4.294737,145.589762,SMR,0.0
S4: Geothermal + Solar PPA + Hybrid BESS + Grid,4.547368,149.60022,SMR,0.0
S4: Geothermal + Solar PPA + Hybrid BESS + Grid,4.8,149.555785,SMR,0.0
S4: Geothermal + Solar PPA + Hybrid BESS + Grid,5.052632,157.938285,SMR,0.0
S4: Geothermal + Solar PPA + Hybrid BESS + Grid,5.305263,158.873198,SMR,0.0
S4: Geothermal + Solar PPA + Hybrid BESS + Grid,5.557895,163.688381,SMR,0.0
S4: Geothermal + Solar PPA + Hybrid BESS + Grid,5.810526,166.117267,SMR,0.0
S4: Geothermal + Solar PPA + Hybrid BESS + Grid,6.063158,163.627976,SMR,0.0
S4: Geothermal + Solar PPA + Hybrid BESS + Grid,6.315789,167.073156,SMR,0.0
S4: Geothermal + Solar PPA + Hybrid BESS + Grid,6.568421,166.689563,SMR,0.0
S4: Geothermal + Solar PPA + Hybrid BESS + Grid,6.821053,173.904114,SMR,0.0
S4: Geothermal + Solar PPA + Hybrid BESS + Grid,7.073684,176.518915,SMR,0.0
S4: Geothermal + Solar PPA + Hybrid BESS + Grid,7.326316,178.300969,SMR,0.0
S4: Geothermal + Solar PPA + Hybrid BESS + Grid,7.578947,182.486974,SMR,0.0
S4: Geothermal + Solar PPA + Hybrid BESS + Grid,7.831579,189.006368,SMR,0.0
S4: Geothermal + Solar PPA + Hybrid BESS + Grid,8.084211,193.308235,SMR,0.0
S4: Geothermal + Solar PPA + Hybrid BESS + Grid,8.336842,194.22417,SMR,0.0
S4: Geothermal + Solar PPA + Hybrid BESS + Grid,8.589474,200.603646,SMR,0.0
S4: Geothermal + Solar PPA + Hybrid BESS + Grid,8.842105,195.7185,SMR,0.0
S4: Geothermal + Solar PPA + Hybrid BESS + Grid,9.094737,199.041884,SMR,0.0
S4: Geothermal + Solar PPA + Hybrid BESS + Grid,9.347368,199.515399,SMR,0.0
S4: Geothermal + Solar PPA + Hybrid BESS + Grid,9.6,196.819151,SMR,0.0
S4: Geothermal + Solar PPA + Hybrid BESS + Grid,9.852632,202.987544,SMR,0.0
S4: Geothermal + Solar PPA + Hybrid BESS + Grid,10.105263,206.870804,SMR,0.0
S4: Geothermal + Solar PPA + Hybrid BESS + Grid,10.357895,214.684552,SMR,0.0
S4: Geothermal + Solar PPA + Hybrid BESS + Grid,10.610526,220.120959,SMR,0.0
S4: Geothermal + Solar PPA + Hybrid BESS + Grid,10.863158,221.192293,SMR,0.0
S4: Geothermal + Solar PPA + Hybrid BESS + Grid,11.115789,217.869809,SMR,0.0
S4: Geothermal + Solar PPA + Hybrid BESS + Grid,11.368421,217.758375,SMR,0.0
S4: Geothermal + Solar PPA + Hybrid BESS + Grid,11.621053,218.902304,SMR,0.0
S4: Geothermal + Solar PPA + Hybrid BESS + Grid,11.873684,224.187636,SMR,0.0
S4: Geothermal + Solar PPA + Hybrid BESS + Grid,12.126316,230.510044,SMR,0.0
S4: Geothermal + Solar PPA + Hybrid BESS + Grid,12.378947,229.540724,SMR,0.0
S4: Geothermal + Solar PPA + Hybrid BESS + Grid,12.631579,233.007549,SMR,0.0
S4: Geothermal + Solar PPA + Hybrid BESS + Grid,12.884211,230.768568,SMR,0.0
S4: Geothermal + Solar PPA + Hybrid BESS + Grid,13.136842,229.44087,SMR,0.0
S4: Geothermal + Solar PPA + Hybrid BESS + Grid,13.389474,236.454504,SMR,0.0
S4: Geothermal + Solar PPA + Hybrid BESS + Grid,13.642105,239.148366,SMR,0.0
S4: Geothermal + Solar PPA + Hybrid BESS + Grid,13.894737,243.212598,SMR,0.0
S4: Geothermal + Solar PPA + Hybrid BESS + Grid,14.147368,243.424454,SMR,0.0
S4: Geothermal + Solar PPA + Hybrid BESS + Grid,14.4,241.582112,SMR,0.0
S4: Geothermal + Solar PPA + Hybrid BESS + Grid,14.652632,240.133459,SMR,0.0
S4: Geothermal + Solar PPA + Hybrid BESS + Grid,14.905263,240.384649,SMR,0.0
S4: Geothermal + Solar PPA + Hybrid BESS + Grid,15.157895,241.264673,SMR,0.0
S4: Geothermal + Solar PPA + Hybrid BESS + Grid,15.410526,241.392927,SMR,0.0
S4: Geothermal + Solar PPA + Hybrid BESS + Grid,15.663158,237.458336,SMR,0.0
S4: Geothermal + Solar PPA + Hybrid BESS + Grid,15.915789,231.52949,SMR,0.0
S4: Geothermal + Solar PPA + Hybrid BESS + Grid,16.168421,234.102006,SMR,0.0
S4: Geothermal + Solar PPA + Hybrid BESS + Grid,16.421053,237.144863,SMR,0.0
S4: Geothermal + Solar PPA + Hybrid BESS + Grid,16.673684,238.766237,SMR,0.0
S4: Geothermal + Solar PPA + Hybrid BESS + Grid,16.926316,243.151698,SMR,0.0
S4: Geothermal + Solar PPA + Hybrid BESS + Grid,17.178947,240.764714,SMR,0.0
S4: Geothermal + Solar PPA + Hybrid BESS + Grid,17.431579,234.359733,SMR,0.0
S4: Geothermal + Solar PPA + Hybrid BESS + Grid,17.684211,233.904346,SMR,0.0
S4: Geothermal + Solar PPA + Hybrid BESS + Grid,17.936842,233.569328,SMR,0.0
S4: Geothermal + Solar PPA + Hybrid BESS + Grid,18.189474,230.77739,SMR,0.0
S4: Geothermal + Solar PPA + Hybrid BESS + Grid,18.442105,234.382288,SMR,0.0
S4: Geothermal + Solar PPA + Hybrid BESS + Grid,18.694737,224.894864,SMR,0.0
S4: Geothermal + Solar PPA + Hybrid BESS + Grid,18.947368,220.961434,SMR,0.0
S4: Geothermal + Solar PPA + Hybrid BESS + Grid,19.2,219.023883,SMR,0.0
S4: Geothermal + Solar PPA + Hybrid BESS + Grid,19.452632,212.025596,SMR,0.0
S4: Geothermal + Solar PPA + Hybrid BESS + Grid,19.705263,216.378291,SMR,0.0
S4: Geothermal + Solar PPA + Hybrid BESS + Grid,19.957895,206.849427,SMR,0.0
S4: Geothermal + Solar PPA + Hybrid BESS + Grid,20.210526,203.506378,SMR,0.0
S4: Geothermal + Solar PPA + Hybrid BESS + Grid,20.463158,202.507636,SMR,0.0
S4: Geothermal + Solar PPA + Hybrid BESS + Grid,20.715789,203.279618,SMR,0.0
S4: Geothermal + Solar PPA + Hybrid BESS + Grid,20.968421,204.213857,SMR,0.0
S4: Geothermal + Solar PPA + Hybrid BESS + Grid,21.221053,199.965939,SMR,0.0
S4: Geothermal + Solar PPA + Hybrid BESS + Grid,21.473684,195.014963,SMR,0.0
S4: Geothermal + Solar PPA + Hybrid BESS + Grid,21.726316,190.786003,SMR,0.0
S4: Geothermal + Solar PPA + Hybrid BESS + Grid,21.978947,190.070966,SMR,0.0
S4: Geothermal + Solar PPA + Hybrid BESS + Grid,22.231579,187.93445,SMR,0.0
S4: Geothermal + Solar PPA + Hybrid BESS + Grid,22.484211,187.647006,SMR,0.0
S4: Geothermal + Solar PPA + Hybrid BESS + Grid,22.736842,182.79361,SMR,0.0
S4: Geothermal + Solar PPA + Hybrid BESS + Grid,22.989474,181.612203,SMR,0.0
S4: Geothermal + Solar PPA + Hybrid BESS + Grid,23.242105,178.435705,SMR,0.0
S4: Geothermal + Solar PPA + Hybrid BESS + Grid,23.494737,173.631815,SMR,0.0
S4: Geothermal + Solar PPA + Hybrid BESS + Grid,23.747368,169.760164,SMR,0.0
S4: Geothermal + Solar PPA + Hybrid BESS + Grid,24.0,161.092467,SMR,0.0
S4: Geothermal + Solar PPA + Hybrid BESS + Grid,0.0,146.220746,Microturbines,0.0
S4: Geothermal + Solar PPA + Hybrid BESS + Grid,0.252632,142.493761,Microturbines,0.0
S4: Geothermal + Solar PPA + Hybrid BESS + Grid,0.505263,143.661607,Microturbines,0.0
S4: Geothermal + Solar PPA + Hybrid BESS + Grid,0.757895,146.396692,Microturbines,0.0
S4: Geothermal + Solar PPA + Hybrid BESS + Grid,1.010526,144.495891,Microturbines,0.0
S4: Geothermal + Solar PPA + Hybrid BESS + Grid,1.263158,144.343225,Microturbines,0.0
S4: Geothermal + Solar PPA + Hybrid BESS + Grid,1.515789,146.919418,Microturbines,0.0
S4: Geothermal + Solar PPA + Hybrid BESS + Grid,1.768421,145.437384,Microturbines,0.0
S4: Geothermal + Solar PPA + Hybrid BESS + Grid,2.021053,145.4143,Microturbines,0.0
S4: Geothermal + Solar PPA + Hybrid BESS + Grid,2.273684,148.07771,Microturbines,0.0
S4: Geothermal + Solar PPA + Hybrid BESS + Grid,2.526316,143.846932,Microturbines,0.0
S4: Geothermal + Solar PPA + Hybrid BESS + Grid,2.778947,141.791134,Microturbines,0.0
S4: Geothermal + Solar PPA + Hybrid BESS + Grid,3.031579,144.744855,Microturbines,0.0
S4: Geothermal + Solar PPA + Hybrid BESS + Grid,3.284211,139.924624,Microturbines,0.0
S4: Geothermal + Solar PPA + Hybrid BESS + Grid,3.536842,138.230245,Microturbines,0.0
S4: Geothermal + Solar PPA + Hybrid BESS + Grid,3.789474,139.583534,Microturbines,0.0
S4: Geothermal + Solar PPA + Hybrid BESS + Grid,4.042105,138.171424,Microturbines,0.0
S4: Geothermal + Solar PPA + Hybrid BESS + Grid,4.294737,145.589762,Microturbines,0.0
S4: Geothermal + Solar PPA + Hybrid BESS + Grid,4.547368,149.60022,Microturbines,0.0
S4: Geothermal + Solar PPA + Hybrid BESS + Grid,4.8,149.555785,Microturbines,0.0
S4: Geothermal + Solar PPA + Hybrid BESS + Grid,5.052632,157.938285,Microturbines,0.0
S4: Geothermal + Solar PPA + Hybrid BESS + Grid,5.305263,158.873198,Microturbines,0.0
S4: Geothermal + Solar PPA + Hybrid BESS + Grid,5.557895,163.688381,Microturbines,0.0
S4: Geothermal + Solar PPA + Hybrid BESS + Grid,5.810526,166.117267,Microturbines,0.0
S4: Geothermal + Solar PPA + Hybrid BESS + Grid,6.063158,163.627976,Microturbines,0.0
S4: Geothermal + Solar PPA + Hybrid BESS + Grid,6.315789,167.073156,Microturbines,0.0
S4: Geothermal + Solar PPA + Hybrid BESS + Grid,6.568421,166.689563,Microturbines,0.0
S4: Geothermal + Solar PPA + Hybrid BESS + Grid,6.821053,173.904114,Microturbines,0.0
S4: Geothermal + Solar PPA + Hybrid BESS + Grid,7.073684,176.518915,Microturbines,0.0
S4: Geothermal + Solar PPA + Hybrid BESS + Grid,7.326316,178.300969,Microturbines,0.0
S4: Geothermal + Solar PPA + Hybrid BESS + Grid,7.578947,182.486974,Microturbines,0.0
S4: Geothermal + Solar PPA + Hybrid BESS + Grid,7.831579,189.006368,Microturbines,0.0
S4: Geothermal + Solar PPA + Hybrid BESS + Grid,8.084211,193.308235,Microturbines,0.0
S4: Geothermal + Solar PPA + Hybrid BESS + Grid,8.336842,194.22417,Microturbines,0.0
S4: Geothermal + Solar PPA + Hybrid BESS + Grid,8.589474,200.603646,Microturbines,0.0
S4: Geothermal + Solar PPA + Hybrid BESS + Grid,8.842105,195.7185,Microturbines,0.0
S4: Geothermal + Solar PPA + Hybrid BESS + Grid,9.094737,199.041884,Microturbines,0.0
S4: Geothermal + Solar PPA + Hybrid BESS + Grid,9.347368,199.515399,Microturbines,0.0
S4: Geothermal + Solar PPA + Hybrid BESS + Grid,9.6,196.819151,Microturbines,0.0
S4: Geothermal + Solar PPA + Hybrid BESS + Grid,9.852632,202.987544,Microturbines,0.0
S4: Geothermal + Solar PPA + Hybrid BESS + Grid,10.105263,206.870804,Microturbines,0.0
S4: Geothermal + Solar PPA + Hybrid BESS + Grid,10.357895,214.684552,Microturbines,0.0
S4: Geothermal + Solar PPA + Hybrid BESS + Grid,10.610526,220.120959,Microturbines,0.0
S4: Geothermal + Solar PPA + Hybrid BESS + Grid,10.863158,221.192293,Microturbines,0.0
S4: Geothermal + Solar PPA + Hybrid BESS + Grid,11.115789,217.869809,Microturbines,0.0
S4: Geothermal + Solar PPA + Hybrid BESS + Grid,11.368421,217.758375,Microturbines,0.0
S4: Geothermal + Solar PPA + Hybrid BESS + Grid,11.621053,218.902304,Microturbines,0.0
S4: Geothermal + Solar PPA + Hybrid BESS + Grid,11.873684,224.187636,Microturbines,0.0
S4: Geothermal + Solar PPA + Hybrid BESS + Grid,12.126316,230.510044,Microturbines,0.0
S4: Geothermal + Solar PPA + Hybrid BESS + Grid,12.378947,229.540724,Microturbines,0.0
S4: Geothermal + Solar PPA + Hybrid BESS + Grid,12.631579,233.007549,Microturbines,0.0
S4: Geothermal + Solar PPA + Hybrid BESS + Grid,12.884211,230.768568,Microturbines,0.0
S4: Geothermal + Solar PPA + Hybrid BESS + Grid,13.136842,229.44087,Microturbines,0.0
S4: Geothermal + Solar PPA + Hybrid BESS + Grid,13.389474,236.454504,Microturbines,0.0
S4: Geothermal + Solar PPA + Hybrid BESS + Grid,13.642105,239.148366,Microturbines,0.0
S4: Geothermal + Solar PPA + Hybrid BESS + Grid,13.894737,243.212598,Microturbines,0.0
S4: Geothermal + Solar PPA + Hybrid BESS + Grid,14.147368,243.424454,Microturbines,0.0
S4: Geothermal + Solar PPA + Hybrid BESS + Grid,14.4,241.582112,Microturbines,0.0
S4: Geothermal + Solar PPA + Hybrid BESS + Grid,14.652632,240.133459,Microturbines,0.0
S4: Geothermal + Solar PPA + Hybrid BESS + Grid,14.905263,240.384649,Microturbines,0.0
S4: Geothermal + Solar PPA + Hybrid BESS + Grid,15.157895,241.264673,Microturbines,0.0
S4: Geothermal + Solar PPA + Hybrid BESS + Grid,15.410526,241.392927,Microturbines,0.0
S4: Geothermal + Solar PPA + Hybrid BESS + Grid,15.663158,237.458336,Microturbines,0.0
S4: Geothermal + Solar PPA + Hybrid BESS + Grid,15.915789,231.52949,Microturbines,0.0
S4: Geothermal + Solar PPA + Hybrid BESS + Grid,16.168421,234.102006,Microturbines,0.0
S4: Geothermal + Solar PPA + Hybrid BESS + Grid,16.421053,237.144863,Microturbines,0.0
S4: Geothermal + Solar PPA + Hybrid BESS + Grid,16.673684,238.766237,Microturbines,0.0
S4: Geothermal + Solar PPA + Hybrid BESS + Grid,16.926316,243.151698,Microturbines,0.0
S4: Geothermal + Solar PPA + Hybrid BESS + Grid,17.178947,240.764714,Microturbines,0.0
S4: Geothermal + Solar PPA + Hybrid BESS + Grid,17.431579,234.359733,Microturbines,0.0
S4: Geothermal + Solar PPA + Hybrid BESS + Grid,17.684211,233.904346,Microturbines,0.0
S4: Geothermal + Solar PPA + Hybrid BESS + Grid,17.936842,233.569328,Microturbines,0.0
S4: Geothermal + Solar PPA + Hybrid BESS + Grid,18.189474,230.77739,Microturbines,0.0
S4: Geothermal + Solar PPA + Hybrid BESS + Grid,18.442105,234.382288,Microturbines,0.0
S4: Geothermal + Solar PPA + Hybrid BESS + Grid,18.694737,224.894864,Microturbines,0.0
S4: Geothermal + Solar PPA + Hybrid BESS + Grid,18.947368,220.961434,Microturbines,0.0
S4: Geothermal + Solar PPA + Hybrid BESS + Grid,19.2,219.023883,Microturbines,0.0
S4: Geothermal + Solar PPA + Hybrid BESS + Grid,19.452632,212.025596,Microturbines,0.0
S4: Geothermal + Solar PPA + Hybrid BESS + Grid,19.705263,216.378291,Microturbines,0.0
S4: Geothermal + Solar PPA + Hybrid BESS + Grid,19.957895,206.849427,Microturbines,0.0
S4: Geothermal + Solar PPA + Hybrid BESS + Grid,20.210526,203.506378,Microturbines,0.0
S4: Geothermal + Solar PPA + Hybrid BESS + Grid,20.463158,202.507636,Microturbines,0.0
S4: Geothermal + Solar PPA + Hybrid BESS + Grid,20.715789,203.279618,Microturbines,0.0
S4: Geothermal + Solar PPA + Hybrid BESS + Grid,20.968421,204.213857,Microturbines,0.0
S4: Geothermal + Solar PPA + Hybrid BESS + Grid,21.221053,199.965939,Microturbines,0.0
S4: Geothermal + Solar PPA + Hybrid BESS + Grid,21.473684,195.014963,Microturbines,0.0
S4: Geothermal + Solar PPA + Hybrid BESS + Grid,21.726316,190.786003,Microturbines,0.0
S4: Geothermal + Solar PPA + Hybrid BESS + Grid,21.978947,190.070966,Microturbines,0.0
S4: Geothermal + Solar PPA + Hybrid BESS + Grid,22.231579,187.93445,Microturbines,0.0
S4: Geothermal + Solar PPA + Hybrid BESS + Grid,22.484211,187.647006,Microturbines,0.0
S4: Geothermal + Solar PPA + Hybrid BESS + Grid,22.736842,182.79361,Microturbines,0.0
S4: Geothermal + Solar PPA + Hybrid BESS + Grid,22.989474,181.612203,Microturbines,0.0
S4: Geothermal + Solar PPA + Hybrid BESS + Grid,23.242105,178.435705,Microturbines,0.0
S4: Geothermal + Solar PPA + Hybrid BESS + Grid,23.494737,173.631815,Microturbines,0.0
S4: Geothermal + Solar PPA + Hybrid BESS + Grid,23.747368,169.760164,Microturbines,0.0
S4: Geothermal + Solar PPA + Hybrid BESS + Grid,24.0,161.092467,Microturbines,0.0
S4: Geothermal + Solar PPA + Hybrid BESS + Grid,0.0,146.220746,BESS (Discharge),0.0
S4: Geothermal + Solar PPA + Hybrid BESS + Grid,0.252632,142.493761,BESS (Discharge),0.0
S4: Geothermal + Solar PPA + Hybrid BESS + Grid,0.505263,143.661607,BESS (Discharge),0.0
S4: Geothermal + Solar PPA + Hybrid BESS + Grid,0.757895,146.396692,BESS (Discharge),0.0
S4: Geothermal + Solar PPA + Hybrid BESS + Grid,1.010526,144.495891,BESS (Discharge),0.0
S4: Geothermal + Solar PPA + Hybrid BESS + Grid,1.263158,144.343225,BESS (Discharge),0.0
S4: Geothermal + Solar PPA + Hybrid BESS + Grid,1.515789,146.919418,BESS (Discharge),0.0
S4: Geothermal + Solar PPA + Hybrid BESS + Grid,1.768421,145.437384,BESS (Discharge),0.0
S4: Geothermal + Solar PPA + Hybrid BESS + Grid,2.021053,145.4143,BESS (Discharge),0.0
S4: Geothermal + Solar PPA + Hybrid BESS + Grid,2.273684,148.07771,BESS (Discharge),0.0
S4: Geothermal + Solar PPA + Hybrid BESS + Grid,2.526316,143.846932,BESS (Discharge),0.0
S4: Geothermal + Solar PPA + Hybrid BESS + Grid,2.778947,141.791134,BESS (Discharge),0.0
S4: Geothermal + Solar PPA + Hybrid BESS + Grid,3.031579,144.744855,BESS (Discharge),0.0
S4: Geothermal + Solar PPA + Hybrid BESS + Grid,3.284211,139.924624,BESS (Discharge),0.0
S4: Geothermal + Solar PPA + Hybrid BESS + Grid,3.536842,138.230245,BESS (Discharge),0.0
S4: Geothermal + Solar PPA + Hybrid BESS + Grid,3.789474,139.583534,BESS (Discharge),0.0
S4: Geothermal + Solar PPA + Hybrid BESS + Grid,4.042105,138.171424,BESS (Discharge),0.0
S4: Geothermal + Solar PPA + Hybrid BESS + Grid,4.294737,145.589762,BESS (Discharge),0.0
S4: Geothermal + Solar PPA + Hybrid BESS + Grid,4.547368,149.60022,BESS (Discharge),0.0
S4: Geothermal + Solar PPA + Hybrid BESS + Grid,4.8,149.555785,BESS (Discharge),0.0
S4: Geothermal + Solar PPA + Hybrid BESS + Grid,5.052632,157.938285,BESS (Discharge),0.0
S4: Geothermal + Solar PPA + Hybrid BESS + Grid,5.305263,158.873198,BESS (Discharge),0.0
S4: Geothermal + Solar PPA + Hybrid BESS + Grid,5.557895,163.688381,BESS (Discharge),0.0
S4: Geothermal + Solar PPA + Hybrid BESS + Grid,5.810526,166.117267,BESS (Discharge),0.0
S4: Geothermal + Solar PPA + Hybrid BESS + Grid,6.063158,163.627976,BESS (Discharge),0.0
S4: Geothermal + Solar PPA + Hybrid BESS + Grid,6.315789,167.073156,BESS (Discharge),0.0
S4: Geothermal + Solar PPA + Hybrid BESS + Grid,6.568421,166.689563,BESS (Discharge),0.0
S4: Geothermal + Solar PPA + Hybrid BESS + Grid,6.821053,173.904114,BESS (Discharge),0.0
S4: Geothermal + Solar PPA + Hybrid BESS + Grid,7.073684,176.518915,BESS (Discharge),0.0
S4: Geothermal + Solar PPA + Hybrid BESS + Grid,7.326316,178.300969,BESS (Discharge),0.0
S4: Geothermal + Solar PPA + Hybrid BESS + Grid,7.578947,182.486974,BESS (Discharge),0.0
S4: Geothermal + Solar PPA + Hybrid BESS + Grid,7.831579,189.006368,BESS (Discharge),0.0
S4: Geothermal + Solar PPA + Hybrid BESS + Grid,8.084211,193.308235,BESS (Discharge),0.0
S4: Geothermal + Solar PPA + Hybrid BESS + Grid,8.336842,194.22417,BESS (Discharge),0.0
S4: Geothermal + Solar PPA + Hybrid BESS + Grid,8.589474,200.603646,BESS (Discharge),0.0
S4: Geothermal + Solar PPA + Hybrid BESS + Grid,8.842105,195.7185,BESS (Discharge),0.0
S4: Geothermal + Solar PPA + Hybrid BESS + Grid,9.094737,199.041884,BESS (Discharge),0.0
S4: Geothermal + Solar PPA + Hybrid BESS + Grid,9.347368,199.515399,BESS (Discharge),0.0
S4: Geothermal + Solar PPA + Hybrid BESS + Grid,9.6,196.819151,BESS (Discharge),0.0
S4: Geothermal + Solar PPA + Hybrid BESS + Grid,9.852632,202.987544,BESS (Discharge),0.0
S4: Geothermal + Solar PPA + Hybrid BESS + Grid,10.105263,206.870804,BESS (Discharge),0.0
S4: Geothermal + Solar PPA + Hybrid BESS + Grid,10.357895,214.684552,BESS (Discharge),0.0
S4: Geothermal + Solar PPA + Hybrid BESS + Grid,10.610526,220.120959,BESS (Discharge),0.0
S4: Geothermal + Solar PPA + Hybrid BESS + Grid,10.863158,221.192293,BESS (Discharge),0.0
S4: Geothermal + Solar PPA + Hybrid BESS + Grid,11.115789,217.869809,BESS (Discharge),0.0
S4: Geothermal + Solar PPA + Hybrid BESS + Grid,11.368421,217.758375,BESS (Discharge),0.0
S4: Geothermal + Solar PPA + Hybrid BESS + Grid,11.621053,218.902304,BESS (Discharge),0.0
S4: Geothermal + Solar PPA + Hybrid BESS + Grid,11.873684,224.187636,BESS (Discharge),0.0
S4: Geothermal + Solar PPA + Hybrid BESS + Grid,12.126316,230.510044,BESS (Discharge),0.0
S4: Geothermal + Solar PPA + Hybrid BESS + Grid,12.378947,229.540724,BESS (Discharge),0.0
S4: Geothermal + Solar PPA + Hybrid BESS + Grid,12.631579,233.007549,BESS (Discharge),0.0
S4: Geothermal + Solar PPA + Hybrid BESS + Grid,12.884211,230.768568,BESS (Discharge),0.0
S4: Geothermal + Solar PPA + Hybrid BESS + Grid,13.136842,229.44087,BESS (Discharge),0.0
S4: Geothermal + Solar PPA + Hybrid BESS + Grid,13.389474,236.454504,BESS (Discharge),0.0
S4: Geothermal + Solar PPA + Hybrid BESS + Grid,13.642105,239.148366,BESS (Discharge),0.0
S4: Geothermal + Solar PPA + Hybrid BESS + Grid,13.894737,243.212598,BESS (Discharge),0.0
S4: Geothermal + Solar PPA + Hybrid BESS + Grid,14.147368,243.424454,BESS (Discharge),0.0
S4: Geothermal + Solar PPA + Hybrid BESS + Grid,14.4,241.582112,BESS (Discharge),0.0
S4: Geothermal + Solar PPA + Hybrid BESS + Grid,14.652632,240.133459,BESS (Discharge),0.0
S4: Geothermal + Solar PPA + Hybrid BESS + Grid,14.905263,240.384649,BESS (Discharge),0.0
S4: Geothermal + Solar PPA + Hybrid BESS + Grid,15.157895,241.264673,BESS (Discharge),0.0
S4: Geothermal + Solar PPA + Hybrid BESS + Grid,15.410526,241.392927,BESS (Discharge),0.0
S4: Geothermal + Solar PPA + Hybrid BESS + Grid,15.663158,237.458336,BESS (Discharge),0.0
S4: Geothermal + Solar PPA + Hybrid BESS + Grid,15.915789,231.52949,BESS (Discharge),0.0
S4: Geothermal + Solar PPA + Hybrid BESS + Grid,16.168421,234.102006,BESS (Discharge),0.0
S4: Geothermal + Solar PPA + Hybrid BESS + Grid,16.421053,237.144863,BESS (Discharge),0.0
S4: Geothermal + Solar PPA + Hybrid BESS + Grid,16.673684,238.766237,BESS (Discharge),0.0
S4: Geothermal + Solar PPA + Hybrid BESS + Grid,16.926316,243.151698,BESS (Discharge),0.0
S4: Geothermal + Solar PPA + Hybrid BESS + Grid,17.178947,240.764714,BESS (Discharge),0.0
S4: Geothermal + Solar PPA + Hybrid BESS + Grid,17.431579,234.359733,BESS (Discharge),0.0
S4: Geothermal + Solar PPA + Hybrid BESS + Grid,17.684211,233.904346,BESS (Discharge),0.0
S4: Geothermal + Solar PPA + Hybrid BESS + Grid,17.936842,233.569328,BESS (Discharge),0.0
S4: Geothermal + Solar PPA + Hybrid BESS + Grid,18.189474,230.77739,BESS (Discharge),25.0
S4: Geothermal + Solar PPA + Hybrid BESS + Grid,18.442105,234.382288,BESS (Discharge),25.0
S4: Geothermal + Solar PPA + Hybrid BESS + Grid,18.694737,224.894864,BESS (Discharge),25.0
S4: Geothermal + Solar PPA + Hybrid BESS + Grid,18.947368,220.961434,BESS (Discharge),25.0
S4: Geothermal + Solar PPA + Hybrid BESS + Grid,19.2,219.023883,BESS (Discharge),25.0
S4: Geothermal + Solar PPA + Hybrid BESS + Grid,19.452632,212.025596,BESS (Discharge),25.0
S4: Geothermal + Solar PPA + Hybrid BESS + Grid,19.705263,216.378291,BESS (Discharge),25.0
S4: Geothermal + Solar PPA + Hybrid BESS + Grid,19.957895,206.849427,BESS (Discharge),25.0
S4: Geothermal + Solar PPA + Hybrid BESS + Grid,20.210526,203.506378,BESS (Discharge),25.0
S4: Geothermal + Solar PPA + Hybrid BESS + Grid,20.463158,202.507636,BESS (Discharge),25.0
S4: Geothermal + Solar PPA + Hybrid BESS + Grid,20.715789,203.279618,BESS (Discharge),25.0
S4: Geothermal + Solar PPA + Hybrid BESS + Grid,20.968421,204.213857,BESS (Discharge),25.0
S4: Geothermal + Solar PPA + Hybrid BESS + Grid,21.221053,199.965939,BESS (Discharge),25.0
S4: Geothermal + Solar PPA + Hybrid BESS + Grid,21.473684,195.014963,BESS (Discharge),25.0
S4: Geothermal + Solar PPA + Hybrid BESS + Grid,21.726316,190.786003,BESS (Discharge),25.0
S4: Geothermal + Solar PPA + Hybrid BESS + Grid,21.978947,190.070966,BESS (Discharge),25.0
S4: Geothermal + Solar PPA + Hybrid BESS + Grid,22.231579,187.93445,BESS (Discharge),25.0
S4: Geothermal + Solar PPA + Hybrid BESS + Grid,22.484211,187.647006,BESS (Discharge),25.0
S4: Geothermal + Solar PPA + Hybrid BESS + Grid,22.736842,182.79361,BESS (Discharge),25.0
S4: Geothermal + Solar PPA + Hybrid BESS + Grid,22.989474,181.612203,BESS (Discharge),25.0
S4: Geothermal + Solar PPA + Hybrid BESS + Grid,23.242105,178.435705,BESS (Discharge),0.0
S4: Geothermal + Solar PPA + Hybrid BESS + Grid,23.494737,173.631815,BESS (Discharge),0.0
S4: Geothermal + Solar PPA + Hybrid BESS + Grid,23.747368,169.760164,BESS (Discharge),0.0
S4: Geothermal + Solar PPA + Hybrid BESS + Grid,24.0,161.092467,BESS (Discharge),0.0
S4: Geothermal + Solar PPA + Hybrid BESS + Grid,0.0,146.220746,BESS (Charge),0.0
S4: Geothermal + Solar PPA + Hybrid BESS + Grid,0.252632,142.493761,BESS (Charge),0.0
S4: Geothermal + Solar PPA + Hybrid BESS + Grid,0.505263,143.661607,BESS (Charge),0.0
S4: Geothermal + Solar PPA + Hybrid BESS + Grid,0.757895,146.396692,BESS (Charge),0.0
S4: Geothermal + Solar PPA + Hybrid BESS + Grid,1.010526,144.495891,BESS (Charge),0.0
S4: Geothermal + Solar PPA + Hybrid BESS + Grid,1.263158,144.343225,BESS (Charge),0.0
S4: Geothermal + Solar PPA + Hybrid BESS + Grid,1.515789,146.919418,BESS (Charge),0.0
S4: Geothermal + Solar PPA + Hybrid BESS + Grid,1.768421,145.437384,BESS (Charge),0.0
S4: Geothermal + Solar PPA + Hybrid BESS + Grid,2.021053,145.4143,BESS (Charge),0.0
S4: Geothermal + Solar PPA + Hybrid BESS + Grid,2.273684,148.07771,BESS (Charge),0.0
S4: Geothermal + Solar PPA + Hybrid BESS + Grid,2.526316,143.846932,BESS (Charge),0.0
S4: Geothermal + Solar PPA + Hybrid BESS + Grid,2.778947,141.791134,BESS (Charge),0.0
S4: Geothermal + Solar PPA + Hybrid BESS + Grid,3.031579,144.744855,BESS (Charge),0.0
S4: Geothermal + Solar PPA + Hybrid BESS + Grid,3.284211,139.924624,BESS (Charge),0.0
S4: Geothermal + Solar PPA + Hybrid BESS + Grid,3.536842,138.230245,BESS (Charge),0.0
S4: Geothermal + Solar PPA + Hybrid BESS + Grid,3.789474,139.583534,BESS (Charge),0.0
S4: Geothermal + Solar PPA + Hybrid BESS + Grid,4.042105,138.171424,BESS (Charge),0.0
S4: Geothermal + Solar PPA + Hybrid BESS + Grid,4.294737,145.589762,BESS (Charge),0.0
S4: Geothermal + Solar PPA + Hybrid BESS + Grid,4.547368,149.60022,BESS (Charge),0.0
S4: Geothermal + Solar PPA + Hybrid BESS + Grid,4.8,149.555785,BESS (Charge),0.0
S4: Geothermal + Solar PPA + Hybrid BESS + Grid,5.052632,157.938285,BESS (Charge),0.0
S4: Geothermal + Solar PPA + Hybrid BESS + Grid,5.305263,158.873198,BESS (Charge),0.0
S4: Geothermal + Solar PPA + Hybrid BESS + Grid,5.557895,163.688381,BESS (Charge),0.0
S4: Geothermal + Solar PPA + Hybrid BESS + Grid,5.810526,166.117267,BESS (Charge),0.0
S4: Geothermal + Solar PPA + Hybrid BESS + Grid,6.063158,163.627976,BESS (Charge),0.0
S4: Geothermal + Solar PPA + Hybrid BESS + Grid,6.315789,167.073156,BESS (Charge),0.0
S4: Geothermal + Solar PPA + Hybrid BESS + Grid,6.568421,166.689563,BESS (Charge),0.0
S4: Geothermal + Solar PPA + Hybrid BESS + Grid,6.821053,173.904114,BESS (Charge),0.0
S4: Geothermal + Solar PPA + Hybrid BESS + Grid,7.073684,176.518915,BESS (Charge),0.0
S4: Geothermal + Solar PPA + Hybrid BESS + Grid,7.326316,178.300969,BESS (Charge),0.0
S4: Geothermal + Solar PPA + Hybrid BESS + Grid,7.578947,182.486974,BESS (Charge),0.0
S4: Geothermal + Solar PPA + Hybrid BESS + Grid,7.831579,189.006368,BESS (Charge),0.0
S4: Geothermal + Solar PPA + Hybrid BESS + Grid,8.084211,193.308235,BESS (Charge),0.0
S4: Geothermal + Solar PPA + Hybrid BESS + Grid,8.336842,194.22417,BESS (Charge),0.0
S4: Geothermal + Solar PPA + Hybrid BESS + Grid,8.589474,200.603646,BESS (Charge),0.0
S4: Geothermal + Solar PPA + Hybrid BESS + Grid,8.842105,195.7185,BESS (Charge),0.0
S4: Geothermal + Solar PPA + Hybrid BESS + Grid,9.094737,199.041884,BESS (Charge),0.0
S4: Geothermal + Solar PPA + Hybrid BESS + Grid,9.347368,199.515399,BESS (Charge),0.0
S4: Geothermal + Solar PPA + Hybrid BESS + Grid,9.6,196.819151,BESS (Charge),0.0
S4: Geothermal + Solar PPA + Hybrid BESS + Grid,9.852632,202.987544,BESS (Charge),0.0
S4: Geothermal + Solar PPA + Hybrid BESS + Grid,10.105263,206.870804,BESS (Charge),25.0
S4: Geothermal + Solar PPA + Hybrid BESS + Grid,10.357895,214.684552,BESS (Charge),25.0
S4: Geothermal + Solar PPA + Hybrid BESS + Grid,10.610526,220.120959,BESS (Charge),25.0
S4: Geothermal + Solar PPA + Hybrid BESS + Grid,10.863158,221.192293,BESS (Charge),25.0
S4: Geothermal + Solar PPA + Hybrid BESS + Grid,11.115789,217.869809,BESS (Charge),25.0
S4: Geothermal + Solar PPA + Hybrid BESS + Grid,11.368421,217.758375,BESS (Charge),25.0
S4: Geothermal + Solar PPA + Hybrid BESS + Grid,11.621053,218.902304,BESS (Charge),25.0
S4: Geothermal + Solar PPA + Hybrid BESS + Grid,11.873684,224.187636,BESS (Charge),25.0
S4: Geothermal + Solar PPA + Hybrid BESS + Grid,12.126316,230.510044,BESS (Charge),25.0
S4: Geothermal + Solar PPA + Hybrid BESS + Grid,12.378947,229.540724,BESS (Charge),25.0
S4: Geothermal + Solar PPA + Hybrid BESS + Grid,12.631579,233.007549,BESS (Charge),25.0
S4: Geothermal + Solar PPA + Hybrid BESS + Grid,12.884211,230.768568,BESS (Charge),25.0
S4: Geothermal + Solar PPA + Hybrid BESS + Grid,13.136842,229.44087,BESS (Charge),25.0
S4: Geothermal + Solar PPA + Hybrid BESS + Grid,13.389474,236.454504,BESS (Charge),25.0
S4: Geothermal + Solar PPA + Hybrid BESS + Grid,13.642105,239.148366,BESS (Charge),25.0
S4: Geothermal + Solar PPA + Hybrid BESS + Grid,13.894737,243.212598,BESS (Charge),25.0
S4: Geothermal + Solar PPA + Hybrid BESS + Grid,14.147368,243.424454,BESS (Charge),25.0
S4: Geothermal + Solar PPA + Hybrid BESS + Grid,14.4,241.582112,BESS (Charge),25.0
S4: Geothermal + Solar PPA + Hybrid BESS + Grid,14.652632,240.133459,BESS (Charge),25.0
S4: Geothermal + Solar PPA + Hybrid BESS + Grid,14.905263,240.384649,BESS (Charge),25.0
S4: Geothermal + Solar PPA + Hybrid BESS + Grid,15.157895,241.264673,BESS (Charge),0.0
S4: Geothermal + Solar PPA + Hybrid BESS + Grid,15.410526,241.392927,BESS (Charge),0.0
S4: Geothermal + Solar PPA + Hybrid BESS + Grid,15.663158,237.458336,BESS (Charge),0.0
S4: Geothermal + Solar PPA + Hybrid BESS + Grid,15.915789,231.52949,BESS (Charge),0.0
S4: Geothermal + Solar PPA + Hybrid BESS + Grid,16.168421,234.102006,BESS (Charge),0.0
S4: Geothermal + Solar PPA + Hybrid BESS + Grid,16.421053,237.144863,BESS (Charge),0.0
S4: Geothermal + Solar PPA + Hybrid BESS + Grid,16.673684,238.766237,BESS (Charge),0.0
S4: Geothermal + Solar PPA + Hybrid BESS + Grid,16.926316,243.151698,BESS (Charge),0.0
S4: Geothermal + Solar PPA + Hybrid BESS + Grid,17.178947,240.764714,BESS (Charge),0.0
S4: Geothermal + Solar PPA + Hybrid BESS + Grid,17.431579,234.359733,BESS (Charge),0.0
S4: Geothermal + Solar PPA + Hybrid BESS + Grid,17.684211,233.904346,BESS (Charge),0.0
S4: Geothermal + Solar PPA + Hybrid BESS + Grid,17.936842,233.569328,BESS (Charge),0.0
S4: Geothermal + Solar PPA + Hybrid BESS + Grid,18.189474,230.77739,BESS (Charge),0.0
S4: Geothermal + Solar PPA + Hybrid BESS + Grid,18.442105,234.382288,BESS (Charge),0.0
S4: Geothermal + Solar PPA + Hybrid BESS + Grid,18.694737,224.894864,BESS (Charge),0.0
S4: Geothermal + Solar PPA + Hybrid BESS + Grid,18.947368,220.961434,BESS (Charge),0.0
S4: Geothermal + Solar PPA + Hybrid BESS + Grid,19.2,219.023883,BESS (Charge),0.0
S4: Geothermal + Solar PPA + Hybrid BESS + Grid,19.452632,212.025596,BESS (Charge),0.0
S4: Geothermal + Solar PPA + Hybrid BESS + Grid,19.705263,216.378291,BESS (Charge),0.0
S4: Geothermal + Solar PPA + Hybrid BESS + Grid,19.957895,206.849427,BESS (Charge),0.0
S4: Geothermal + Solar PPA + Hybrid BESS + Grid,20.210526,203.506378,BESS (Charge),0.0
S4: Geothermal + Solar PPA + Hybrid BESS + Grid,20.463158,202.507636,BESS (Charge),0.0
S4: Geothermal + Solar PPA + Hybrid BESS + Grid,20.715789,203.279618,BESS (Charge),0.0
S4: Geothermal + Solar PPA + Hybrid BESS + Grid,20.968421,204.213857,BESS (Charge),0.0
S4: Geothermal + Solar PPA + Hybrid BESS + Grid,21.221053,199.965939,BESS (Charge),0.0
S4: Geothermal + Solar PPA + Hybrid BESS + Grid,21.473684,195.014963,BESS (Charge),0.0
S4: Geothermal + Solar PPA + Hybrid BESS + Grid,21.726316,190.786003,BESS (Charge),0.0
S4: Geothermal + Solar PPA + Hybrid BESS + Grid,21.978947,190.070966,BESS (Charge),0.0
S4: Geothermal + Solar PPA + Hybrid BESS + Grid,22.231579,187.93445,BESS (Charge),0.0
S4: Geothermal + Solar PPA + Hybrid BESS + Grid,22.484211,187.647006,BESS (Charge),0.0
S4: Geothermal + Solar PPA + Hybrid BESS + Grid,22.736842,182.79361,BESS (Charge),0.0
S4: Geothermal + Solar PPA + Hybrid BESS + Grid,22.989474,181.612203,BESS (Charge),0.0
S4: Geothermal + Solar PPA + Hybrid BESS + Grid,23.242105,178.435705,BESS (Charge),0.0
S4: Geothermal + Solar PPA + Hybrid BESS + Grid,23.494737,173.631815,BESS (Charge),0.0
S4: Geothermal + Solar PPA + Hybrid BESS + Grid,23.747368,169.760164,BESS (Charge),0.0
S4: Geothermal + Solar PPA + Hybrid BESS + Grid,24.0,161.092467,BESS (Charge),0.0
S5: SMR + Solar PPA + Grid,0.0,146.220746,Grid,0.0
S5: SMR + Solar PPA + Grid,0.252632,142.493761,Grid,0.0
S5: SMR + Solar PPA + Grid,0.505263,143.661607,Grid,0.0
S5: SMR + Solar PPA + Grid,0.757895,146.396692,Grid,0.0
S5: SMR + Solar PPA + Grid,1.010526,144.495891,Grid,0.0
S5: SMR + Solar PPA + Grid,1.263158,144.343225,Grid,0.0
S5: SMR + Solar PPA + Grid,1.515789,146.919418,Grid,0.0
S5: SMR + Solar PPA + Grid,1.768421,145.437384,Grid,0.0
S5: SMR + Solar PPA + Grid,2.021053,145.4143,Grid,0.0
S5: SMR + Solar PPA + Grid,2.273684,148.07771,Grid,0.0
S5: SMR + Solar PPA + Grid,2.526316,143.846932,Grid,0.0
S5: SMR + Solar PPA + Grid,2.778947,141.791134,Grid,0.0
S5: SMR + Solar PPA + Grid,3.031579,144.744855,Grid,0.0
S5: SMR + Solar PPA + Grid,3.284211,139.924624,Grid,0.0
S5: SMR + Solar PPA + Grid,3.536842,138.230245,Grid,0.0
S5: SMR + Solar PPA + Grid,3.789474,139.583534,Grid,0.0
S5: SMR + Solar PPA + Grid,4.042105,138.171424,Grid,0.0
S5: SMR + Solar PPA + Grid,4.294737,145.589762,Grid,0.0
S5: SMR + Solar PPA + Grid,4.547368,149.60022,Grid,0.0
S5: SMR + Solar PPA + Grid,4.8,149.555785,Grid,0.0
S5: SMR + Solar PPA + Grid,5.052632,157.938285,Grid,0.0
S5: SMR + Solar PPA + Grid,5.305263,158.873198,Grid,0.0
S5: SMR + Solar PPA + Grid,5.557895,163.688381,Grid,0.0
S5: SMR + Solar PPA + Grid,5.810526,166.117267,Grid,0.0
S5: SMR + Solar PPA + Grid,6.063158,163.627976,Grid,0.0
S5: SMR + Solar PPA + Grid,6.315789,167.073156,Grid,0.0
S5: SMR + Solar PPA + Grid,6.568421,166.689563,Grid,0.0
S5: SMR + Solar PPA + Grid,6.821053,173.904114,Grid,0.0
S5: SMR + Solar PPA + Grid,7.073684,176.518915,Grid,0.0
S5: SMR + Solar PPA + Grid,7.326316,178.300969,Grid,0.0
S5: SMR + Solar PPA + Grid,7.578947,182.486974,Grid,0.0
S5: SMR + Solar PPA + Grid,7.831579,189.006368,Grid,0.0
S5: SMR + Solar PPA + Grid,8.084211,193.308235,Grid,0.0
S5: SMR + Solar PPA + Grid,8.336842,194.22417,Grid,0.0
S5: SMR + Solar PPA + Grid,8.589474,200.603646,Grid,0.392767
S5: SMR + Solar PPA + Grid,8.842105,195.7185,Grid,0.0
S5: SMR + Solar PPA + Grid,9.094737,199.041884,Grid,0.0
S5: SMR + Solar PPA + Grid,9.347368,199.515399,Grid,0.0
S5: SMR + Solar PPA + Grid,9.6,196.819151,Grid,0.0
S5: SMR + Solar PPA + Grid,9.852632,202.987544,Grid,0.0
S5: SMR + Solar PPA + Grid,10.105263,206.870804,Grid,0.0
S5: SMR + Solar PPA + Grid,10.357895,214.684552,Grid,0.0
S5: SMR + Solar PPA + Grid,10.610526,220.120959,Grid,0.0
S5: SMR + Solar PPA + Grid,10.863158,221.192293,Grid,0.0
S5: SMR + Solar PPA + Grid,11.115789,217.869809,Grid,0.0
S5: SMR + Solar PPA + Grid,11.368421,217.758375,Grid,0.0
S5: SMR + Solar PPA + Grid,11.621053,218.902304,Grid,0.0
S5: SMR + Solar PPA + Grid,11.873684,224.187636,Grid,0.0
S5: SMR + Solar PPA + Grid,12.126316,230.510044,Grid,1.812287
S5: SMR + Solar PPA + Grid,12.378947,229.540724,Grid,0.200167
S5: SMR + Solar PPA + Grid,12.631579,233.007549,Grid,3.239946
S5: SMR + Solar PPA + Grid,12.884211,230.768568,Grid,0.79154
S5: SMR + Solar PPA + Grid,13.136842,229.44087,Grid,0.0
S5: SMR + Solar PPA + Grid,13.389474,236.454504,Grid,6.714195
S5: SMR + Solar PPA + Grid,13.642105,239.148366,Grid,9.853167
S5: SMR + Solar PPA + Grid,13.894737,243.212598,Grid,14.578065
S5: SMR + Solar PPA + Grid,14.147368,243.424454,Grid,15.663254
S5: SMR + Solar PPA + Grid,14.4,241.582112,Grid,14.903091
S5: SMR + Solar PPA + Grid,14.652632,240.133459,Grid,14.740733
S5: SMR + Solar PPA + Grid,14.905263,240.384649,Grid,16.476708
S5: SMR + Solar PPA + Grid,15.157895,241.264673,Grid,19.033517
S5: SMR + Solar PPA + Grid,15.410526,241.392927,Grid,21.023222
S5: SMR + Solar PPA + Grid,15.663158,237.458336,Grid,19.126607
S5: SMR + Solar PPA + Grid,15.915789,231.52949,Grid,15.403352
S5: SMR + Solar PPA + Grid,16.168421,234.102006,Grid,20.339431
S5: SMR + Solar PPA + Grid,16.421053,237.144863,Grid,25.893485
S5: SMR + Solar PPA + Grid,16.673684,238.766237,Grid,30.16271
S5: SMR + Solar PPA + Grid,16.926316,243.151698,Grid,37.321098
S5: SMR + Solar PPA + Grid,17.178947,240.764714,Grid,37.819993
S5: SMR + Solar PPA + Grid,17.431579,234.359733,Grid,34.401222
S5: SMR + Solar PPA + Grid,17.684211,233.904346,Grid,37.019317
S5: SMR + Solar PPA + Grid,17.936842,233.569328,Grid,39.831617
S5: SMR + Solar PPA + Grid,18.189474,230.77739,Grid,40.247067
S5: SMR + Solar PPA + Grid,18.442105,234.382288,Grid,47.105399
S5: SMR + Solar PPA + Grid,18.694737,224.894864,Grid,40.903231
S5: SMR + Solar PPA + Grid,18.947368,220.961434,Grid,40.27251
S5: SMR + Solar PPA + Grid,19.2,219.023883,Grid,39.023883
S5: SMR + Solar PPA + Grid,19.452632,212.025596,Grid,32.025596
S5: SMR + Solar PPA + Grid,19.705263,216.378291,Grid,36.378291
S5: SMR + Solar PPA + Grid,19.957895,206.849427,Grid,26.849427
S5: SMR + Solar PPA + Grid,20.210526,203.506378,Grid,23.506378
S5: SMR + Solar PPA + Grid,20.463158,202.507636,Grid,22.507636
S5: SMR + Solar PPA + Grid,20.715789,203.279618,Grid,23.279618
S5: SMR + Solar PPA + Grid,20.968421,204.213857,Grid,24.213857
S5: SMR + Solar PPA + Grid,21.221053,199.965939,Grid,19.965939
S5: SMR + Solar PPA + Grid,21.473684,195.014963,Grid,15.014963
S5: SMR + Solar PPA + Grid,21.726316,190.786003,Grid,10.786003
S5: SMR + Solar PPA + Grid,21.978947,190.070966,Grid,10.070966
S5: SMR + Solar PPA + Grid,22.231579,187.93445,Grid,7.93445
S5: SMR + Solar PPA + Grid,22.484211,187.647006,Grid,7.647006
S5: SMR + Solar PPA + Grid,22.736842,182.79361,Grid,2.79361
S5: SMR + Solar PPA + Grid,22.989474,181.612203,Grid,1.612203
S5: SMR + Solar PPA + Grid,23.242105,178.435705,Grid,0.0
S5: SMR + Solar PPA + Grid,23.494737,173.631815,Grid,0.0
S5: SMR + Solar PPA + Grid,23.747368,169.760164,Grid,0.0
S5: SMR + Solar PPA + Grid,24.0,161.092467,Grid,0.0
S5: SMR + Solar PPA + Grid,0.0,146.220746,RICE,0.0
S5: SMR + Solar PPA + Grid,0.252632,142.493761,RICE,0.0
S5: SMR + Solar PPA + Grid,0.505263,143.661607,RICE,0.0
S5: SMR + Solar PPA + Grid,0.757895,146.396692,RICE,0.0
S5: SMR + Solar PPA + Grid,1.010526,144.495891,RICE,0.0
S5: SMR + Solar PPA + Grid,1.263158,144.343225,RICE,0.0
S5: SMR + Solar PPA + Grid,1.515789,146.919418,RICE,0.0
S5: SMR + Solar PPA + Grid,1.768421,145.437384,RICE,0.0
S5: SMR + Solar PPA + Grid,2.021053,145.4143,RICE,0.0
S5: SMR + Solar PPA + Grid,2.273684,148.07771,RICE,0.0
S5: SMR + Solar PPA + Grid,2.526316,143.846932,RICE,0.0
S5: SMR + Solar PPA + Grid,2.778947,141.791134,RICE,0.0
S5: SMR + Solar PPA + Grid,3.031579,144.744855,RICE,0.0
S5: SMR + Solar PPA + Grid,3.284211,139.924624,RICE,0.0
S5: SMR + Solar PPA + Grid,3.536842,138.230245,RICE,0.0
S5: SMR + Solar PPA + Grid,3.789474,139.583534,RICE,0.0
S5: SMR + Solar PPA + Grid,4.042105,138.171424,RICE,0.0
S5: SMR + Solar PPA + Grid,4.294737,145.589762,RICE,0.0
S5: SMR + Solar PPA + Grid,4.547368,149.60022,RICE,0.0
S5: SMR + Solar PPA + Grid,4.8,149.555785,RICE,0.0
S5: SMR + Solar PPA + Grid,5.052632,157.938285,RICE,0.0
S5: SMR + Solar PPA + Grid,5.305263,158.873198,RICE,0.0
S5: SMR + Solar PPA + Grid,5.557895,163.688381,RICE,0.0
S5: SMR + Solar PPA + Grid,5.810526,166.117267,RICE,0.0
S5: SMR + Solar PPA + Grid,6.063158,163.627976,RICE,0.0
S5: SMR + Solar PPA + Grid,6.315789,167.073156,RICE,0.0
S5: SMR + Solar PPA + Grid,6.568421,166.689563,RICE,0.0
S5: SMR + Solar PPA + Grid,6.821053,173.904114,RICE,0.0
S5: SMR + Solar PPA + Grid,7.073684,176.518915,RICE,0.0
S5: SMR + Solar PPA + Grid,7.326316,178.300969,RICE,0.0
S5: SMR + Solar PPA + Grid,7.578947,182.486974,RICE,0.0
S5: SMR + Solar PPA + Grid,7.831579,189.006368,RICE,0.0
S5: SMR + Solar PPA + Grid,8.084211,193.308235,RICE,0.0
S5: SMR + Solar PPA + Grid,8.336842,194.22417,RICE,0.0
S5: SMR + Solar PPA + Grid,8.589474,200.603646,RICE,0.0
S5: SMR + Solar PPA + Grid,8.842105,195.7185,RICE,0.0
S5: SMR + Solar PPA + Grid,9.094737,199.041884,RICE,0.0
S5: SMR + Solar PPA + Grid,9.347368,199.515399,RICE,0.0
S5: SMR + Solar PPA + Grid,9.6,196.819151,RICE,0.0
S5: SMR + Solar PPA + Grid,9.852632,202.987544,RICE,0.0
S5: SMR + Solar PPA + Grid,10.105263,206.870804,RICE,0.0
S5: SMR + Solar PPA + Grid,10.357895,214.684552,RICE,0.0
S5: SMR + Solar PPA + Grid,10.610526,220.120959,RICE,0.0
S5: SMR + Solar PPA + Grid,10.863158,221.192293,RICE,0.0
S5: SMR + Solar PPA + Grid,11.115789,217.869809,RICE,0.0
S5: SMR + Solar PPA + Grid,11.368421,217.758375,RICE,0.0
S5: SMR + Solar PPA + Grid,11.621053,218.902304,RICE,0.0
S5: SMR + Solar PPA + Grid,11.873684,224.187636,RICE,0.0
S5: SMR + Solar PPA + Grid,12.126316,230.510044,RICE,0.0
S5: SMR + Solar PPA + Grid,12.378947,229.540724,RICE,0.0
S5: SMR + Solar PPA + Grid,12.631579,233.007549,RICE,0.0
S5: SMR + Solar PPA + Grid,12.884211,230.768568,RICE,0.0
S5: SMR + Solar PPA + Grid,13.136842,229.44087,RICE,0.0
S5: SMR + Solar PPA + Grid,13.389474,236.454504,RICE,0.0
S5: SMR + Solar PPA + Grid,13.642105,239.148366,RICE,0.0
S5: SMR + Solar PPA + Grid,13.894737,243.212598,RICE,0.0
S5: SMR + Solar PPA + Grid,14.147368,243.424454,RICE,0.0
S5: SMR + Solar PPA + Grid,14.4,241.582112,RICE,0.0
S5: SMR + Solar PPA + Grid,14.652632,240.133459,RICE,0.0
S5: SMR + Solar PPA + Grid,14.905263,240.384649,RICE,0.0
S5: SMR + Solar PPA + Grid,15.157895,241.264673,RICE,0.0
S5: SMR + Solar PPA + Grid,15.410526,241.392927,RICE,0.0
S5: SMR + Solar PPA + Grid,15.663158,237.458336,RICE,0.0
S5: SMR + Solar PPA + Grid,15.915789,231.52949,RICE,0.0
S5: SMR + Solar PPA + Grid,16.168421,234.102006,RICE,0.0
S5: SMR + Solar PPA + Grid,16.421053,237.144863,RICE,0.0
S5: SMR + Solar PPA + Grid,16.673684,238.766237,RICE,0.0
S5: SMR + Solar PPA + Grid,16.926316,243.151698,RICE,0.0
S5: SMR + Solar PPA + Grid,17.178947,240.764714,RICE,0.0
S5: SMR + Solar PPA + Grid,17.431579,234.359733,RICE,0.0
S5: SMR + Solar PPA + Grid,17.684211,233.904346,RICE,0.0
S5: SMR + Solar PPA + Grid,17.936842,233.569328,RICE,0.0
S5: SMR + Solar PPA + Grid,18.189474,230.77739,RICE,0.0
S5: SMR + Solar PPA + Grid,18.442105,234.382288,RICE,0.0
S5: SMR + Solar PPA + Grid,18.694737,224.894864,RICE,0.0
S5: SMR + Solar PPA + Grid,18.947368,220.961434,RICE,0.0
S5: SMR + Solar PPA + Grid,19.2,219.023883,RICE,0.0
S5: SMR + Solar PPA + Grid,19.452632,212.025596,RICE,0.0
S5: SMR + Solar PPA + Grid,19.705263,216.378291,RICE,0.0
S5: SMR + Solar PPA + Grid,19.957895,206.849427,RICE,0.0
S5: SMR + Solar PPA + Grid,20.210526,203.506378,RICE,0.0
S5: SMR + Solar PPA + Grid,20.463158,202.507636,RICE,0.0
S5: SMR + Solar PPA + Grid,20.715789,203.279618,RICE,0.0
S5: SMR + Solar PPA + Grid,20.968421,204.213857,RICE,0.0
S5: SMR + Solar PPA + Grid,21.221053,199.965939,RICE,0.0
S5: SMR + Solar PPA + Grid,21.473684,195.014963,RICE,0.0
S5: SMR + Solar PPA + Grid,21.726316,190.786003,RICE,0.0
S5: SMR + Solar PPA + Grid,21.978947,190.070966,RICE,0.0
S5: SMR + Solar PPA + Grid,22.231579,187.93445,RICE,0.0
S5: SMR + Solar PPA + Grid,22.484211,187.647006,RICE,0.0
S5: SMR + Solar PPA + Grid,22.736842,182.79361,RICE,0.0
S5: SMR + Solar PPA + Grid,22.989474,181.612203,RICE,0.0
S5: SMR + Solar PPA + Grid,23.242105,178.435705,RICE,0.0
S5: SMR + Solar PPA + Grid,23.494737,173.631815,RICE,0.0
S5: SMR + Solar PPA + Grid,23.747368,169.760164,RICE,0.0
S5: SMR + Solar PPA + Grid,24.0,161.092467,RICE,0.0
S5: SMR + Solar PPA + Grid,0.0,146.220746,Solar PPA,0.0
S5: SMR + Solar PPA + Grid,0.252632,142.493761,Solar PPA,0.0
S5: SMR + Solar PPA + Grid,0.505263,143.661607,Solar PPA,0.0
S5: SMR + Solar PPA + Grid,0.757895,146.396692,Solar PPA,0.0
S5: SMR + Solar PPA + Grid,1.010526,144.495891,Solar PPA,0.0
S5: SMR + Solar PPA + Grid,1.263158,144.343225,Solar PPA,0.0
S5: SMR + Solar PPA + Grid,1.515789,146.919418,Solar PPA,0.0
S5: SMR + Solar PPA + Grid,1.768421,145.437384,Solar PPA,0.0
S5: SMR + Solar PPA + Grid,2.021053,145.4143,Solar PPA,0.0
S5: SMR + Solar PPA + Grid,2.273684,148.07771,Solar PPA,0.0
S5: SMR + Solar PPA + Grid,2.526316,143.846932,Solar PPA,0.0
S5: SMR + Solar PPA + Grid,2.778947,141.791134,Solar PPA,0.0
S5: SMR + Solar PPA + Grid,3.031579,144.744855,Solar PPA,0.0
S5: SMR + Solar PPA + Grid,3.284211,139.924624,Solar PPA,0.0
S5: SMR + Solar PPA + Grid,3.536842,138.230245,Solar PPA,0.0
S5: SMR + Solar PPA + Grid,3.789474,139.583534,Solar PPA,0.0
S5: SMR + Solar PPA + Grid,4.042105,138.171424,Solar PPA,0.0
S5: SMR + Solar PPA + Grid,4.294737,145.589762,Solar PPA,0.0
S5: SMR + Solar PPA + Grid,4.547368,149.60022,Solar PPA,0.0
S5: SMR + Solar PPA + Grid,4.8,149.555785,Solar PPA,0.0
S5: SMR + Solar PPA + Grid,5.052632,157.938285,Solar PPA,0.0
S5: SMR + Solar PPA + Grid,5.305263,158.873198,Solar PPA,0.0
S5: SMR + Solar PPA + Grid,5.557895,163.688381,Solar PPA,0.0
S5: SMR + Solar PPA + Grid,5.810526,166.117267,Solar PPA,0.0
S5: SMR + Solar PPA + Grid,6.063158,163.627976,Solar PPA,0.0
S5: SMR + Solar PPA + Grid,6.315789,167.073156,Solar PPA,0.0
S5: SMR + Solar PPA + Grid,6.568421,166.689563,Solar PPA,0.0
S5: SMR + Solar PPA + Grid,6.821053,173.904114,Solar PPA,0.0
S5: SMR + Solar PPA + Grid,7.073684,176.518915,Solar PPA,0.0
S5: SMR + Solar PPA + Grid,7.326316,178.300969,Solar PPA,0.0
S5: SMR + Solar PPA + Grid,7.578947,182.486974,Solar PPA,2.486974
S5: SMR + Solar PPA + Grid,7.831579,189.006368,Solar PPA,9.006368
S5: SMR + Solar PPA + Grid,8.084211,193.308235,Solar PPA,13.308235
S5: SMR + Solar PPA + Grid,8.336842,194.22417,Solar PPA,14.22417
S5: SMR + Solar PPA + Grid,8.589474,200.603646,Solar PPA,20.210878
S5: SMR + Solar PPA + Grid,8.842105,195.7185,Solar PPA,15.7185
S5: SMR + Solar PPA + Grid,9.094737,199.041884,Solar PPA,19.041884
S5: SMR + Solar PPA + Grid,9.347368,199.515399,Solar PPA,19.515399
S5: SMR + Solar PPA + Grid,9.6,196.819151,Solar PPA,16.819151
S5: SMR + Solar PPA + Grid,9.852632,202.987544,Solar PPA,22.987544
S5: SMR + Solar PPA + Grid,10.105263,206.870804,Solar PPA,26.870804
S5: SMR + Solar PPA + Grid,10.357895,214.684552,Solar PPA,34.684552
S5: SMR + Solar PPA + Grid,10.610526,220.120959,Solar PPA,40.120959
S5: SMR + Solar PPA + Grid,10.863158,221.192293,Solar PPA,41.192293
S5: SMR + Solar PPA + Grid,11.115789,217.869809,Solar PPA,37.869809
S5: SMR + Solar PPA + Grid,11.368421,217.758375,Solar PPA,37.758375
S5: SMR + Solar PPA + Grid,11.621053,218.902304,Solar PPA,38.902304
S5: SMR + Solar PPA + Grid,11.873684,224.187636,Solar PPA,44.187636
S5: SMR + Solar PPA + Grid,12.126316,230.510044,Solar PPA,48.697757
S5: SMR + Solar PPA + Grid,12.378947,229.540724,Solar PPA,49.340557
S5: SMR + Solar PPA + Grid,12.631579,233.007549,Solar PPA,49.767604
S5: SMR + Solar PPA + Grid,12.884211,230.768568,Solar PPA,49.977029
S5: SMR + Solar PPA + Grid,13.136842,229.44087,Solar PPA,49.44087
S5: SMR + Solar PPA + Grid,13.389474,236.454504,Solar PPA,49.740309
S5: SMR + Solar PPA + Grid,13.642105,239.148366,Solar PPA,49.295199
S5: SMR + Solar PPA + Grid,13.894737,243.212598,Solar PPA,48.634533
S5: SMR + Solar PPA + Grid,14.147368,243.424454,Solar PPA,47.761201
S5: SMR + Solar PPA + Grid,14.4,241.582112,Solar PPA,46.679021
S5: SMR + Solar PPA + Grid,14.652632,240.133459,Solar PPA,45.392726
S5: SMR + Solar PPA + Grid,14.905263,240.384649,Solar PPA,43.90794
S5: SMR + Solar PPA + Grid,15.157895,241.264673,Solar PPA,42.231156
S5: SMR + Solar PPA + Grid,15.410526,241.392927,Solar PPA,40.369706
S5: SMR + Solar PPA + Grid,15.663158,237.458336,Solar PPA,38.331729
S5: SMR + Solar PPA + Grid,15.915789,231.52949,Solar PPA,36.126137
S5: SMR + Solar PPA + Grid,16.168421,234.102006,Solar PPA,33.762575
S5: SMR + Solar PPA + Grid,16.421053,237.144863,Solar PPA,31.251378
S5: SMR + Solar PPA + Grid,16.673684,238.766237,Solar PPA,28.603527
S5: SMR + Solar PPA + Grid,16.926316,243.151698,Solar PPA,25.830599
S5: SMR + Solar PPA + Grid,17.178947,240.764714,Solar PPA,22.944721
S5: SMR + Solar PPA + Grid,17.431579,234.359733,Solar PPA,19.958511
S5: SMR + Solar PPA + Grid,17.684211,233.904346,Solar PPA,16.885028
S5: SMR + Solar PPA + Grid,17.936842,233.569328,Solar PPA,13.737712
S5: SMR + Solar PPA + Grid,18.189474,230.77739,Solar PPA,10.530323
S5: SMR + Solar PPA + Grid,18.442105,234.382288,Solar PPA,7.276888
S5: SMR + Solar PPA + Grid,18.694737,224.894864,Solar PPA,3.991633
S5: SMR + Solar PPA + Grid,18.947368,220.961434,Solar PPA,0.688924
S5: SMR + Solar PPA + Grid,19.2,219.023883,Solar PPA,0.0
S5: SMR + Solar PPA + Grid,19.452632,212.025596,Solar PPA,0.0
S5: SMR + Solar PPA + Grid,19.705263,216.378291,Solar PPA,0.0
S5: SMR + Solar PPA + Grid,19.957895,206.849427,Solar PPA,0.0
S5: SMR + Solar PPA + Grid,20.210526,203.506378,Solar PPA,0.0
S5: SMR + Solar PPA + Grid,20.463158,202.507636,Solar PPA,0.0
S5: SMR + Solar PPA + Grid,20.715789,203.279618,Solar PPA,0.0
S5: SMR + Solar PPA + Grid,20.968421,204.213857,Solar PPA,0.0
S5: SMR + Solar PPA + Grid,21.221053,199.965939,Solar PPA,0.0
S5: SMR + Solar PPA + Grid,21.473684,195.014963,Solar PPA,0.0
S5: SMR + Solar PPA + Grid,21.726316,190.786003,Solar PPA,0.0
S5: SMR + Solar PPA + Grid,21.978947,190.070966,Solar PPA,0.0
S5: SMR + Solar PPA + Grid,22.231579,187.93445,Solar PPA,0.0
S5: SMR + Solar PPA + Grid,22.484211,187.647006,Solar PPA,0.0
S5: SMR + Solar PPA + Grid,22.736842,182.79361,Solar PPA,0.0
S5: SMR + Solar PPA + Grid,22.989474,181.612203,Solar PPA,0.0
S5: SMR + Solar PPA + Grid,23.242105,178.435705,Solar PPA,0.0
S5: SMR + Solar PPA + Grid,23.494737,173.631815,Solar PPA,0.0
S5: SMR + Solar PPA + Grid,23.747368,169.760164,Solar PPA,0.0
S5: SMR + Solar PPA + Grid,24.0,161.092467,Solar PPA,0.0
S5: SMR + Solar PPA + Grid,0.0,146.220746,Geothermal,0.0
S5: SMR + Solar PPA + Grid,0.252632,142.493761,Geothermal,0.0
S5: SMR + Solar PPA + Grid,0.505263,143.661607,Geothermal,0.0
S5: SMR + Solar PPA + Grid,0.757895,146.396692,Geothermal,0.0
S5: SMR + Solar PPA + Grid,1.010526,144.495891,Geothermal,0.0
S5: SMR + Solar PPA + Grid,1.263158,144.343225,Geothermal,0.0
S5: SMR + Solar PPA + Grid,1.515789,146.919418,Geothermal,0.0
S5: SMR + Solar PPA + Grid,1.768421,145.437384,Geothermal,0.0
S5: SMR + Solar PPA + Grid,2.021053,145.4143,Geothermal,0.0
S5: SMR + Solar PPA + Grid,2.273684,148.07771,Geothermal,0.0
S5: SMR + Solar PPA + Grid,2.526316,143.846932,Geothermal,0.0
S5: SMR + Solar PPA + Grid,2.778947,141.791134,Geothermal,0.0
S5: SMR + Solar PPA + Grid,3.031579,144.744855,Geothermal,0.0
S5: SMR + Solar PPA + Grid,3.284211,139.924624,Geothermal,0.0
S5: SMR + Solar PPA + Grid,3.536842,138.230245,Geothermal,0.0
S5: SMR + Solar PPA + Grid,3.789474,139.583534,Geothermal,0.0
S5: SMR + Solar PPA + Grid,4.042105,138.171424,Geothermal,0.0
S5: SMR + Solar PPA + Grid,4.294737,145.589762,Geothermal,0.0
S5: SMR + Solar PPA + Grid,4.547368,149.60022,Geothermal,0.0
S5: SMR + Solar PPA + Grid,4.8,149.555785,Geothermal,0.0
S5: SMR + Solar PPA + Grid,5.052632,157.938285,Geothermal,0.0
S5: SMR + Solar PPA + Grid,5.305263,158.873198,Geothermal,0.0
S5: SMR + Solar PPA + Grid,5.557895,163.688381,Geothermal,0.0
S5: SMR + Solar PPA + Grid,5.810526,166.117267,Geothermal,0.0
S5: SMR + Solar PPA + Grid,6.063158,163.627976,Geothermal,0.0
S5: SMR + Solar PPA + Grid,6.315789,167.073156,Geothermal,0.0
S5: SMR + Solar PPA + Grid,6.568421,166.689563,Geothermal,0.0
S5: SMR + Solar PPA + Grid,6.821053,173.904114,Geothermal,0.0
S5: SMR + Solar PPA + Grid,7.073684,176.518915,Geothermal,0.0
S5: SMR + Solar PPA + Grid,7.326316,178.300969,Geothermal,0.0
S5: SMR + Solar PPA + Grid,7.578947,182.486974,Geothermal,0.0
S5: SMR + Solar PPA + Grid,7.831579,189.006368,Geothermal,0.0
S5: SMR + Solar PPA + Grid,8.084211,193.308235,Geothermal,0.0
S5: SMR + Solar PPA + Grid,8.336842,194.22417,Geothermal,0.0
S5: SMR + Solar PPA + Grid,8.589474,200.603646,Geothermal,0.0
S5: SMR + Solar PPA + Grid,8.842105,195.7185,Geothermal,0.0
S5: SMR + Solar PPA + Grid,9.094737,199.041884,Geothermal,0.0
S5: SMR + Solar PPA + Grid,9.347368,199.515399,Geothermal,0.0
S5: SMR + Solar PPA + Grid,9.6,196.819151,Geothermal,0.0
S5: SMR + Solar PPA + Grid,9.852632,202.987544,Geothermal,0.0
S5: SMR + Solar PPA + Grid,10.105263,206.870804,Geothermal,0.0
S5: SMR + Solar PPA + Grid,10.357895,214.684552,Geothermal,0.0
S5: SMR + Solar PPA + Grid,10.610526,220.120959,Geothermal,0.0
S5: SMR + Solar PPA + Grid,10.863158,221.192293,Geothermal,0.0
S5: SMR + Solar PPA + Grid,11.115789,217.869809,Geothermal,0.0
S5: SMR + Solar PPA + Grid,11.368421,217.758375,Geothermal,0.0
S5: SMR + Solar PPA + Grid,11.621053,218.902304,Geothermal,0.0
S5: SMR + Solar PPA + Grid,11.873684,224.187636,Geothermal,0.0
S5: SMR + Solar PPA + Grid,12.126316,230.510044,Geothermal,0.0
S5: SMR + Solar PPA + Grid,12.378947,229.540724,Geothermal,0.0
S5: SMR + Solar PPA + Grid,12.631579,233.007549,Geothermal,0.0
S5: SMR + Solar PPA + Grid,12.884211,230.768568,Geothermal,0.0
S5: SMR + Solar PPA + Grid,13.136842,229.44087,Geothermal,0.0
S5: SMR + Solar PPA + Grid,13.389474,236.454504,Geothermal,0.0
S5: SMR + Solar PPA + Grid,13.642105,239.148366,Geothermal,0.0
S5: SMR + Solar PPA + Grid,13.894737,243.212598,Geothermal,0.0
S5: SMR + Solar PPA + Grid,14.147368,243.424454,Geothermal,0.0
S5: SMR + Solar PPA + Grid,14.4,241.582112,Geothermal,0.0
S5: SMR + Solar PPA + Grid,14.652632,240.133459,Geothermal,0.0
S5: SMR + Solar PPA + Grid,14.905263,240.384649,Geothermal,0.0
S5: SMR + Solar PPA + Grid,15.157895,241.264673,Geothermal,0.0
S5: SMR + Solar PPA + Grid,15.410526,241.392927,Geothermal,0.0
S5: SMR + Solar PPA + Grid,15.663158,237.458336,Geothermal,0.0
S5: SMR + Solar PPA + Grid,15.915789,231.52949,Geothermal,0.0
S5: SMR + Solar PPA + Grid,16.168421,234.102006,Geothermal,0.0
S5: SMR + Solar PPA + Grid,16.421053,237.144863,Geothermal,0.0
S5: SMR + Solar PPA + Grid,16.673684,238.766237,Geothermal,0.0
S5: SMR + Solar PPA + Grid,16.926316,243.151698,Geothermal,0.0
S5: SMR + Solar PPA + Grid,17.178947,240.764714,Geothermal,0.0
S5: SMR + Solar PPA + Grid,17.431579,234.359733,Geothermal,0.0
S5: SMR + Solar PPA + Grid,17.684211,233.904346,Geothermal,0.0
S5: SMR + Solar PPA + Grid,17.936842,233.569328,Geothermal,0.0
S5: SMR + Solar PPA + Grid,18.189474,230.77739,Geothermal,0.0
S5: SMR + Solar PPA + Grid,18.442105,234.382288,Geothermal,0.0
S5: SMR + Solar PPA + Grid,18.694737,224.894864,Geothermal,0.0
S5: SMR + Solar PPA + Grid,18.947368,220.961434,Geothermal,0.0
S5: SMR + Solar PPA + Grid,19.2,219.023883,Geothermal,0.0
S5: SMR + Solar PPA + Grid,19.452632,212.025596,Geothermal,0.0
S5: SMR + Solar PPA + Grid,19.705263,216.378291,Geothermal,0.0
S5: SMR + Solar PPA + Grid,19.957895,206.849427,Geothermal,0.0
S5: SMR + Solar PPA + Grid,20.210526,203.506378,Geothermal,0.0
S5: SMR + Solar PPA + Grid,20.463158,202.507636,Geothermal,0.0
S5: SMR + Solar PPA + Grid,20.715789,203.279618,Geothermal,0.0
S5: SMR + Solar PPA + Grid,20.968421,204.213857,Geothermal,0.0
S5: SMR + Solar PPA + Grid,21.221053,199.965939,Geothermal,0.0
S5: SMR + Solar PPA + Grid,21.473684,195.014963,Geothermal,0.0
S5: SMR + Solar PPA + Grid,21.726316,190.786003,Geothermal,0.0
S5: SMR + Solar PPA + Grid,21.978947,190.070966,Geothermal,0.0
S5: SMR + Solar PPA + Grid,22.231579,187.93445,Geothermal,0.0
S5: SMR + Solar PPA + Grid,22.484211,187.647006,Geothermal,0.0
S5: SMR + Solar PPA + Grid,22.736842,182.79361,Geothermal,0.0
S5: SMR + Solar PPA + Grid,22.989474,181.612203,Geothermal,0.0
S5: SMR + Solar PPA + Grid,23.242105,178.435705,Geothermal,0.0
S5: SMR + Solar PPA + Grid,23.494737,173.631815,Geothermal,0.0
S5: SMR + Solar PPA + Grid,23.747368,169.760164,Geothermal,0.0
S5: SMR + Solar PPA + Grid,24.0,161.092467,Geothermal,0.0
S5: SMR + Solar PPA + Grid,0.0,146.220746,SMR,146.220746
S5: SMR + Solar PPA + Grid,0.252632,142.493761,SMR,142.493761
S5: SMR + Solar PPA + Grid,0.505263,143.661607,SMR,143.661607
S5: SMR + Solar PPA + Grid,0.757895,146.396692,SMR,146.396692
S5: SMR + Solar PPA + Grid,1.010526,144.495891,SMR,144.495891
S5: SMR + Solar PPA + Grid,1.263158,144.343225,SMR,144.343225
S5: SMR + Solar PPA + Grid,1.515789,146.919418,SMR,146.919418
S5: SMR + Solar PPA + Grid,1.768421,145.437384,SMR,145.437384
S5: SMR + Solar PPA + Grid,2.021053,145.4143,SMR,145.4143
S5: SMR + Solar PPA + Grid,2.273684,148.07771,SMR,148.07771
S5: SMR + Solar PPA + Grid,2.526316,143.846932,SMR,143.846932
S5: SMR + Solar PPA + Grid,2.778947,141.791134,SMR,141.791134
S5: SMR + Solar PPA + Grid,3.031579,144.744855,SMR,144.744855
S5: SMR + Solar PPA + Grid,3.284211,139.924624,SMR,139.924624
S5: SMR + Solar PPA + Grid,3.536842,138.230245,SMR,138.230245
S5: SMR + Solar PPA + Grid,3.789474,139.583534,SMR,139.583534
S5: SMR + Solar PPA + Grid,4.042105,138.171424,SMR,138.171424
S5: SMR + Solar PPA + Grid,4.294737,145.589762,SMR,145.589762
S5: SMR + Solar PPA + Grid,4.547368,149.60022,SMR,149.60022
S5: SMR + Solar PPA + Grid,4.8,149.555785,SMR,149.555785
S5: SMR + Solar PPA + Grid,5.052632,157.938285,SMR,157.938285
S5: SMR + Solar PPA + Grid,5.305263,158.873198,SMR,158.873198
S5: SMR + Solar PPA + Grid,5.557895,163.688381,SMR,163.688381
S5: SMR + Solar PPA + Grid,5.810526,166.117267,SMR,166.117267
S5: SMR + Solar PPA + Grid,6.063158,163.627976,SMR,163.627976
S5: SMR + Solar PPA + Grid,6.315789,167.073156,SMR,167.073156
S5: SMR + Solar PPA + Grid,6.568421,166.689563,SMR,166.689563
S5: SMR + Solar PPA + Grid,6.821053,173.904114,SMR,173.904114
S5: SMR + Solar PPA + Grid,7.073684,176.518915,SMR,176.518915
S5: SMR + Solar PPA + Grid,7.326316,178.300969,SMR,178.300969
S5: SMR + Solar PPA + Grid,7.578947,182.486974,SMR,180.0
S5: SMR + Solar PPA + Grid,7.831579,189.006368,SMR,180.0
S5: SMR + Solar PPA + Grid,8.084211,193.308235,SMR,180.0
S5: SMR + Solar PPA + Grid,8.336842,194.22417,SMR,180.0
S5: SMR + Solar PPA + Grid,8.589474,200.603646,SMR,180.0
S5: SMR + Solar PPA + Grid,8.842105,195.7185,SMR,180.0
S5: SMR + Solar PPA + Grid,9.094737,199.041884,SMR,180.0
S5: SMR + Solar PPA + Grid,9.347368,199.515399,SMR,180.0
S5: SMR + Solar PPA + Grid,9.6,196.819151,SMR,180.0
S5: SMR + Solar PPA + Grid,9.852632,202.987544,SMR,180.0
S5: SMR + Solar PPA + Grid,10.105263,206.870804,SMR,180.0
S5: SMR + Solar PPA + Grid,10.357895,214.684552,SMR,180.0
S5: SMR + Solar PPA + Grid,10.610526,220.120959,SMR,180.0
S5: SMR + Solar PPA + Grid,10.863158,221.192293,SMR,180.0
S5: SMR + Solar PPA + Grid,11.115789,217.869809,SMR,180.0
S5: SMR + Solar PPA + Grid,11.368421,217.758375,SMR,180.0
S5: SMR + Solar PPA + Grid,11.621053,218.902304,SMR,180.0
S5: SMR + Solar PPA + Grid,11.873684,224.187636,SMR,180.0
S5: SMR + Solar PPA + Grid,12.126316,230.510044,SMR,180.0
S5: SMR + Solar PPA + Grid,12.378947,229.540724,SMR,180.0
S5: SMR + Solar PPA + Grid,12.631579,233.007549,SMR,180.0
S5: SMR + Solar PPA + Grid,12.884211,230.768568,SMR,180.0
S5: SMR + Solar PPA + Grid,13.136842,229.44087,SMR,180.0
S5: SMR + Solar PPA + Grid,13.389474,236.454504,SMR,180.0
S5: SMR + Solar PPA + Grid,13.642105,239.148366,SMR,180.0
S5: SMR + Solar PPA + Grid,13.894737,243.212598,SMR,180.0
S5: SMR + Solar PPA + Grid,14.147368,243.424454,SMR,180.0
S5: SMR + Solar PPA + Grid,14.4,241.582112,SMR,180.0
S5: SMR + Solar PPA + Grid,14.652632,240.133459,SMR,180.0
S5: SMR + Solar PPA + Grid,14.905263,240.384649,SMR,180.0
S5: SMR + Solar PPA + Grid,15.157895,241.264673,SMR,180.0
S5: SMR + Solar PPA + Grid,15.410526,241.392927,SMR,180.0
S5: SMR + Solar PPA + Grid,15.663158,237.458336,SMR,180.0
S5: SMR + Solar PPA + Grid,15.915789,231.52949,SMR,180.0
S5: SMR + Solar PPA + Grid,16.168421,234.102006,SMR,180.0
S5: SMR + Solar PPA + Grid,16.421053,237.144863,SMR,180.0
S5: SMR + Solar PPA + Grid,16.673684,238.766237,SMR,180.0
S5: SMR + Solar PPA + Grid,16.926316,243.151698,SMR,180.0
S5: SMR + Solar PPA + Grid,17.178947,240.764714,SMR,180.0
S5: SMR + Solar PPA + Grid,17.431579,234.359733,SMR,180.0
S5: SMR + Solar PPA + Grid,17.684211,233.904346,SMR,180.0
S5: SMR + Solar PPA + Grid,17.936842,233.569328,SMR,180.0
S5: SMR + Solar PPA + Grid,18.189474,230.77739,SMR,180.0
S5: SMR + Solar PPA + Grid,18.442105,234.382288,SMR,180.0
S5: SMR + Solar PPA + Grid,18.694737,224.894864,SMR,180.0
S5: SMR + Solar PPA + Grid,18.947368,220.961434,SMR,180.0
S5: SMR + Solar PPA + Grid,19.2,219.023883,SMR,180.0
S5: SMR + Solar PPA + Grid,19.452632,212.025596,SMR,180.0
S5: SMR + Solar PPA + Grid,19.705263,216.378291,SMR,180.0
S5: SMR + Solar PPA + Grid,19.957895,206.849427,SMR,180.0
S5: SMR + Solar PPA + Grid,20.210526,203.506378,SMR,180.0
S5: SMR + Solar PPA + Grid,20.463158,202.507636,SMR,180.0
S5: SMR + Solar PPA + Grid,20.715789,203.279618,SMR,180.0
S5: SMR + Solar PPA + Grid,20.968421,204.213857,SMR,180.0
S5: SMR + Solar PPA + Grid,21.221053,199.965939,SMR,180.0
S5: SMR + Solar PPA + Grid,21.473684,195.014963,SMR,180.0
S5: SMR + Solar PPA + Grid,21.726316,190.786003,SMR,180.0
S5: SMR + Solar PPA + Grid,21.978947,190.070966,SMR,180.0
S5: SMR + Solar PPA + Grid,22.231579,187.93445,SMR,180.0
S5: SMR + Solar PPA + Grid,22.484211,187.647006,SMR,180.0
S5: SMR + Solar PPA + Grid,22.736842,182.79361,SMR,180.0
S5: SMR + Solar PPA + Grid,22.989474,181.612203,SMR,180.0
S5: SMR + Solar PPA + Grid,23.242105,178.435705,SMR,178.435705
S5: SMR + Solar PPA + Grid,23.494737,173.631815,SMR,173.631815
S5: SMR + Solar PPA + Grid,23.747368,169.760164,SMR,169.760164
S5: SMR + Solar PPA + Grid,24.0,161.092467,SMR,161.092467
S5: SMR + Solar PPA + Grid,0.0,146.220746,Microturbines,0.0
S5: SMR + Solar PPA + Grid,0.252632,142.493761,Microturbines,0.0
S5: SMR + Solar PPA + Grid,0.505263,143.661607,Microturbines,0.0
S5: SMR + Solar PPA + Grid,0.757895,146.396692,Microturbines,0.0
S5: SMR + Solar PPA + Grid,1.010526,144.495891,Microturbines,0.0
S5: SMR + Solar PPA + Grid,1.263158,144.343225,Microturbines,0.0
S5: SMR + Solar PPA + Grid,1.515789,146.919418,Microturbines,0.0
S5: SMR + Solar PPA + Grid,1.768421,145.437384,Microturbines,0.0
S5: SMR + Solar PPA + Grid,2.021053,145.4143,Microturbines,0.0
S5: SMR + Solar PPA + Grid,2.273684,148.07771,Microturbines,0.0
S5: SMR + Solar PPA + Grid,2.526316,143.846932,Microturbines,0.0
S5: SMR + Solar PPA + Grid,2.778947,141.791134,Microturbines,0.0
S5: SMR + Solar PPA + Grid,3.031579,144.744855,Microturbines,0.0
S5: SMR + Solar PPA + Grid,3.284211,139.924624,Microturbines,0.0
S5: SMR + Solar PPA + Grid,3.536842,138.230245,Microturbines,0.0
S5: SMR + Solar PPA + Grid,3.789474,139.583534,Microturbines,0.0
S5: SMR + Solar PPA + Grid,4.042105,138.171424,Microturbines,0.0
S5: SMR + Solar PPA + Grid,4.294737,145.589762,Microturbines,0.0
S5: SMR + Solar PPA + Grid,4.547368,149.60022,Microturbines,0.0
S5: SMR + Solar PPA + Grid,4.8,149.555785,Microturbines,0.0
S5: SMR + Solar PPA + Grid,5.052632,157.938285,Microturbines,0.0
S5: SMR + Solar PPA + Grid,5.305263,158.873198,Microturbines,0.0
S5: SMR + Solar PPA + Grid,5.557895,163.688381,Microturbines,0.0
S5: SMR + Solar PPA + Grid,5.810526,166.117267,Microturbines,0.0
S5: SMR + Solar PPA + Grid,6.063158,163.627976,Microturbines,0.0
S5: SMR + Solar PPA + Grid,6.315789,167.073156,Microturbines,0.0
S5: SMR + Solar PPA + Grid,6.568421,166.689563,Microturbines,0.0
S5: SMR + Solar PPA + Grid,6.821053,173.904114,Microturbines,0.0
S5: SMR + Solar PPA + Grid,7.073684,176.518915,Microturbines,0.0
S5: SMR + Solar PPA + Grid,7.326316,178.300969,Microturbines,0.0
S5: SMR + Solar PPA + Grid,7.578947,182.486974,Microturbines,0.0
S5: SMR + Solar PPA + Grid,7.831579,189.006368,Microturbines,0.0
S5: SMR + Solar PPA + Grid,8.084211,193.308235,Microturbines,0.0
S5: SMR + Solar PPA + Grid,8.336842,194.22417,Microturbines,0.0
S5: SMR + Solar PPA + Grid,8.589474,200.603646,Microturbines,0.0
S5: SMR + Solar PPA + Grid,8.842105,195.7185,Microturbines,0.0
S5: SMR + Solar PPA + Grid,9.094737,199.041884,Microturbines,0.0
S5: SMR + Solar PPA + Grid,9.347368,199.515399,Microturbines,0.0
S5: SMR + Solar PPA + Grid,9.6,196.819151,Microturbines,0.0
S5: SMR + Solar PPA + Grid,9.852632,202.987544,Microturbines,0.0
S5: SMR + Solar PPA + Grid,10.105263,206.870804,Microturbines,0.0
S5: SMR + Solar PPA + Grid,10.357895,214.684552,Microturbines,0.0
S5: SMR + Solar PPA + Grid,10.610526,220.120959,Microturbines,0.0
S5: SMR + Solar PPA + Grid,10.863158,221.192293,Microturbines,0.0
S5: SMR + Solar PPA + Grid,11.115789,217.869809,Microturbines,0.0
S5: SMR + Solar PPA + Grid,11.368421,217.758375,Microturbines,0.0
S5: SMR + Solar PPA + Grid,11.621053,218.902304,Microturbines,0.0
S5: SMR + Solar PPA + Grid,11.873684,224.187636,Microturbines,0.0
S5: SMR + Solar PPA + Grid,12.126316,230.510044,Microturbines,0.0
S5: SMR + Solar PPA + Grid,12.378947,229.540724,Microturbines,0.0
S5: SMR + Solar PPA + Grid,12.631579,233.007549,Microturbines,0.0
S5: SMR + Solar PPA + Grid,12.884211,230.768568,Microturbines,0.0
S5: SMR + Solar PPA + Grid,13.136842,229.44087,Microturbines,0.0
S5: SMR + Solar PPA + Grid,13.389474,236.454504,Microturbines,0.0
S5: SMR + Solar PPA + Grid,13.642105,239.148366,Microturbines,0.0
S5: SMR + Solar PPA + Grid,13.894737,243.212598,Microturbines,0.0
S5: SMR + Solar PPA + Grid,14.147368,243.424454,Microturbines,0.0
S5: SMR + Solar PPA + Grid,14.4,241.582112,Microturbines,0.0
S5: SMR + Solar PPA + Grid,14.652632,240.133459,Microturbines,0.0
S5: SMR + Solar PPA + Grid,14.905263,240.384649,Microturbines,0.0
S5: SMR + Solar PPA + Grid,15.157895,241.264673,Microturbines,0.0
S5: SMR + Solar PPA + Grid,15.410526,241.392927,Microturbines,0.0
S5: SMR + Solar PPA + Grid,15.663158,237.458336,Microturbines,0.0
S5: SMR + Solar PPA + Grid,15.915789,231.52949,Microturbines,0.0
S5: SMR + Solar PPA + Grid,16.168421,234.102006,Microturbines,0.0
S5: SMR + Solar PPA + Grid,16.421053,237.144863,Microturbines,0.0
S5: SMR + Solar PPA + Grid,16.673684,238.766237,Microturbines,0.0
S5: SMR + Solar PPA + Grid,16.926316,243.151698,Microturbines,0.0
S5: SMR + Solar PPA + Grid,17.178947,240.764714,Microturbines,0.0
S5: SMR + Solar PPA + Grid,17.431579,234.359733,Microturbines,0.0
S5: SMR + Solar PPA + Grid,17.684211,233.904346,Microturbines,0.0
S5: SMR + Solar PPA + Grid,17.936842,233.569328,Microturbines,0.0
S5: SMR + Solar PPA + Grid,18.189474,230.77739,Microturbines,0.0
S5: SMR + Solar PPA + Grid,18.442105,234.382288,Microturbines,0.0
S5: SMR + Solar PPA + Grid,18.694737,224.894864,Microturbines,0.0
S5: SMR + Solar PPA + Grid,18.947368,220.961434,Microturbines,0.0
S5: SMR + Solar PPA + Grid,19.2,219.023883,Microturbines,0.0
S5: SMR + Solar PPA + Grid,19.452632,212.025596,Microturbines,0.0
S5: SMR + Solar PPA + Grid,19.705263,216.378291,Microturbines,0.0
S5: SMR + Solar PPA + Grid,19.957895,206.849427,Microturbines,0.0
S5: SMR + Solar PPA + Grid,20.210526,203.506378,Microturbines,0.0
S5: SMR + Solar PPA + Grid,20.463158,202.507636,Microturbines,0.0
S5: SMR + Solar PPA + Grid,20.715789,203.279618,Microturbines,0.0
S5: SMR + Solar PPA + Grid,20.968421,204.213857,Microturbines,0.0
S5: SMR + Solar PPA + Grid,21.221053,199.965939,Microturbines,0.0
S5: SMR + Solar PPA + Grid,21.473684,195.014963,Microturbines,0.0
S5: SMR + Solar PPA + Grid,21.726316,190.786003,Microturbines,0.0
S5: SMR + Solar PPA + Grid,21.978947,190.070966,Microturbines,0.0
S5: SMR + Solar PPA + Grid,22.231579,187.93445,Microturbines,0.0
S5: SMR + Solar PPA + Grid,22.484211,187.647006,Microturbines,0.0
S5: SMR + Solar PPA + Grid,22.736842,182.79361,Microturbines,0.0
S5: SMR + Solar PPA + Grid,22.989474,181.612203,Microturbines,0.0
S5: SMR + Solar PPA + Grid,23.242105,178.435705,Microturbines,0.0
S5: SMR + Solar PPA + Grid,23.494737,173.631815,Microturbines,0.0
S5: SMR + Solar PPA + Grid,23.747368,169.760164,Microturbines,0.0
S5: SMR + Solar PPA + Grid,24.0,161.092467,Microturbines,0.0
S5: SMR + Solar PPA + Grid,0.0,146.220746,BESS (Discharge),0.0
S5: SMR + Solar PPA + Grid,0.252632,142.493761,BESS (Discharge),0.0
S5: SMR + Solar PPA + Grid,0.505263,143.661607,BESS (Discharge),0.0
S5: SMR + Solar PPA + Grid,0.757895,146.396692,BESS (Discharge),0.0
S5: SMR + Solar PPA + Grid,1.010526,144.495891,BESS (Discharge),0.0
S5: SMR + Solar PPA + Grid,1.263158,144.343225,BESS (Discharge),0.0
S5: SMR + Solar PPA + Grid,1.515789,146.919418,BESS (Discharge),0.0
S5: SMR + Solar PPA + Grid,1.768421,145.437384,BESS (Discharge),0.0
S5: SMR + Solar PPA + Grid,2.021053,145.4143,BESS (Discharge),0.0
S5: SMR + Solar PPA + Grid,2.273684,148.07771,BESS (Discharge),0.0
S5: SMR + Solar PPA + Grid,2.526316,143.846932,BESS (Discharge),0.0
S5: SMR + Solar PPA + Grid,2.778947,141.791134,BESS (Discharge),0.0
S5: SMR + Solar PPA + Grid,3.031579,144.744855,BESS (Discharge),0.0
S5: SMR + Solar PPA + Grid,3.284211,139.924624,BESS (Discharge),0.0
S5: SMR + Solar PPA + Grid,3.536842,138.230245,BESS (Discharge),0.0
S5: SMR + Solar PPA + Grid,3.789474,139.583534,BESS (Discharge),0.0
S5: SMR + Solar PPA + Grid,4.042105,138.171424,BESS (Discharge),0.0
S5: SMR + Solar PPA + Grid,4.294737,145.589762,BESS (Discharge),0.0
S5: SMR + Solar PPA + Grid,4.547368,149.60022,BESS (Discharge),0.0
S5: SMR + Solar PPA + Grid,4.8,149.555785,BESS (Discharge),0.0
S5: SMR + Solar PPA + Grid,5.052632,157.938285,BESS (Discharge),0.0
S5: SMR + Solar PPA + Grid,5.305263,158.873198,BESS (Discharge),0.0
S5: SMR + Solar PPA + Grid,5.557895,163.688381,BESS (Discharge),0.0
S5: SMR + Solar PPA + Grid,5.810526,166.117267,BESS (Discharge),0.0
S5: SMR + Solar PPA + Grid,6.063158,163.627976,BESS (Discharge),0.0
S5: SMR + Solar PPA + Grid,6.315789,167.073156,BESS (Discharge),0.0
S5: SMR + Solar PPA + Grid,6.568421,166.689563,BESS (Discharge),0.0
S5: SMR + Solar PPA + Grid,6.821053,173.904114,BESS (Discharge),0.0
S5: SMR + Solar PPA + Grid,7.073684,176.518915,BESS (Discharge),0.0
S5: SMR + Solar PPA + Grid,7.326316,178.300969,BESS (Discharge),0.0
S5: SMR + Solar PPA + Grid,7.578947,182.486974,BESS (Discharge),0.0
S5: SMR + Solar PPA + Grid,7.831579,189.006368,BESS (Discharge),0.0
S5: SMR + Solar PPA + Grid,8.084211,193.308235,BESS (Discharge),0.0
S5: SMR + Solar PPA + Grid,8.336842,194.22417,BESS (Discharge),0.0
S5: SMR + Solar PPA + Grid,8.589474,200.603646,BESS (Discharge),0.0
S5: SMR + Solar PPA + Grid,8.842105,195.7185,BESS (Discharge),0.0
S5: SMR + Solar PPA + Grid,9.094737,199.041884,BESS (Discharge),0.0
S5: SMR + Solar PPA + Grid,9.347368,199.515399,BESS (Discharge),0.0
S5: SMR + Solar PPA + Grid,9.6,196.819151,BESS (Discharge),0.0
S5: SMR + Solar PPA + Grid,9.852632,202.987544,BESS (Discharge),0.0
S5: SMR + Solar PPA + Grid,10.105263,206.870804,BESS (Discharge),0.0
S5: SMR + Solar PPA + Grid,10.357895,214.684552,BESS (Discharge),0.0
S5: SMR + Solar PPA + Grid,10.610526,220.120959,BESS (Discharge),0.0
S5: SMR + Solar PPA + Grid,10.863158,221.192293,BESS (Discharge),0.0
S5: SMR + Solar PPA + Grid,11.115789,217.869809,BESS (Discharge),0.0
S5: SMR + Solar PPA + Grid,11.368421,217.758375,BESS (Discharge),0.0
S5: SMR + Solar PPA + Grid,11.621053,218.902304,BESS (Discharge),0.0
S5: SMR + Solar PPA + Grid,11.873684,224.187636,BESS (Discharge),0.0
S5: SMR + Solar PPA + Grid,12.126316,230.510044,BESS (Discharge),0.0
S5: SMR + Solar PPA + Grid,12.378947,229.540724,BESS (Discharge),0.0
S5: SMR + Solar PPA + Grid,12.631579,233.007549,BESS (Discharge),0.0
S5: SMR + Solar PPA + Grid,12.884211,230.768568,BESS (Discharge),0.0
S5: SMR + Solar PPA + Grid,13.136842,229.44087,BESS (Discharge),0.0
S5: SMR + Solar PPA + Grid,13.389474,236.454504,BESS (Discharge),0.0
S5: SMR + Solar PPA + Grid,13.642105,239.148366,BESS (Discharge),0.0
S5: SMR + Solar PPA + Grid,13.894737,243.212598,BESS (Discharge),0.0
S5: SMR + Solar PPA + Grid,14.147368,243.424454,BESS (Discharge),0.0
S5: SMR + Solar PPA + Grid,14.4,241.582112,BESS (Discharge),0.0
S5: SMR + Solar PPA + Grid,14.652632,240.133459,BESS (Discharge),0.0
S5: SMR + Solar PPA + Grid,14.905263,240.384649,BESS (Discharge),0.0
S5: SMR + Solar PPA + Grid,15.157895,241.264673,BESS (Discharge),0.0
S5: SMR + Solar PPA + Grid,15.410526,241.392927,BESS (Discharge),0.0
S5: SMR + Solar PPA + Grid,15.663158,237.458336,BESS (Discharge),0.0
S5: SMR + Solar PPA + Grid,15.915789,231.52949,BESS (Discharge),0.0
S5: SMR + Solar PPA + Grid,16.168421,234.102006,BESS (Discharge),0.0
S5: SMR + Solar PPA + Grid,16.421053,237.144863,BESS (Discharge),0.0
S5: SMR + Solar PPA + Grid,16.673684,238.766237,BESS (Discharge),0.0
S5: SMR + Solar PPA + Grid,16.926316,243.151698,BESS (Discharge),0.0
S5: SMR + Solar PPA + Grid,17.178947,240.764714,BESS (Discharge),0.0
S5: SMR + Solar PPA + Grid,17.431579,234.359733,BESS (Discharge),0.0
S5: SMR + Solar PPA + Grid,17.684211,233.904346,BESS (Discharge),0.0
S5: SMR + Solar PPA + Grid,17.936842,233.569328,BESS (Discharge),0.0
S5: SMR + Solar PPA + Grid,18.189474,230.77739,BESS (Discharge),0.0
S5: SMR + Solar PPA + Grid,18.442105,234.382288,BESS (Discharge),0.0
S5: SMR + Solar PPA + Grid,18.694737,224.894864,BESS (Discharge),0.0
S5: SMR + Solar PPA + Grid,18.947368,220.961434,BESS (Discharge),0.0
S5: SMR + Solar PPA + Grid,19.2,219.023883,BESS (Discharge),0.0
S5: SMR + Solar PPA + Grid,19.452632,212.025596,BESS (Discharge),0.0
S5: SMR + Solar PPA + Grid,19.705263,216.378291,BESS (Discharge),0.0
S5: SMR + Solar PPA + Grid,19.957895,206.849427,BESS (Discharge),0.0
S5: SMR + Solar PPA + Grid,20.210526,203.506378,BESS (Discharge),0.0
S5: SMR + Solar PPA + Grid,20.463158,202.507636,BESS (Discharge),0.0
S5: SMR + Solar PPA + Grid,20.715789,203.279618,BESS (Discharge),0.0
S5: SMR + Solar PPA + Grid,20.968421,204.213857,BESS (Discharge),0.0
S5: SMR + Solar PPA + Grid,21.221053,199.965939,BESS (Discharge),0.0
S5: SMR + Solar PPA + Grid,21.473684,195.014963,BESS (Discharge),0.0
S5: SMR + Solar PPA + Grid,21.726316,190.786003,BESS (Discharge),0.0
S5: SMR + Solar PPA + Grid,21.978947,190.070966,BESS (Discharge),0.0
S5: SMR + Solar PPA + Grid,22.231579,187.93445,BESS (Discharge),0.0
S5: SMR + Solar PPA + Grid,22.484211,187.647006,BESS (Discharge),0.0
S5: SMR + Solar PPA + Grid,22.736842,182.79361,BESS (Discharge),0.0
S5: SMR + Solar PPA + Grid,22.989474,181.612203,BESS (Discharge),0.0
S5: SMR + Solar PPA + Grid,23.242105,178.435705,BESS (Discharge),0.0
S5: SMR + Solar PPA + Grid,23.494737,173.631815,BESS (Discharge),0.0
S5: SMR + Solar PPA + Grid,23.747368,169.760164,BESS (Discharge),0.0
S5: SMR + Solar PPA + Grid,24.0,161.092467,BESS (Discharge),0.0
S5: SMR + Solar PPA + Grid,0.0,146.220746,BESS (Charge),0.0
S5: SMR + Solar PPA + Grid,0.252632,142.493761,BESS (Charge),0.0
S5: SMR + Solar PPA + Grid,0.505263,143.661607,BESS (Charge),0.0
S5: SMR + Solar PPA + Grid,0.757895,146.396692,BESS (Charge),0.0
S5: SMR + Solar PPA + Grid,1.010526,144.495891,BESS (Charge),0.0
S5: SMR + Solar PPA + Grid,1.263158,144.343225,BESS (Charge),0.0
S5: SMR + Solar PPA + Grid,1.515789,146.919418,BESS (Charge),0.0
S5: SMR + Solar PPA + Grid,1.768421,145.437384,BESS (Charge),0.0
S5: SMR + Solar PPA + Grid,2.021053,145.4143,BESS (Charge),0.0
S5: SMR + Solar PPA + Grid,2.273684,148.07771,BESS (Charge),0.0
S5: SMR + Solar PPA + Grid,2.526316,143.846932,BESS (Charge),0.0
S5: SMR + Solar PPA + Grid,2.778947,141.791134,BESS (Charge),0.0
S5: SMR + Solar PPA + Grid,3.031579,144.744855,BESS (Charge),0.0
S5: SMR + Solar PPA + Grid,3.284211,139.924624,BESS (Charge),0.0
S5: SMR + Solar PPA + Grid,3.536842,138.230245,BESS (Charge),0.0
S5: SMR + Solar PPA + Grid,3.789474,139.583534,BESS (Charge),0.0
S5: SMR + Solar PPA + Grid,4.042105,138.171424,BESS (Charge),0.0
S5: SMR + Solar PPA + Grid,4.294737,145.589762,BESS (Charge),0.0
S5: SMR + Solar PPA + Grid,4.547368,149.60022,BESS (Charge),0.0
S5: SMR + Solar PPA + Grid,4.8,149.555785,BESS (Charge),0.0
S5: SMR + Solar PPA + Grid,5.052632,157.938285,BESS (Charge),0.0
S5: SMR + Solar PPA + Grid,5.305263,158.873198,BESS (Charge),0.0
S5: SMR + Solar PPA + Grid,5.557895,163.688381,BESS (Charge),0.0
S5: SMR + Solar PPA + Grid,5.810526,166.117267,BESS (Charge),0.0
S5: SMR + Solar PPA + Grid,6.063158,163.627976,BESS (Charge),0.0
S5: SMR + Solar PPA + Grid,6.315789,167.073156,BESS (Charge),0.0
S5: SMR + Solar PPA + Grid,6.568421,166.689563,BESS (Charge),0.0
S5: SMR + Solar PPA + Grid,6.821053,173.904114,BESS (Charge),0.0
S5: SMR + Solar PPA + Grid,7.073684,176.518915,BESS (Charge),0.0
S5: SMR + Solar PPA + Grid,7.326316,178.300969,BESS (Charge),0.0
S5: SMR + Solar PPA + Grid,7.578947,182.486974,BESS (Charge),0.0
S5: SMR + Solar PPA + Grid,7.831579,189.006368,BESS (Charge),0.0
S5: SMR + Solar PPA + Grid,8.084211,193.308235,BESS (Charge),0.0
S5: SMR + Solar PPA + Grid,8.336842,194.22417,BESS (Charge),0.0
S5: SMR + Solar PPA + Grid,8.589474,200.603646,BESS (Charge),0.0
S5: SMR + Solar PPA + Grid,8.842105,195.7185,BESS (Charge),0.0
S5: SMR + Solar PPA + Grid,9.094737,199.041884,BESS (Charge),0.0
S5: SMR + Solar PPA + Grid,9.347368,199.515399,BESS (Charge),0.0
S5: SMR + Solar PPA + Grid,9.6,196.819151,BESS (Charge),0.0
S5: SMR + Solar PPA + Grid,9.852632,202.987544,BESS (Charge),0.0
S5: SMR + Solar PPA + Grid,10.105263,206.870804,BESS (Charge),0.0
S5: SMR + Solar PPA + Grid,10.357895,214.684552,BESS (Charge),0.0
S5: SMR + Solar PPA + Grid,10.610526,220.120959,BESS (Charge),0.0
S5: SMR + Solar PPA + Grid,10.863158,221.192293,BESS (Charge),0.0
S5: SMR + Solar PPA + Grid,11.115789,217.869809,BESS (Charge),0.0
S5: SMR + Solar PPA + Grid,11.368421,217.758375,BESS (Charge),0.0
S5: SMR + Solar PPA + Grid,11.621053,218.902304,BESS (Charge),0.0
S5: SMR + Solar PPA + Grid,11.873684,224.187636,BESS (Charge),0.0
S5: SMR + Solar PPA + Grid,12.126316,230.510044,BESS (Charge),0.0
S5: SMR + Solar PPA + Grid,12.378947,229.540724,BESS (Charge),0.0
S5: SMR + Solar PPA + Grid,12.631579,233.007549,BESS (Charge),0.0
S5: SMR + Solar PPA + Grid,12.884211,230.768568,BESS (Charge),0.0
S5: SMR + Solar PPA + Grid,13.136842,229.44087,BESS (Charge),0.0
S5: SMR + Solar PPA + Grid,13.389474,236.454504,BESS (Charge),0.0
S5: SMR + Solar PPA + Grid,13.642105,239.148366,BESS (Charge),0.0
S5: SMR + Solar PPA + Grid,13.894737,243.212598,BESS (Charge),0.0
S5: SMR + Solar PPA + Grid,14.147368,243.424454,BESS (Charge),0.0
S5: SMR + Solar PPA + Grid,14.4,241.582112,BESS (Charge),0.0
S5: SMR + Solar PPA + Grid,14.652632,240.133459,BESS (Charge),0.0
S5: SMR + Solar PPA + Grid,14.905263,240.384649,BESS (Charge),0.0
S5: SMR + Solar PPA + Grid,15.157895,241.264673,BESS (Charge),0.0
S5: SMR + Solar PPA + Grid,15.410526,241.392927,BESS (Charge),0.0
S5: SMR + Solar PPA + Grid,15.663158,237.458336,BESS (Charge),0.0
S5: SMR + Solar PPA + Grid,15.915789,231.52949,BESS (Charge),0.0
S5: SMR + Solar PPA + Grid,16.168421,234.102006,BESS (Charge),0.0
S5: SMR + Solar PPA + Grid,16.421053,237.144863,BESS (Charge),0.0
S5: SMR + Solar PPA + Grid,16.673684,238.766237,BESS (Charge),0.0
S5: SMR + Solar PPA + Grid,16.926316,243.151698,BESS (Charge),0.0
S5: SMR + Solar PPA + Grid,17.178947,240.764714,BESS (Charge),0.0
S5: SMR + Solar PPA + Grid,17.431579,234.359733,BESS (Charge),0.0
S5: SMR + Solar PPA + Grid,17.684211,233.904346,BESS (Charge),0.0
S5: SMR + Solar PPA + Grid,17.936842,233.569328,BESS (Charge),0.0
S5: SMR + Solar PPA + Grid,18.189474,230.77739,BESS (Charge),0.0
S5: SMR + Solar PPA + Grid,18.442105,234.382288,BESS (Charge),0.0
S5: SMR + Solar PPA + Grid,18.694737,224.894864,BESS (Charge),0.0
S5: SMR + Solar PPA + Grid,18.947368,220.961434,BESS (Charge),0.0
S5: SMR + Solar PPA + Grid,19.2,219.023883,BESS (Charge),0.0
S5: SMR + Solar PPA + Grid,19.452632,212.025596,BESS (Charge),0.0
S5: SMR + Solar PPA + Grid,19.705263,216.378291,BESS (Charge),0.0
S5: SMR + Solar PPA + Grid,19.957895,206.849427,BESS (Charge),0.0
S5: SMR + Solar PPA + Grid,20.210526,203.506378,BESS (Charge),0.0
S5: SMR + Solar PPA + Grid,20.463158,202.507636,BESS (Charge),0.0
S5: SMR + Solar PPA + Grid,20.715789,203.279618,BESS (Charge),0.0
S5: SMR + Solar PPA + Grid,20.968421,204.213857,BESS (Charge),0.0
S5: SMR + Solar PPA + Grid,21.221053,199.965939,BESS (Charge),0.0
S5: SMR + Solar PPA + Grid,21.473684,195.014963,BESS (Charge),0.0
S5: SMR + Solar PPA + Grid,21.726316,190.786003,BESS (Charge),0.0
S5: SMR + Solar PPA + Grid,21.978947,190.070966,BESS (Charge),0.0
S5: SMR + Solar PPA + Grid,22.231579,187.93445,BESS (Charge),0.0
S5: SMR + Solar PPA + Grid,22.484211,187.647006,BESS (Charge),0.0
S5: SMR + Solar PPA + Grid,22.736842,182.79361,BESS (Charge),0.0
S5: SMR + Solar PPA + Grid,22.989474,181.612203,BESS (Charge),0.0
S5: SMR + Solar PPA + Grid,23.242105,178.435705,BESS (Charge),0.0
S5: SMR + Solar PPA + Grid,23.494737,173.631815,BESS (Charge),0.0
S5: SMR + Solar PPA + Grid,23.747368,169.760164,BESS (Charge),0.0
S5: SMR + Solar PPA + Grid,24.0,161.092467,BESS (Charge),0.0
S6: Geothermal + Grid + Microturbines + Hybrid BESS,0.0,146.220746,Grid,50.0
S6: Geothermal + Grid + Microturbines + Hybrid BESS,0.252632,142.493761,Grid,50.0
S6: Geothermal + Grid + Microturbines + Hybrid BESS,0.505263,143.661607,Grid,50.0
S6: Geothermal + Grid + Microturbines + Hybrid BESS,0.757895,146.396692,Grid,50.0
S6: Geothermal + Grid + Microturbines + Hybrid BESS,1.010526,144.495891,Grid,50.0
S6: Geothermal + Grid + Microturbines + Hybrid BESS,1.263158,144.343225,Grid,50.0
S6: Geothermal + Grid + Microturbines + Hybrid BESS,1.515789,146.919418,Grid,50.0
S6: Geothermal + Grid + Microturbines + Hybrid BESS,1.768421,145.437384,Grid,50.0
S6: Geothermal + Grid + Microturbines + Hybrid BESS,2.021053,145.4143,Grid,50.0
S6: Geothermal + Grid + Microturbines + Hybrid BESS,2.273684,148.07771,Grid,50.0
S6: Geothermal + Grid + Microturbines + Hybrid BESS,2.526316,143.846932,Grid,50.0
S6: Geothermal + Grid + Microturbines + Hybrid BESS,2.778947,141.791134,Grid,50.0
S6: Geothermal + Grid + Microturbines + Hybrid BESS,3.031579,144.744855,Grid,50.0
S6: Geothermal + Grid + Microturbines + Hybrid BESS,3.284211,139.924624,Grid,50.0
S6: Geothermal + Grid + Microturbines + Hybrid BESS,3.536842,138.230245,Grid,50.0
S6: Geothermal + Grid + Microturbines + Hybrid BESS,3.789474,139.583534,Grid,50.0
S6: Geothermal + Grid + Microturbines + Hybrid BESS,4.042105,138.171424,Grid,50.0
S6: Geothermal + Grid + Microturbines + Hybrid BESS,4.294737,145.589762,Grid,50.0
S6: Geothermal + Grid + Microturbines + Hybrid BESS,4.547368,149.60022,Grid,50.0
S6: Geothermal + Grid + Microturbines + Hybrid BESS,4.8,149.555785,Grid,50.0
S6: Geothermal + Grid + Microturbines + Hybrid BESS,5.052632,157.938285,Grid,50.0
S6: Geothermal + Grid + Microturbines + Hybrid BESS,5.305263,158.873198,Grid,50.0
S6: Geothermal + Grid + Microturbines + Hybrid BESS,5.557895,163.688381,Grid,50.0
S6: Geothermal + Grid + Microturbines + Hybrid BESS,5.810526,166.117267,Grid,50.0
S6: Geothermal + Grid + Microturbines + Hybrid BESS,6.063158,163.627976,Grid,50.0
S6: Geothermal + Grid + Microturbines + Hybrid BESS,6.315789,167.073156,Grid,50.0
S6: Geothermal + Grid + Microturbines + Hybrid BESS,6.568421,166.689563,Grid,50.0
S6: Geothermal + Grid + Microturbines + Hybrid BESS,6.821053,173.904114,Grid,50.0
S6: Geothermal + Grid + Microturbines + Hybrid BESS,7.073684,176.518915,Grid,50.0
S6: Geothermal + Grid + Microturbines + Hybrid BESS,7.326316,178.300969,Grid,50.0
S6: Geothermal + Grid + Microturbines + Hybrid BESS,7.578947,182.486974,Grid,50.0
S6: Geothermal + Grid + Microturbines + Hybrid BESS,7.831579,189.006368,Grid,50.0
S6: Geothermal + Grid + Microturbines + Hybrid BESS,8.084211,193.308235,Grid,50.0
S6: Geothermal + Grid + Microturbines + Hybrid BESS,8.336842,194.22417,Grid,50.0
S6: Geothermal + Grid + Microturbines + Hybrid BESS,8.589474,200.603646,Grid,50.0
S6: Geothermal + Grid + Microturbines + Hybrid BESS,8.842105,195.7185,Grid,50.0
S6: Geothermal + Grid + Microturbines + Hybrid BESS,9.094737,199.041884,Grid,50.0
S6: Geothermal + Grid + Microturbines + Hybrid BESS,9.347368,199.515399,Grid,50.0
S6: Geothermal + Grid + Microturbines + Hybrid BESS,9.6,196.819151,Grid,50.0
S6: Geothermal + Grid + Microturbines + Hybrid BESS,9.852632,202.987544,Grid,50.0
S6: Geothermal + Grid + Microturbines + Hybrid BESS,10.105263,206.870804,Grid,50.0
S6: Geothermal + Grid + Microturbines + Hybrid BESS,10.357895,214.684552,Grid,50.0
S6: Geothermal + Grid + Microturbines + Hybrid BESS,10.610526,220.120959,Grid,50.0
S6: Geothermal + Grid + Microturbines + Hybrid BESS,10.863158,221.192293,Grid,50.0
S6: Geothermal + Grid + Microturbines + Hybrid BESS,11.115789,217.869809,Grid,50.0
S6: Geothermal + Grid + Microturbines + Hybrid BESS,11.368421,217.758375,Grid,50.0
S6: Geothermal + Grid + Microturbines + Hybrid BESS,11.621053,218.902304,Grid,50.0
S6: Geothermal + Grid + Microturbines + Hybrid BESS,11.873684,224.187636,Grid,50.0
S6: Geothermal + Grid + Microturbines + Hybrid BESS,12.126316,230.510044,Grid,50.0
S6: Geothermal + Grid + Microturbines + Hybrid BESS,12.378947,229.540724,Grid,50.0
S6: Geothermal + Grid + Microturbines + Hybrid BESS,12.631579,233.007549,Grid,50.0
S6: Geothermal + Grid + Microturbines + Hybrid BESS,12.884211,230.768568,Grid,50.0
S6: Geothermal + Grid + Microturbines + Hybrid BESS,13.136842,229.44087,Grid,50.0
S6: Geothermal + Grid + Microturbines + Hybrid BESS,13.389474,236.454504,Grid,50.0
S6: Geothermal + Grid + Microturbines + Hybrid BESS,13.642105,239.148366,Grid,50.0
S6: Geothermal + Grid + Microturbines + Hybrid BESS,13.894737,243.212598,Grid,50.0
S6: Geothermal + Grid + Microturbines + Hybrid BESS,14.147368,243.424454,Grid,50.0
S6: Geothermal + Grid + Microturbines + Hybrid BESS,14.4,241.582112,Grid,50.0
S6: Geothermal + Grid + Microturbines + Hybrid BESS,14.652632,240.133459,Grid,50.0
S6: Geothermal + Grid + Microturbines + Hybrid BESS,14.905263,240.384649,Grid,50.0
S6: Geothermal + Grid + Microturbines + Hybrid BESS,15.157895,241.264673,Grid,50.0
S6: Geothermal + Grid + Microturbines + Hybrid BESS,15.410526,241.392927,Grid,50.0
S6: Geothermal + Grid + Microturbines + Hybrid BESS,15.663158,237.458336,Grid,50.0
S6: Geothermal + Grid + Microturbines + Hybrid BESS,15.915789,231.52949,Grid,50.0
S6: Geothermal + Grid + Microturbines + Hybrid BESS,16.168421,234.102006,Grid,50.0
S6: Geothermal + Grid + Microturbines + Hybrid BESS,16.421053,237.144863,Grid,50.0
S6: Geothermal + Grid + Microturbines + Hybrid BESS,16.673684,238.766237,Grid,50.0
S6: Geothermal + Grid + Microturbines + Hybrid BESS,16.926316,243.151698,Grid,50.0
S6: Geothermal + Grid + Microturbines + Hybrid BESS,17.178947,240.764714,Grid,50.0
S6: Geothermal + Grid + Microturbines + Hybrid BESS,17.431579,234.359733,Grid,50.0
S6: Geothermal + Grid + Microturbines + Hybrid BESS,17.684211,233.904346,Grid,50.0
S6: Geothermal + Grid + Microturbines + Hybrid BESS,17.936842,233.569328,Grid,50.0
S6: Geothermal + Grid + Microturbines + Hybrid BESS,18.189474,230.77739,Grid,50.0
S6: Geothermal + Grid + Microturbines + Hybrid BESS,18.442105,234.382288,Grid,50.0
S6: Geothermal + Grid + Microturbines + Hybrid BESS,18.694737,224.894864,Grid,50.0
S6: Geothermal + Grid + Microturbines + Hybrid BESS,18.947368,220.961434,Grid,50.0
S6: Geothermal + Grid + Microturbines + Hybrid BESS,19.2,219.023883,Grid,50.0
S6: Geothermal + Grid + Microturbines + Hybrid BESS,19.452632,212.025596,Grid,50.0
S6: Geothermal + Grid + Microturbines + Hybrid BESS,19.705263,216.378291,Grid,50.0
S6: Geothermal + Grid + Microturbines + Hybrid BESS,19.957895,206.849427,Grid,50.0
S6: Geothermal + Grid + Microturbines + Hybrid BESS,20.210526,203.506378,Grid,50.0
S6: Geothermal + Grid + Microturbines + Hybrid BESS,20.463158,202.507636,Grid,50.0
S6: Geothermal + Grid + Microturbines + Hybrid BESS,20.715789,203.279618,Grid,50.0
S6: Geothermal + Grid + Microturbines + Hybrid BESS,20.968421,204.213857,Grid,50.0
S6: Geothermal + Grid + Microturbines + Hybrid BESS,21.221053,199.965939,Grid,50.0
S6: Geothermal + Grid + Microturbines + Hybrid BESS,21.473684,195.014963,Grid,50.0
S6: Geothermal + Grid + Microturbines + Hybrid BESS,21.726316,190.786003,Grid,50.0
S6: Geothermal + Grid + Microturbines + Hybrid BESS,21.978947,190.070966,Grid,50.0
S6: Geothermal + Grid + Microturbines + Hybrid BESS,22.231579,187.93445,Grid,50.0
S6: Geothermal + Grid + Microturbines + Hybrid BESS,22.484211,187.647006,Grid,50.0
S6: Geothermal + Grid + Microturbines + Hybrid BESS,22.736842,182.79361,Grid,50.0
S6: Geothermal + Grid + Microturbines + Hybrid BESS,22.989474,181.612203,Grid,50.0
S6: Geothermal + Grid + Microturbines + Hybrid BESS,23.242105,178.435705,Grid,50.0
S6: Geothermal + Grid + Microturbines + Hybrid BESS,23.494737,173.631815,Grid,50.0
S6: Geothermal + Grid + Microturbines + Hybrid BESS,23.747368,169.760164,Grid,50.0
S6: Geothermal + Grid + Microturbines + Hybrid BESS,24.0,161.092467,Grid,50.0
S6: Geothermal + Grid + Microturbines + Hybrid BESS,0.0,146.220746,RICE,0.0
S6: Geothermal + Grid + Microturbines + Hybrid BESS,0.252632,142.493761,RICE,0.0
S6: Geothermal + Grid + Microturbines + Hybrid BESS,0.505263,143.661607,RICE,0.0
S6: Geothermal + Grid + Microturbines + Hybrid BESS,0.757895,146.396692,RICE,0.0
S6: Geothermal + Grid + Microturbines + Hybrid BESS,1.010526,144.495891,RICE,0.0
S6: Geothermal + Grid + Microturbines + Hybrid BESS,1.263158,144.343225,RICE,0.0
S6: Geothermal + Grid + Microturbines + Hybrid BESS,1.515789,146.919418,RICE,0.0
S6: Geothermal + Grid + Microturbines + Hybrid BESS,1.768421,145.437384,RICE,0.0
S6: Geothermal + Grid + Microturbines + Hybrid BESS,2.021053,145.4143,RICE,0.0
S6: Geothermal + Grid + Microturbines + Hybrid BESS,2.273684,148.07771,RICE,0.0
S6: Geothermal + Grid + Microturbines + Hybrid BESS,2.526316,143.846932,RICE,0.0
S6: Geothermal + Grid + Microturbines + Hybrid BESS,2.778947,141.791134,RICE,0.0
S6: Geothermal + Grid + Microturbines + Hybrid BESS,3.031579,144.744855,RICE,0.0
S6: Geothermal + Grid + Microturbines + Hybrid BESS,3.284211,139.924624,RICE,0.0
S6: Geothermal + Grid + Microturbines + Hybrid BESS,3.536842,138.230245,RICE,0.0
S6: Geothermal + Grid + Microturbines + Hybrid BESS,3.789474,139.583534,RICE,0.0
S6: Geothermal + Grid + Microturbines + Hybrid BESS,4.042105,138.171424,RICE,0.0
S6: Geothermal + Grid + Microturbines + Hybrid BESS,4.294737,145.589762,RICE,0.0
S6: Geothermal + Grid + Microturbines + Hybrid BESS,4.547368,149.60022,RICE,0.0
S6: Geothermal + Grid + Microturbines + Hybrid BESS,4.8,149.555785,RICE,0.0
S6: Geothermal + Grid + Microturbines + Hybrid BESS,5.052632,157.938285,RICE,0.0
S6: Geothermal + Grid + Microturbines + Hybrid BESS,5.305263,158.873198,RICE,0.0
S6: Geothermal + Grid + Microturbines + Hybrid BESS,5.557895,163.688381,RICE,0.0
S6: Geothermal + Grid + Microturbines + Hybrid BESS,5.810526,166.117267,RICE,0.0
S6: Geothermal + Grid + Microturbines + Hybrid BESS,6.063158,163.627976,RICE,0.0
S6: Geothermal + Grid + Microturbines + Hybrid BESS,6.315789,167.073156,RICE,0.0
S6: Geothermal + Grid + Microturbines + Hybrid BESS,6.568421,166.689563,RICE,0.0
S6: Geothermal + Grid + Microturbines + Hybrid BESS,6.821053,173.904114,RICE,0.0
S6: Geothermal + Grid + Microturbines + Hybrid BESS,7.073684,176.518915,RICE,0.0
S6: Geothermal + Grid + Microturbines + Hybrid BESS,7.326316,178.300969,RICE,0.0
S6: Geothermal + Grid + Microturbines + Hybrid BESS,7.578947,182.486974,RICE,0.0
S6: Geothermal + Grid + Microturbines + Hybrid BESS,7.831579,189.006368,RICE,0.0
S6: Geothermal + Grid + Microturbines + Hybrid BESS,8.084211,193.308235,RICE,0.0
S6: Geothermal + Grid + Microturbines + Hybrid BESS,8.336842,194.22417,RICE,0.0
S6: Geothermal + Grid + Microturbines + Hybrid BESS,8.589474,200.603646,RICE,0.0
S6: Geothermal + Grid + Microturbines + Hybrid BESS,8.842105,195.7185,RICE,0.0
S6: Geothermal + Grid + Microturbines + Hybrid BESS,9.094737,199.041884,RICE,0.0
S6: Geothermal + Grid + Microturbines + Hybrid BESS,9.347368,199.515399,RICE,0.0
S6: Geothermal + Grid + Microturbines + Hybrid BESS,9.6,196.819151,RICE,0.0
S6: Geothermal + Grid + Microturbines + Hybrid BESS,9.852632,202.987544,RICE,0.0
S6: Geothermal + Grid + Microturbines + Hybrid BESS,10.105263,206.870804,RICE,0.0
S6: Geothermal + Grid + Microturbines + Hybrid BESS,10.357895,214.684552,RICE,0.0
S6: Geothermal + Grid + Microturbines + Hybrid BESS,10.610526,220.120959,RICE,0.0
S6: Geothermal + Grid + Microturbines + Hybrid BESS,10.863158,221.192293,RICE,0.0
S6: Geothermal + Grid + Microturbines + Hybrid BESS,11.115789,217.869809,RICE,0.0
S6: Geothermal + Grid + Microturbines + Hybrid BESS,11.368421,217.758375,RICE,0.0
S6: Geothermal + Grid + Microturbines + Hybrid BESS,11.621053,218.902304,RICE,0.0
S6: Geothermal + Grid + Microturbines + Hybrid BESS,11.873684,224.187636,RICE,0.0
S6: Geothermal + Grid + Microturbines + Hybrid BESS,12.126316,230.510044,RICE,0.0
S6: Geothermal + Grid + Microturbines + Hybrid BESS,12.378947,229.540724,RICE,0.0
S6: Geothermal + Grid + Microturbines + Hybrid BESS,12.631579,233.007549,RICE,0.0
S6: Geothermal + Grid + Microturbines + Hybrid BESS,12.884211,230.768568,RICE,0.0
S6: Geothermal + Grid + Microturbines + Hybrid BESS,13.136842,229.44087,RICE,0.0
S6: Geothermal + Grid + Microturbines + Hybrid BESS,13.389474,236.454504,RICE,0.0
S6: Geothermal + Grid + Microturbines + Hybrid BESS,13.642105,239.148366,RICE,0.0
S6: Geothermal + Grid + Microturbines + Hybrid BESS,13.894737,243.212598,RICE,0.0
S6: Geothermal + Grid + Microturbines + Hybrid BESS,14.147368,243.424454,RICE,0.0
S6: Geothermal + Grid + Microturbines + Hybrid BESS,14.4,241.582112,RICE,0.0
S6: Geothermal + Grid + Microturbines + Hybrid BESS,14.652632,240.133459,RICE,0.0
S6: Geothermal + Grid + Microturbines + Hybrid BESS,14.905263,240.384649,RICE,0.0
S6: Geothermal + Grid + Microturbines + Hybrid BESS,15.157895,241.264673,RICE,0.0
S6: Geothermal + Grid + Microturbines + Hybrid BESS,15.410526,241.392927,RICE,0.0
S6: Geothermal + Grid + Microturbines + Hybrid BESS,15.663158,237.458336,RICE,0.0
S6: Geothermal + Grid + Microturbines + Hybrid BESS,15.915789,231.52949,RICE,0.0
S6: Geothermal + Grid + Microturbines + Hybrid BESS,16.168421,234.102006,RICE,0.0
S6: Geothermal + Grid + Microturbines + Hybrid BESS,16.421053,237.144863,RICE,0.0
S6: Geothermal + Grid + Microturbines + Hybrid BESS,16.673684,238.766237,RICE,0.0
S6: Geothermal + Grid + Microturbines + Hybrid BESS,16.926316,243.151698,RICE,0.0
S6: Geothermal + Grid + Microturbines + Hybrid BESS,17.178947,240.764714,RICE,0.0
S6: Geothermal + Grid + Microturbines + Hybrid BESS,17.431579,234.359733,RICE,0.0
S6: Geothermal + Grid + Microturbines + Hybrid BESS,17.684211,233.904346,RICE,0.0
S6: Geothermal + Grid + Microturbines + Hybrid BESS,17.936842,233.569328,RICE,0.0
S6: Geothermal + Grid + Microturbines + Hybrid BESS,18.189474,230.77739,RICE,0.0
S6: Geothermal + Grid + Microturbines + Hybrid BESS,18.442105,234.382288,RICE,0.0
S6: Geothermal + Grid + Microturbines + Hybrid BESS,18.694737,224.894864,RICE,0.0
S6: Geothermal + Grid + Microturbines + Hybrid BESS,18.947368,220.961434,RICE,0.0
S6: Geothermal + Grid + Microturbines + Hybrid BESS,19.2,219.023883,RICE,0.0
S6: Geothermal + Grid + Microturbines + Hybrid BESS,19.452632,212.025596,RICE,0.0
S6: Geothermal + Grid + Microturbines + Hybrid BESS,19.705263,216.378291,RICE,0.0
S6: Geothermal + Grid + Microturbines + Hybrid BESS,19.957895,206.849427,RICE,0.0
S6: Geothermal + Grid + Microturbines + Hybrid BESS,20.210526,203.506378,RICE,0.0
S6: Geothermal + Grid + Microturbines + Hybrid BESS,20.463158,202.507636,RICE,0.0
S6: Geothermal + Grid + Microturbines + Hybrid BESS,20.715789,203.279618,RICE,0.0
S6: Geothermal + Grid + Microturbines + Hybrid BESS,20.968421,204.213857,RICE,0.0
S6: Geothermal + Grid + Microturbines + Hybrid BESS,21.221053,199.965939,RICE,0.0
S6: Geothermal + Grid + Microturbines + Hybrid BESS,21.473684,195.014963,RICE,0.0
S6: Geothermal + Grid + Microturbines + Hybrid BESS,21.726316,190.786003,RICE,0.0
S6: Geothermal + Grid + Microturbines + Hybrid BESS,21.978947,190.070966,RICE,0.0
S6: Geothermal + Grid + Microturbines + Hybrid BESS,22.231579,187.93445,RICE,0.0
S6: Geothermal + Grid + Microturbines + Hybrid BESS,22.484211,187.647006,RICE,0.0
S6: Geothermal + Grid + Microturbines + Hybrid BESS,22.736842,182.79361,RICE,0.0
S6: Geothermal + Grid + Microturbines + Hybrid BESS,22.989474,181.612203,RICE,0.0
S6: Geothermal + Grid + Microturbines + Hybrid BESS,23.242105,178.435705,RICE,0.0
S6: Geothermal + Grid + Microturbines + Hybrid BESS,23.494737,173.631815,RICE,0.0
S6: Geothermal + Grid + Microturbines + Hybrid BESS,23.747368,169.760164,RICE,0.0
S6: Geothermal + Grid + Microturbines + Hybrid BESS,24.0,161.092467,RICE,0.0
S6: Geothermal + Grid + Microturbines + Hybrid BESS,0.0,146.220746,Solar PPA,0.0
S6: Geothermal + Grid + Microturbines + Hybrid BESS,0.252632,142.493761,Solar PPA,0.0
S6: Geothermal + Grid + Microturbines + Hybrid BESS,0.505263,143.661607,Solar PPA,0.0
S6: Geothermal + Grid + Microturbines + Hybrid BESS,0.757895,146.396692,Solar PPA,0.0
S6: Geothermal + Grid + Microturbines + Hybrid BESS,1.010526,144.495891,Solar PPA,0.0
S6: Geothermal + Grid + Microturbines + Hybrid BESS,1.263158,144.343225,Solar PPA,0.0
S6: Geothermal + Grid + Microturbines + Hybrid BESS,1.515789,146.919418,Solar PPA,0.0
S6: Geothermal + Grid + Microturbines + Hybrid BESS,1.768421,145.437384,Solar PPA,0.0
S6: Geothermal + Grid + Microturbines + Hybrid BESS,2.021053,145.4143,Solar PPA,0.0
S6: Geothermal + Grid + Microturbines + Hybrid BESS,2.273684,148.07771,Solar PPA,0.0
S6: Geothermal + Grid + Microturbines + Hybrid BESS,2.526316,143.846932,Solar PPA,0.0
S6: Geothermal + Grid + Microturbines + Hybrid BESS,2.778947,141.791134,Solar PPA,0.0
S6: Geothermal + Grid + Microturbines + Hybrid BESS,3.031579,144.744855,Solar PPA,0.0
S6: Geothermal + Grid + Microturbines + Hybrid BESS,3.284211,139.924624,Solar PPA,0.0
S6: Geothermal + Grid + Microturbines + Hybrid BESS,3.536842,138.230245,Solar PPA,0.0
S6: Geothermal + Grid + Microturbines + Hybrid BESS,3.789474,139.583534,Solar PPA,0.0
S6: Geothermal + Grid + Microturbines + Hybrid BESS,4.042105,138.171424,Solar PPA,0.0
S6: Geothermal + Grid + Microturbines + Hybrid BESS,4.294737,145.589762,Solar PPA,0.0
S6: Geothermal + Grid + Microturbines + Hybrid BESS,4.547368,149.60022,Solar PPA,0.0
S6: Geothermal + Grid + Microturbines + Hybrid BESS,4.8,149.555785,Solar PPA,0.0
S6: Geothermal + Grid + Microturbines + Hybrid BESS,5.052632,157.938285,Solar PPA,0.0
S6: Geothermal + Grid + Microturbines + Hybrid BESS,5.305263,158.873198,Solar PPA,0.0
S6: Geothermal + Grid + Microturbines + Hybrid BESS,5.557895,163.688381,Solar PPA,0.0
S6: Geothermal + Grid + Microturbines + Hybrid BESS,5.810526,166.117267,Solar PPA,0.0
S6: Geothermal + Grid + Microturbines + Hybrid BESS,6.063158,163.627976,Solar PPA,0.0
S6: Geothermal + Grid + Microturbines + Hybrid BESS,6.315789,167.073156,Solar PPA,0.0
S6: Geothermal + Grid + Microturbines + Hybrid BESS,6.568421,166.689563,Solar PPA,0.0
S6: Geothermal + Grid + Microturbines + Hybrid BESS,6.821053,173.904114,Solar PPA,0.0
S6: Geothermal + Grid + Microturbines + Hybrid BESS,7.073684,176.518915,Solar PPA,0.0
S6: Geothermal + Grid + Microturbines + Hybrid BESS,7.326316,178.300969,Solar PPA,0.0
S6: Geothermal + Grid + Microturbines + Hybrid BESS,7.578947,182.486974,Solar PPA,0.0
S6: Geothermal + Grid + Microturbines + Hybrid BESS,7.831579,189.006368,Solar PPA,0.0
S6: Geothermal + Grid + Microturbines + Hybrid BESS,8.084211,193.308235,Solar PPA,0.0
S6: Geothermal + Grid + Microturbines + Hybrid BESS,8.336842,194.22417,Solar PPA,0.0
S6: Geothermal + Grid + Microturbines + Hybrid BESS,8.589474,200.603646,Solar PPA,0.0
S6: Geothermal + Grid + Microturbines + Hybrid BESS,8.842105,195.7185,Solar PPA,0.0
S6: Geothermal + Grid + Microturbines + Hybrid BESS,9.094737,199.041884,Solar PPA,0.0
S6: Geothermal + Grid + Microturbines + Hybrid BESS,9.347368,199.515399,Solar PPA,0.0
S6: Geothermal + Grid + Microturbines + Hybrid BESS,9.6,196.819151,Solar PPA,0.0
S6: Geothermal + Grid + Microturbines + Hybrid BESS,9.852632,202.987544,Solar PPA,0.0
S6: Geothermal + Grid + Microturbines + Hybrid BESS,10.105263,206.870804,Solar PPA,0.0
S6: Geothermal + Grid + Microturbines + Hybrid BESS,10.357895,214.684552,Solar PPA,0.0
S6: Geothermal + Grid + Microturbines + Hybrid BESS,10.610526,220.120959,Solar PPA,0.0
S6: Geothermal + Grid + Microturbines + Hybrid BESS,10.863158,221.192293,Solar PPA,0.0
S6: Geothermal + Grid + Microturbines + Hybrid BESS,11.115789,217.869809,Solar PPA,0.0
S6: Geothermal + Grid + Microturbines + Hybrid BESS,11.368421,217.758375,Solar PPA,0.0
S6: Geothermal + Grid + Microturbines + Hybrid BESS,11.621053,218.902304,Solar PPA,0.0
S6: Geothermal + Grid + Microturbines + Hybrid BESS,11.873684,224.187636,Solar PPA,0.0
S6: Geothermal + Grid + Microturbines + Hybrid BESS,12.126316,230.510044,Solar PPA,0.0
S6: Geothermal + Grid + Microturbines + Hybrid BESS,12.378947,229.540724,Solar PPA,0.0
S6: Geothermal + Grid + Microturbines + Hybrid BESS,12.631579,233.007549,Solar PPA,0.0
S6: Geothermal + Grid + Microturbines + Hybrid BESS,12.884211,230.768568,Solar PPA,0.0
S6: Geothermal + Grid + Microturbines + Hybrid BESS,13.136842,229.44087,Solar PPA,0.0
S6: Geothermal + Grid + Microturbines + Hybrid BESS,13.389474,236.454504,Solar PPA,0.0
S6: Geothermal + Grid + Microturbines + Hybrid BESS,13.642105,239.148366,Solar PPA,0.0
S6: Geothermal + Grid + Microturbines + Hybrid BESS,13.894737,243.212598,Solar PPA,0.0
S6: Geothermal + Grid + Microturbines + Hybrid BESS,14.147368,243.424454,Solar PPA,0.0
S6: Geothermal + Grid + Microturbines + Hybrid BESS,14.4,241.582112,Solar PPA,0.0
S6: Geothermal + Grid + Microturbines + Hybrid BESS,14.652632,240.133459,Solar PPA,0.0
S6: Geothermal + Grid + Microturbines + Hybrid BESS,14.905263,240.384649,Solar PPA,0.0
S6: Geothermal + Grid + Microturbines + Hybrid BESS,15.157895,241.264673,Solar PPA,0.0
S6: Geothermal + Grid + Microturbines + Hybrid BESS,15.410526,241.392927,Solar PPA,0.0
S6: Geothermal + Grid + Microturbines + Hybrid BESS,15.663158,237.458336,Solar PPA,0.0
S6: Geothermal + Grid + Microturbines + Hybrid BESS,15.915789,231.52949,Solar PPA,0.0
S6: Geothermal + Grid + Microturbines + Hybrid BESS,16.168421,234.102006,Solar PPA,0.0
S6: Geothermal + Grid + Microturbines + Hybrid BESS,16.421053,237.144863,Solar PPA,0.0
S6: Geothermal + Grid + Microturbines + Hybrid BESS,16.673684,238.766237,Solar PPA,0.0
S6: Geothermal + Grid + Microturbines + Hybrid BESS,16.926316,243.151698,Solar PPA,0.0
S6: Geothermal + Grid + Microturbines + Hybrid BESS,17.178947,240.764714,Solar PPA,0.0
S6: Geothermal + Grid + Microturbines + Hybrid BESS,17.431579,234.359733,Solar PPA,0.0
S6: Geothermal + Grid + Microturbines + Hybrid BESS,17.684211,233.904346,Solar PPA,0.0
S6: Geothermal + Grid + Microturbines + Hybrid BESS,17.936842,233.569328,Solar PPA,0.0
S6: Geothermal + Grid + Microturbines + Hybrid BESS,18.189474,230.77739,Solar PPA,0.0
S6: Geothermal + Grid + Microturbines + Hybrid BESS,18.442105,234.382288,Solar PPA,0.0
S6: Geothermal + Grid + Microturbines + Hybrid BESS,18.694737,224.894864,Solar PPA,0.0
S6: Geothermal + Grid + Microturbines + Hybrid BESS,18.947368,220.961434,Solar PPA,0.0
S6: Geothermal + Grid + Microturbines + Hybrid BESS,19.2,219.023883,Solar PPA,0.0
S6: Geothermal + Grid + Microturbines + Hybrid BESS,19.452632,212.025596,Solar PPA,0.0
S6: Geothermal + Grid + Microturbines + Hybrid BESS,19.705263,216.378291,Solar PPA,0.0
S6: Geothermal + Grid + Microturbines + Hybrid BESS,19.957895,206.849427,Solar PPA,0.0
S6: Geothermal + Grid + Microturbines + Hybrid BESS,20.210526,203.506378,Solar PPA,0.0
S6: Geothermal + Grid + Microturbines + Hybrid BESS,20.463158,202.507636,Solar PPA,0.0
S6: Geothermal + Grid + Microturbines + Hybrid BESS,20.715789,203.279618,Solar PPA,0.0
S6: Geothermal + Grid + Microturbines + Hybrid BESS,20.968421,204.213857,Solar PPA,0.0
S6: Geothermal + Grid + Microturbines + Hybrid BESS,21.221053,199.965939,Solar PPA,0.0
S6: Geothermal + Grid + Microturbines + Hybrid BESS,21.473684,195.014963,Solar PPA,0.0
S6: Geothermal + Grid + Microturbines + Hybrid BESS,21.726316,190.786003,Solar PPA,0.0
S6: Geothermal + Grid + Microturbines + Hybrid BESS,21.978947,190.070966,Solar PPA,0.0
S6: Geothermal + Grid + Microturbines + Hybrid BESS,22.231579,187.93445,Solar PPA,0.0
S6: Geothermal + Grid + Microturbines + Hybrid BESS,22.484211,187.647006,Solar PPA,0.0
S6: Geothermal + Grid + Microturbines + Hybrid BESS,22.736842,182.79361,Solar PPA,0.0
S6: Geothermal + Grid + Microturbines + Hybrid BESS,22.989474,181.612203,Solar PPA,0.0
S6: Geothermal + Grid + Microturbines + Hybrid BESS,23.242105,178.435705,Solar PPA,0.0
S6: Geothermal + Grid + Microturbines + Hybrid BESS,23.494737,173.631815,Solar PPA,0.0
S6: Geothermal + Grid + Microturbines + Hybrid BESS,23.747368,169.760164,Solar PPA,0.0
S6: Geothermal + Grid + Microturbines + Hybrid BESS,24.0,161.092467,Solar PPA,0.0
S6: Geothermal + Grid + Microturbines + Hybrid BESS,0.0,146.220746,Geothermal,100.0
S6: Geothermal + Grid + Microturbines + Hybrid BESS,0.252632,142.493761,Geothermal,100.0
S6: Geothermal + Grid + Microturbines + Hybrid BESS,0.505263,143.661607,Geothermal,100.0
S6: Geothermal + Grid + Microturbines + Hybrid BESS,0.757895,146.396692,Geothermal,100.0
S6: Geothermal + Grid + Microturbines + Hybrid BESS,1.010526,144.495891,Geothermal,100.0
S6: Geothermal + Grid + Microturbines + Hybrid BESS,1.263158,144.343225,Geothermal,100.0
S6: Geothermal + Grid + Microturbines + Hybrid BESS,1.515789,146.919418,Geothermal,100.0
S6: Geothermal + Grid + Microturbines + Hybrid BESS,1.768421,145.437384,Geothermal,100.0
S6: Geothermal + Grid + Microturbines + Hybrid BESS,2.021053,145.4143,Geothermal,100.0
S6: Geothermal + Grid + Microturbines + Hybrid BESS,2.273684,148.07771,Geothermal,100.0
S6: Geothermal + Grid + Microturbines + Hybrid BESS,2.526316,143.846932,Geothermal,100.0
S6: Geothermal + Grid + Microturbines + Hybrid BESS,2.778947,141.791134,Geothermal,100.0
S6: Geothermal + Grid + Microturbines + Hybrid BESS,3.031579,144.744855,Geothermal,100.0
S6: Geothermal + Grid + Microturbines + Hybrid BESS,3.284211,139.924624,Geothermal,100.0
S6: Geothermal + Grid + Microturbines + Hybrid BESS,3.536842,138.230245,Geothermal,100.0
S6: Geothermal + Grid + Microturbines + Hybrid BESS,3.789474,139.583534,Geothermal,100.0
S6: Geothermal + Grid + Microturbines + Hybrid BESS,4.042105,138.171424,Geothermal,100.0
S6: Geothermal + Grid + Microturbines + Hybrid BESS,4.294737,145.589762,Geothermal,100.0
S6: Geothermal + Grid + Microturbines + Hybrid BESS,4.547368,149.60022,Geothermal,100.0
S6: Geothermal + Grid + Microturbines + Hybrid BESS,4.8,149.555785,Geothermal,100.0
S6: Geothermal + Grid + Microturbines + Hybrid BESS,5.052632,157.938285,Geothermal,100.0
S6: Geothermal + Grid + Microturbines + Hybrid BESS,5.305263,158.873198,Geothermal,100.0
S6: Geothermal + Grid + Microturbines + Hybrid BESS,5.557895,163.688381,Geothermal,100.0
S6: Geothermal + Grid + Microturbines + Hybrid BESS,5.810526,166.117267,Geothermal,100.0
S6: Geothermal + Grid + Microturbines + Hybrid BESS,6.063158,163.627976,Geothermal,100.0
S6: Geothermal + Grid + Microturbines + Hybrid BESS,6.315789,167.073156,Geothermal,100.0
S6: Geothermal + Grid + Microturbines + Hybrid BESS,6.568421,166.689563,Geothermal,100.0
S6: Geothermal + Grid + Microturbines + Hybrid BESS,6.821053,173.904114,Geothermal,100.0
S6: Geothermal + Grid + Microturbines + Hybrid BESS,7.073684,176.518915,Geothermal,100.0
S6: Geothermal + Grid + Microturbines + Hybrid BESS,7.326316,178.300969,Geothermal,100.0
S6: Geothermal + Grid + Microturbines + Hybrid BESS,7.578947,182.486974,Geothermal,100.0
S6: Geothermal + Grid + Microturbines + Hybrid BESS,7.831579,189.006368,Geothermal,100.0
S6: Geothermal + Grid + Microturbines + Hybrid BESS,8.084211,193.308235,Geothermal,100.0
S6: Geothermal + Grid + Microturbines + Hybrid BESS,8.336842,194.22417,Geothermal,100.0
S6: Geothermal + Grid + Microturbines + Hybrid BESS,8.589474,200.603646,Geothermal,100.0
S6: Geothermal + Grid + Microturbines + Hybrid BESS,8.842105,195.7185,Geothermal,100.0
S6: Geothermal + Grid + Microturbines + Hybrid BESS,9.094737,199.041884,Geothermal,100.0
S6: Geothermal + Grid + Microturbines + Hybrid BESS,9.347368,199.515399,Geothermal,100.0
S6: Geothermal + Grid + Microturbines + Hybrid BESS,9.6,196.819151,Geothermal,100.0
S6: Geothermal + Grid + Microturbines + Hybrid BESS,9.852632,202.987544,Geothermal,100.0
S6: Geothermal + Grid + Microturbines + Hybrid BESS,10.105263,206.870804,Geothermal,100.0
S6: Geothermal + Grid + Microturbines + Hybrid BESS,10.357895,214.684552,Geothermal,100.0
S6: Geothermal + Grid + Microturbines + Hybrid BESS,10.610526,220.120959,Geothermal,100.0
S6: Geothermal + Grid + Microturbines + Hybrid BESS,10.863158,221.192293,Geothermal,100.0
S6: Geothermal + Grid + Microturbines + Hybrid BESS,11.115789,217.869809,Geothermal,100.0
S6: Geothermal + Grid + Microturbines + Hybrid BESS,11.368421,217.758375,Geothermal,100.0
S6: Geothermal + Grid + Microturbines + Hybrid BESS,11.621053,218.902304,Geothermal,100.0
S6: Geothermal + Grid + Microturbines + Hybrid BESS,11.873684,224.187636,Geothermal,100.0
S6: Geothermal + Grid + Microturbines + Hybrid BESS,12.126316,230.510044,Geothermal,100.0
S6: Geothermal + Grid + Microturbines + Hybrid BESS,12.378947,229.540724,Geothermal,100.0
S6: Geothermal + Grid + Microturbines + Hybrid BESS,12.631579,233.007549,Geothermal,100.0
S6: Geothermal + Grid + Microturbines + Hybrid BESS,12.884211,230.768568,Geothermal,100.0
S6: Geothermal + Grid + Microturbines + Hybrid BESS,13.136842,229.44087,Geothermal,100.0
S6: Geothermal + Grid + Microturbines + Hybrid BESS,13.389474,236.454504,Geothermal,100.0
S6: Geothermal + Grid + Microturbines + Hybrid BESS,13.642105,239.148366,Geothermal,100.0
S6: Geothermal + Grid + Microturbines + Hybrid BESS,13.894737,243.212598,Geothermal,100.0
S6: Geothermal + Grid + Microturbines + Hybrid BESS,14.147368,243.424454,Geothermal,100.0
S6: Geothermal + Grid + Microturbines + Hybrid BESS,14.4,241.582112,Geothermal,100.0
S6: Geothermal + Grid + Microturbines + Hybrid BESS,14.652632,240.133459,Geothermal,100.0
S6: Geothermal + Grid + Microturbines + Hybrid BESS,14.905263,240.384649,Geothermal,100.0
S6: Geothermal + Grid + Microturbines + Hybrid BESS,15.157895,241.264673,Geothermal,100.0
S6: Geothermal + Grid + Microturbines + Hybrid BESS,15.410526,241.392927,Geothermal,100.0
S6: Geothermal + Grid + Microturbines + Hybrid BESS,15.663158,237.458336,Geothermal,100.0
S6: Geothermal + Grid + Microturbines + Hybrid BESS,15.915789,231.52949,Geothermal,100.0
S6: Geothermal + Grid + Microturbines + Hybrid BESS,16.168421,234.102006,Geothermal,100.0
S6: Geothermal + Grid + Microturbines + Hybrid BESS,16.421053,237.144863,Geothermal,100.0
S6: Geothermal + Grid + Microturbines + Hybrid BESS,16.673684,238.766237,Geothermal,100.0
S6: Geothermal + Grid + Microturbines + Hybrid BESS,16.926316,243.151698,Geothermal,100.0
S6: Geothermal + Grid + Microturbines + Hybrid BESS,17.178947,240.764714,Geothermal,100.0
S6: Geothermal + Grid + Microturbines + Hybrid BESS,17.431579,234.359733,Geothermal,100.0
S6: Geothermal + Grid + Microturbines + Hybrid BESS,17.684211,233.904346,Geothermal,100.0
S6: Geothermal + Grid + Microturbines + Hybrid BESS,17.936842,233.569328,Geothermal,100.0
S6: Geothermal + Grid + Microturbines + Hybrid BESS,18.189474,230.77739,Geothermal,100.0
S6: Geothermal + Grid + Microturbines + Hybrid BESS,18.442105,234.382288,Geothermal,100.0
S6: Geothermal + Grid + Microturbines + Hybrid BESS,18.694737,224.894864,Geothermal,100.0
S6: Geothermal + Grid + Microturbines + Hybrid BESS,18.947368,220.961434,Geothermal,100.0
S6: Geothermal + Grid + Microturbines + Hybrid BESS,19.2,219.023883,Geothermal,100.0
S6: Geothermal + Grid + Microturbines + Hybrid BESS,19.452632,212.025596,Geothermal,100.0
S6: Geothermal + Grid + Microturbines + Hybrid BESS,19.705263,216.378291,Geothermal,100.0
S6: Geothermal + Grid + Microturbines + Hybrid BESS,19.957895,206.849427,Geothermal,100.0
S6: Geothermal + Grid + Microturbines + Hybrid BESS,20.210526,203.506378,Geothermal,100.0
S6: Geothermal + Grid + Microturbines + Hybrid BESS,20.463158,202.507636,Geothermal,100.0
S6: Geothermal + Grid + Microturbines + Hybrid BESS,20.715789,203.279618,Geothermal,100.0
S6: Geothermal + Grid + Microturbines + Hybrid BESS,20.968421,204.213857,Geothermal,100.0
S6: Geothermal + Grid + Microturbines + Hybrid BESS,21.221053,199.965939,Geothermal,100.0
S6: Geothermal + Grid + Microturbines + Hybrid BESS,21.473684,195.014963,Geothermal,100.0
S6: Geothermal + Grid + Microturbines + Hybrid BESS,21.726316,190.786003,Geothermal,100.0
S6: Geothermal + Grid + Microturbines + Hybrid BESS,21.978947,190.070966,Geothermal,100.0
S6: Geothermal + Grid + Microturbines + Hybrid BESS,22.231579,187.93445,Geothermal,100.0
S6: Geothermal + Grid + Microturbines + Hybrid BESS,22.484211,187.647006,Geothermal,100.0
S6: Geothermal + Grid + Microturbines + Hybrid BESS,22.736842,182.79361,Geothermal,100.0
S6: Geothermal + Grid + Microturbines + Hybrid BESS,22.989474,181.612203,Geothermal,100.0
S6: Geothermal + Grid + Microturbines + Hybrid BESS,23.242105,178.435705,Geothermal,100.0
S6: Geothermal + Grid + Microturbines + Hybrid BESS,23.494737,173.631815,Geothermal,100.0
S6: Geothermal + Grid + Microturbines + Hybrid BESS,23.747368,169.760164,Geothermal,100.0
S6: Geothermal + Grid + Microturbines + Hybrid BESS,24.0,161.092467,Geothermal,100.0
S6: Geothermal + Grid + Microturbines + Hybrid BESS,0.0,146.220746,SMR,0.0
S6: Geothermal + Grid + Microturbines + Hybrid BESS,0.252632,142.493761,SMR,0.0
S6: Geothermal + Grid + Microturbines + Hybrid BESS,0.505263,143.661607,SMR,0.0
S6: Geothermal + Grid + Microturbines + Hybrid BESS,0.757895,146.396692,SMR,0.0
S6: Geothermal + Grid + Microturbines + Hybrid BESS,1.010526,144.495891,SMR,0.0
S6: Geothermal + Grid + Microturbines + Hybrid BESS,1.263158,144.343225,SMR,0.0
S6: Geothermal + Grid + Microturbines + Hybrid BESS,1.515789,146.919418,SMR,0.0
S6: Geothermal + Grid + Microturbines + Hybrid BESS,1.768421,145.437384,SMR,0.0
S6: Geothermal + Grid + Microturbines + Hybrid BESS,2.021053,145.4143,SMR,0.0
S6: Geothermal + Grid + Microturbines + Hybrid BESS,2.273684,148.07771,SMR,0.0
S6: Geothermal + Grid + Microturbines + Hybrid BESS,2.526316,143.846932,SMR,0.0
S6: Geothermal + Grid + Microturbines + Hybrid BESS,2.778947,141.791134,SMR,0.0
S6: Geothermal + Grid + Microturbines + Hybrid BESS,3.031579,144.744855,SMR,0.0
S6: Geothermal + Grid + Microturbines + Hybrid BESS,3.284211,139.924624,SMR,0.0
S6: Geothermal + Grid + Microturbines + Hybrid BESS,3.536842,138.230245,SMR,0.0
S6: Geothermal + Grid + Microturbines + Hybrid BESS,3.789474,139.583534,SMR,0.0
S6: Geothermal + Grid + Microturbines + Hybrid BESS,4.042105,138.171424,SMR,0.0
S6: Geothermal + Grid + Microturbines + Hybrid BESS,4.294737,145.589762,SMR,0.0
S6: Geothermal + Grid + Microturbines + Hybrid BESS,4.547368,149.60022,SMR,0.0
S6: Geothermal + Grid + Microturbines + Hybrid BESS,4.8,149.555785,SMR,0.0
S6: Geothermal + Grid + Microturbines + Hybrid BESS,5.052632,157.938285,SMR,0.0
S6: Geothermal + Grid + Microturbines + Hybrid BESS,5.305263,158.873198,SMR,0.0
S6: Geothermal + Grid + Microturbines + Hybrid BESS,5.557895,163.688381,SMR,0.0
S6: Geothermal + Grid + Microturbines + Hybrid BESS,5.810526,166.117267,SMR,0.0
S6: Geothermal + Grid + Microturbines + Hybrid BESS,6.063158,163.627976,SMR,0.0
S6: Geothermal + Grid + Microturbines + Hybrid BESS,6.315789,167.073156,SMR,0.0
S6: Geothermal + Grid + Microturbines + Hybrid BESS,6.568421,166.689563,SMR,0.0
S6: Geothermal + Grid + Microturbines + Hybrid BESS,6.821053,173.904114,SMR,0.0
S6: Geothermal + Grid + Microturbines + Hybrid BESS,7.073684,176.518915,SMR,0.0
S6: Geothermal + Grid + Microturbines + Hybrid BESS,7.326316,178.300969,SMR,0.0
S6: Geothermal + Grid + Microturbines + Hybrid BESS,7.578947,182.486974,SMR,0.0
S6: Geothermal + Grid + Microturbines + Hybrid BESS,7.831579,189.006368,SMR,0.0
S6: Geothermal + Grid + Microturbines + Hybrid BESS,8.084211,193.308235,SMR,0.0
S6: Geothermal + Grid + Microturbines + Hybrid BESS,8.336842,194.22417,SMR,0.0
S6: Geothermal + Grid + Microturbines + Hybrid BESS,8.589474,200.603646,SMR,0.0
S6: Geothermal + Grid + Microturbines + Hybrid BESS,8.842105,195.7185,SMR,0.0
S6: Geothermal + Grid + Microturbines + Hybrid BESS,9.094737,199.041884,SMR,0.0
S6: Geothermal + Grid + Microturbines + Hybrid BESS,9.347368,199.515399,SMR,0.0
S6: Geothermal + Grid + Microturbines + Hybrid BESS,9.6,196.819151,SMR,0.0
S6: Geothermal + Grid + Microturbines + Hybrid BESS,9.852632,202.987544,SMR,0.0
S6: Geothermal + Grid + Microturbines + Hybrid BESS,10.105263,206.870804,SMR,0.0
S6: Geothermal + Grid + Microturbines + Hybrid BESS,10.357895,214.684552,SMR,0.0
S6: Geothermal + Grid + Microturbines + Hybrid BESS,10.610526,220.120959,SMR,0.0
S6: Geothermal + Grid + Microturbines + Hybrid BESS,10.863158,221.192293,SMR,0.0
S6: Geothermal + Grid + Microturbines + Hybrid BESS,11.115789,217.869809,SMR,0.0
S6: Geothermal + Grid + Microturbines + Hybrid BESS,11.368421,217.758375,SMR,0.0
S6: Geothermal + Grid + Microturbines + Hybrid BESS,11.621053,218.902304,SMR,0.0
S6: Geothermal + Grid + Microturbines + Hybrid BESS,11.873684,224.187636,SMR,0.0
S6: Geothermal + Grid + Microturbines + Hybrid BESS,12.126316,230.510044,SMR,0.0
S6: Geothermal + Grid + Microturbines + Hybrid BESS,12.378947,229.540724,SMR,0.0
S6: Geothermal + Grid + Microturbines + Hybrid BESS,12.631579,233.007549,SMR,0.0
S6: Geothermal + Grid + Microturbines + Hybrid BESS,12.884211,230.768568,SMR,0.0
S6: Geothermal + Grid + Microturbines + Hybrid BESS,13.136842,229.44087,SMR,0.0
S6: Geothermal + Grid + Microturbines + Hybrid BESS,13.389474,236.454504,SMR,0.0
S6: Geothermal + Grid + Microturbines + Hybrid BESS,13.642105,239.148366,SMR,0.0
S6: Geothermal + Grid + Microturbines + Hybrid BESS,13.894737,243.212598,SMR,0.0
S6: Geothermal + Grid + Microturbines + Hybrid BESS,14.147368,243.424454,SMR,0.0
S6: Geothermal + Grid + Microturbines + Hybrid BESS,14.4,241.582112,SMR,0.0
S6: Geothermal + Grid + Microturbines + Hybrid BESS,14.652632,240.133459,SMR,0.0
S6: Geothermal + Grid + Microturbines + Hybrid BESS,14.905263,240.384649,SMR,0.0
S6: Geothermal + Grid + Microturbines + Hybrid BESS,15.157895,241.264673,SMR,0.0
S6: Geothermal + Grid + Microturbines + Hybrid BESS,15.410526,241.392927,SMR,0.0
S6: Geothermal + Grid + Microturbines + Hybrid BESS,15.663158,237.458336,SMR,0.0
S6: Geothermal + Grid + Microturbines + Hybrid BESS,15.915789,231.52949,SMR,0.0
S6: Geothermal + Grid + Microturbines + Hybrid BESS,16.168421,234.102006,SMR,0.0
S6: Geothermal + Grid + Microturbines + Hybrid BESS,16.421053,237.144863,SMR,0.0
S6: Geothermal + Grid + Microturbines + Hybrid BESS,16.673684,238.766237,SMR,0.0
S6: Geothermal + Grid + Microturbines + Hybrid BESS,16.926316,243.151698,SMR,0.0
S6: Geothermal + Grid + Microturbines + Hybrid BESS,17.178947,240.764714,SMR,0.0
S6: Geothermal + Grid + Microturbines + Hybrid BESS,17.431579,234.359733,SMR,0.0
S6: Geothermal + Grid + Microturbines + Hybrid BESS,17.684211,233.904346,SMR,0.0
S6: Geothermal + Grid + Microturbines + Hybrid BESS,17.936842,233.569328,SMR,0.0
S6: Geothermal + Grid + Microturbines + Hybrid BESS,18.189474,230.77739,SMR,0.0
S6: Geothermal + Grid + Microturbines + Hybrid BESS,18.442105,234.382288,SMR,0.0
S6: Geothermal + Grid + Microturbines + Hybrid BESS,18.694737,224.894864,SMR,0.0
S6: Geothermal + Grid + Microturbines + Hybrid BESS,18.947368,220.961434,SMR,0.0
S6: Geothermal + Grid + Microturbines + Hybrid BESS,19.2,219.023883,SMR,0.0
S6: Geothermal + Grid + Microturbines + Hybrid BESS,19.452632,212.025596,SMR,0.0
S6: Geothermal + Grid + Microturbines + Hybrid BESS,19.705263,216.378291,SMR,0.0
S6: Geothermal + Grid + Microturbines + Hybrid BESS,19.957895,206.849427,SMR,0.0
S6: Geothermal + Grid + Microturbines + Hybrid BESS,20.210526,203.506378,SMR,0.0
S6: Geothermal + Grid + Microturbines + Hybrid BESS,20.463158,202.507636,SMR,0.0
S6: Geothermal + Grid + Microturbines + Hybrid BESS,20.715789,203.279618,SMR,0.0
S6: Geothermal + Grid + Microturbines + Hybrid BESS,20.968421,204.213857,SMR,0.0
S6: Geothermal + Grid + Microturbines + Hybrid BESS,21.221053,199.965939,SMR,0.0
S6: Geothermal + Grid + Microturbines + Hybrid BESS,21.473684,195.014963,SMR,0.0
S6: Geothermal + Grid + Microturbines + Hybrid BESS,21.726316,190.786003,SMR,0.0
S6: Geothermal + Grid + Microturbines + Hybrid BESS,21.978947,190.070966,SMR,0.0
S6: Geothermal + Grid + Microturbines + Hybrid BESS,22.231579,187.93445,SMR,0.0
S6: Geothermal + Grid + Microturbines + Hybrid BESS,22.484211,187.647006,SMR,0.0
S6: Geothermal + Grid + Microturbines + Hybrid BESS,22.736842,182.79361,SMR,0.0
S6: Geothermal + Grid + Microturbines + Hybrid BESS,22.989474,181.612203,SMR,0.0
S6: Geothermal + Grid + Microturbines + Hybrid BESS,23.242105,178.435705,SMR,0.0
S6: Geothermal + Grid + Microturbines + Hybrid BESS,23.494737,173.631815,SMR,0.0
S6: Geothermal + Grid + Microturbines + Hybrid BESS,23.747368,169.760164,SMR,0.0
S6: Geothermal + Grid + Microturbines + Hybrid BESS,24.0,161.092467,SMR,0.0
S6: Geothermal + Grid + Microturbines + Hybrid BESS,0.0,146.220746,Microturbines,26.220746
S6: Geothermal + Grid + Microturbines + Hybrid BESS,0.252632,142.493761,Microturbines,22.493761
S6: Geothermal + Grid + Microturbines + Hybrid BESS,0.505263,143.661607,Microturbines,23.661607
S6: Geothermal + Grid + Microturbines + Hybrid BESS,0.757895,146.396692,Microturbines,26.396692
S6: Geothermal + Grid + Microturbines + Hybrid BESS,1.010526,144.495891,Microturbines,24.495891
S6: Geothermal + Grid + Microturbines + Hybrid BESS,1.263158,144.343225,Microturbines,24.343225
S6: Geothermal + Grid + Microturbines + Hybrid BESS,1.515789,146.919418,Microturbines,26.919418
S6: Geothermal + Grid + Microturbines + Hybrid BESS,1.768421,145.437384,Microturbines,25.437384
S6: Geothermal + Grid + Microturbines + Hybrid BESS,2.021053,145.4143,Microturbines,25.4143
S6: Geothermal + Grid + Microturbines + Hybrid BESS,2.273684,148.07771,Microturbines,28.07771
S6: Geothermal + Grid + Microturbines + Hybrid BESS,2.526316,143.846932,Microturbines,23.846932
S6: Geothermal + Grid + Microturbines + Hybrid BESS,2.778947,141.791134,Microturbines,21.791134
S6: Geothermal + Grid + Microturbines + Hybrid BESS,3.031579,144.744855,Microturbines,24.744855
S6: Geothermal + Grid + Microturbines + Hybrid BESS,3.284211,139.924624,Microturbines,19.924624
S6: Geothermal + Grid + Microturbines + Hybrid BESS,3.536842,138.230245,Microturbines,18.230245
S6: Geothermal + Grid + Microturbines + Hybrid BESS,3.789474,139.583534,Microturbines,19.583534
S6: Geothermal + Grid + Microturbines + Hybrid BESS,4.042105,138.171424,Microturbines,18.171424
S6: Geothermal + Grid + Microturbines + Hybrid BESS,4.294737,145.589762,Microturbines,25.589762
S6: Geothermal + Grid + Microturbines + Hybrid BESS,4.547368,149.60022,Microturbines,29.60022
S6: Geothermal + Grid + Microturbines + Hybrid BESS,4.8,149.555785,Microturbines,29.555785
S6: Geothermal + Grid + Microturbines + Hybrid BESS,5.052632,157.938285,Microturbines,37.938285
S6: Geothermal + Grid + Microturbines + Hybrid BESS,5.305263,158.873198,Microturbines,38.873198
S6: Geothermal + Grid + Microturbines + Hybrid BESS,5.557895,163.688381,Microturbines,43.688381
S6: Geothermal + Grid + Microturbines + Hybrid BESS,5.810526,166.117267,Microturbines,46.117267
S6: Geothermal + Grid + Microturbines + Hybrid BESS,6.063158,163.627976,Microturbines,13.627976
S6: Geothermal + Grid + Microturbines + Hybrid BESS,6.315789,167.073156,Microturbines,17.073156
S6: Geothermal + Grid + Microturbines + Hybrid BESS,6.568421,166.689563,Microturbines,16.689563
S6: Geothermal + Grid + Microturbines + Hybrid BESS,6.821053,173.904114,Microturbines,23.904114
S6: Geothermal + Grid + Microturbines + Hybrid BESS,7.073684,176.518915,Microturbines,26.518915
S6: Geothermal + Grid + Microturbines + Hybrid BESS,7.326316,178.300969,Microturbines,28.300969
S6: Geothermal + Grid + Microturbines + Hybrid BESS,7.578947,182.486974,Microturbines,32.486974
S6: Geothermal + Grid + Microturbines + Hybrid BESS,7.831579,189.006368,Microturbines,39.006368
S6: Geothermal + Grid + Microturbines + Hybrid BESS,8.084211,193.308235,Microturbines,43.308235
S6: Geothermal + Grid + Microturbines + Hybrid BESS,8.336842,194.22417,Microturbines,44.22417
S6: Geothermal + Grid + Microturbines + Hybrid BESS,8.589474,200.603646,Microturbines,50.603646
S6: Geothermal + Grid + Microturbines + Hybrid BESS,8.842105,195.7185,Microturbines,45.7185
S6: Geothermal + Grid + Microturbines + Hybrid BESS,9.094737,199.041884,Microturbines,49.041884
S6: Geothermal + Grid + Microturbines + Hybrid BESS,9.347368,199.515399,Microturbines,49.515399
S6: Geothermal + Grid + Microturbines + Hybrid BESS,9.6,196.819151,Microturbines,46.819151
S6: Geothermal + Grid + Microturbines + Hybrid BESS,9.852632,202.987544,Microturbines,52.987544
S6: Geothermal + Grid + Microturbines + Hybrid BESS,10.105263,206.870804,Microturbines,56.870804
S6: Geothermal + Grid + Microturbines + Hybrid BESS,10.357895,214.684552,Microturbines,64.684552
S6: Geothermal + Grid + Microturbines + Hybrid BESS,10.610526,220.120959,Microturbines,70.120959
S6: Geothermal + Grid + Microturbines + Hybrid BESS,10.863158,221.192293,Microturbines,71.192293
S6: Geothermal + Grid + Microturbines + Hybrid BESS,11.115789,217.869809,Microturbines,67.869809
S6: Geothermal + Grid + Microturbines + Hybrid BESS,11.368421,217.758375,Microturbines,67.758375
S6: Geothermal + Grid + Microturbines + Hybrid BESS,11.621053,218.902304,Microturbines,68.902304
S6: Geothermal + Grid + Microturbines + Hybrid BESS,11.873684,224.187636,Microturbines,74.187636
S6: Geothermal + Grid + Microturbines + Hybrid BESS,12.126316,230.510044,Microturbines,80.510044
S6: Geothermal + Grid + Microturbines + Hybrid BESS,12.378947,229.540724,Microturbines,79.540724
S6: Geothermal + Grid + Microturbines + Hybrid BESS,12.631579,233.007549,Microturbines,83.007549
S6: Geothermal + Grid + Microturbines + Hybrid BESS,12.884211,230.768568,Microturbines,80.768568
S6: Geothermal + Grid + Microturbines + Hybrid BESS,13.136842,229.44087,Microturbines,79.44087
S6: Geothermal + Grid + Microturbines + Hybrid BESS,13.389474,236.454504,Microturbines,86.454504
S6: Geothermal + Grid + Microturbines + Hybrid BESS,13.642105,239.148366,Microturbines,89.148366
S6: Geothermal + Grid + Microturbines + Hybrid BESS,13.894737,243.212598,Microturbines,93.212598
S6: Geothermal + Grid + Microturbines + Hybrid BESS,14.147368,243.424454,Microturbines,93.424454
S6: Geothermal + Grid + Microturbines + Hybrid BESS,14.4,241.582112,Microturbines,91.582112
S6: Geothermal + Grid + Microturbines + Hybrid BESS,14.652632,240.133459,Microturbines,90.133459
S6: Geothermal + Grid + Microturbines + Hybrid BESS,14.905263,240.384649,Microturbines,90.384649
S6: Geothermal + Grid + Microturbines + Hybrid BESS,15.157895,241.264673,Microturbines,91.264673
S6: Geothermal + Grid + Microturbines + Hybrid BESS,15.410526,241.392927,Microturbines,91.392927
S6: Geothermal + Grid + Microturbines + Hybrid BESS,15.663158,237.458336,Microturbines,87.458336
S6: Geothermal + Grid + Microturbines + Hybrid BESS,15.915789,231.52949,Microturbines,81.52949
S6: Geothermal + Grid + Microturbines + Hybrid BESS,16.168421,234.102006,Microturbines,84.102006
S6: Geothermal + Grid + Microturbines + Hybrid BESS,16.421053,237.144863,Microturbines,87.144863
S6: Geothermal + Grid + Microturbines + Hybrid BESS,16.673684,238.766237,Microturbines,88.766237
S6: Geothermal + Grid + Microturbines + Hybrid BESS,16.926316,243.151698,Microturbines,93.151698
S6: Geothermal + Grid + Microturbines + Hybrid BESS,17.178947,240.764714,Microturbines,90.764714
S6: Geothermal + Grid + Microturbines + Hybrid BESS,17.431579,234.359733,Microturbines,84.359733
S6: Geothermal + Grid + Microturbines + Hybrid BESS,17.684211,233.904346,Microturbines,83.904346
S6: Geothermal + Grid + Microturbines + Hybrid BESS,17.936842,233.569328,Microturbines,83.569328
S6: Geothermal + Grid + Microturbines + Hybrid BESS,18.189474,230.77739,Microturbines,50.77739
S6: Geothermal + Grid + Microturbines + Hybrid BESS,18.442105,234.382288,Microturbines,54.382288
S6: Geothermal + Grid + Microturbines + Hybrid BESS,18.694737,224.894864,Microturbines,74.894864
S6: Geothermal + Grid + Microturbines + Hybrid BESS,18.947368,220.961434,Microturbines,70.961434
S6: Geothermal + Grid + Microturbines + Hybrid BESS,19.2,219.023883,Microturbines,69.023883
S6: Geothermal + Grid + Microturbines + Hybrid BESS,19.452632,212.025596,Microturbines,62.025596
S6: Geothermal + Grid + Microturbines + Hybrid BESS,19.705263,216.378291,Microturbines,66.378291
S6: Geothermal + Grid + Microturbines + Hybrid BESS,19.957895,206.849427,Microturbines,56.849427
S6: Geothermal + Grid + Microturbines + Hybrid BESS,20.210526,203.506378,Microturbines,53.506378
S6: Geothermal + Grid + Microturbines + Hybrid BESS,20.463158,202.507636,Microturbines,52.507636
S6: Geothermal + Grid + Microturbines + Hybrid BESS,20.715789,203.279618,Microturbines,53.279618
S6: Geothermal + Grid + Microturbines + Hybrid BESS,20.968421,204.213857,Microturbines,54.213857
S6: Geothermal + Grid + Microturbines + Hybrid BESS,21.221053,199.965939,Microturbines,49.965939
S6: Geothermal + Grid + Microturbines + Hybrid BESS,21.473684,195.014963,Microturbines,45.014963
S6: Geothermal + Grid + Microturbines + Hybrid BESS,21.726316,190.786003,Microturbines,40.786003
S6: Geothermal + Grid + Microturbines + Hybrid BESS,21.978947,190.070966,Microturbines,40.070966
S6: Geothermal + Grid + Microturbines + Hybrid BESS,22.231579,187.93445,Microturbines,37.93445
S6: Geothermal + Grid + Microturbines + Hybrid BESS,22.484211,187.647006,Microturbines,37.647006
S6: Geothermal + Grid + Microturbines + Hybrid BESS,22.736842,182.79361,Microturbines,32.79361
S6: Geothermal + Grid + Microturbines + Hybrid BESS,22.989474,181.612203,Microturbines,31.612203
S6: Geothermal + Grid + Microturbines + Hybrid BESS,23.242105,178.435705,Microturbines,28.435705
S6: Geothermal + Grid + Microturbines + Hybrid BESS,23.494737,173.631815,Microturbines,23.631815
S6: Geothermal + Grid + Microturbines + Hybrid BESS,23.747368,169.760164,Microturbines,19.760164
S6: Geothermal + Grid + Microturbines + Hybrid BESS,24.0,161.092467,Microturbines,11.092467
S6: Geothermal + Grid + Microturbines + Hybrid BESS,0.0,146.220746,BESS (Discharge),0.0
S6: Geothermal + Grid + Microturbines + Hybrid BESS,0.252632,142.493761,BESS (Discharge),0.0
S6: Geothermal + Grid + Microturbines + Hybrid BESS,0.505263,143.661607,BESS (Discharge),0.0
S6: Geothermal + Grid + Microturbines + Hybrid BESS,0.757895,146.396692,BESS (Discharge),0.0
S6: Geothermal + Grid + Microturbines + Hybrid BESS,1.010526,144.495891,BESS (Discharge),0.0
S6: Geothermal + Grid + Microturbines + Hybrid BESS,1.263158,144.343225,BESS (Discharge),0.0
S6: Geothermal + Grid + Microturbines + Hybrid BESS,1.515789,146.919418,BESS (Discharge),0.0
S6: Geothermal + Grid + Microturbines + Hybrid BESS,1.768421,145.437384,BESS (Discharge),0.0
S6: Geothermal + Grid + Microturbines + Hybrid BESS,2.021053,145.4143,BESS (Discharge),0.0
S6: Geothermal + Grid + Microturbines + Hybrid BESS,2.273684,148.07771,BESS (Discharge),0.0
S6: Geothermal + Grid + Microturbines + Hybrid BESS,2.526316,143.846932,BESS (Discharge),0.0
S6: Geothermal + Grid + Microturbines + Hybrid BESS,2.778947,141.791134,BESS (Discharge),0.0
S6: Geothermal + Grid + Microturbines + Hybrid BESS,3.031579,144.744855,BESS (Discharge),0.0
S6: Geothermal + Grid + Microturbines + Hybrid BESS,3.284211,139.924624,BESS (Discharge),0.0
S6: Geothermal + Grid + Microturbines + Hybrid BESS,3.536842,138.230245,BESS (Discharge),0.0
S6: Geothermal + Grid + Microturbines + Hybrid BESS,3.789474,139.583534,BESS (Discharge),0.0
S6: Geothermal + Grid + Microturbines + Hybrid BESS,4.042105,138.171424,BESS (Discharge),0.0
S6: Geothermal + Grid + Microturbines + Hybrid BESS,4.294737,145.589762,BESS (Discharge),0.0
S6: Geothermal + Grid + Microturbines + Hybrid BESS,4.547368,149.60022,BESS (Discharge),0.0
S6: Geothermal + Grid + Microturbines + Hybrid BESS,4.8,149.555785,BESS (Discharge),0.0
S6: Geothermal + Grid + Microturbines + Hybrid BESS,5.052632,157.938285,BESS (Discharge),0.0
S6: Geothermal + Grid + Microturbines + Hybrid BESS,5.305263,158.873198,BESS (Discharge),0.0
S6: Geothermal + Grid + Microturbines + Hybrid BESS,5.557895,163.688381,BESS (Discharge),0.0
S6: Geothermal + Grid + Microturbines + Hybrid BESS,5.810526,166.117267,BESS (Discharge),0.0
S6: Geothermal + Grid + Microturbines + Hybrid BESS,6.063158,163.627976,BESS (Discharge),0.0
S6: Geothermal + Grid + Microturbines + Hybrid BESS,6.315789,167.073156,BESS (Discharge),0.0
S6: Geothermal + Grid + Microturbines + Hybrid BESS,6.568421,166.689563,BESS (Discharge),0.0
S6: Geothermal + Grid + Microturbines + Hybrid BESS,6.821053,173.904114,BESS (Discharge),0.0
S6: Geothermal + Grid + Microturbines + Hybrid BESS,7.073684,176.518915,BESS (Discharge),0.0
S6: Geothermal + Grid + Microturbines + Hybrid BESS,7.326316,178.300969,BESS (Discharge),0.0
S6: Geothermal + Grid + Microturbines + Hybrid BESS,7.578947,182.486974,BESS (Discharge),0.0
S6: Geothermal + Grid + Microturbines + Hybrid BESS,7.831579,189.006368,BESS (Discharge),0.0
S6: Geothermal + Grid + Microturbines + Hybrid BESS,8.084211,193.308235,BESS (Discharge),0.0
S6: Geothermal + Grid + Microturbines + Hybrid BESS,8.336842,194.22417,BESS (Discharge),0.0
S6: Geothermal + Grid + Microturbines + Hybrid BESS,8.589474,200.603646,BESS (Discharge),0.0
S6: Geothermal + Grid + Microturbines + Hybrid BESS,8.842105,195.7185,BESS (Discharge),0.0
S6: Geothermal + Grid + Microturbines + Hybrid BESS,9.094737,199.041884,BESS (Discharge),0.0
S6: Geothermal + Grid + Microturbines + Hybrid BESS,9.347368,199.515399,BESS (Discharge),0.0
S6: Geothermal + Grid + Microturbines + Hybrid BESS,9.6,196.819151,BESS (Discharge),0.0
S6: Geothermal + Grid + Microturbines + Hybrid BESS,9.852632,202.987544,BESS (Discharge),0.0
S6: Geothermal + Grid + Microturbines + Hybrid BESS,10.105263,206.870804,BESS (Discharge),0.0
S6: Geothermal + Grid + Microturbines + Hybrid BESS,10.357895,214.684552,BESS (Discharge),0.0
S6: Geothermal + Grid + Microturbines + Hybrid BESS,10.610526,220.120959,BESS (Discharge),0.0
S6: Geothermal + Grid + Microturbines + Hybrid BESS,10.863158,221.192293,BESS (Discharge),0.0
S6: Geothermal + Grid + Microturbines + Hybrid BESS,11.115789,217.869809,BESS (Discharge),0.0
S6: Geothermal + Grid + Microturbines + Hybrid BESS,11.368421,217.758375,BESS (Discharge),0.0
S6: Geothermal + Grid + Microturbines + Hybrid BESS,11.621053,218.902304,BESS (Discharge),0.0
S6: Geothermal + Grid + Microturbines + Hybrid BESS,11.873684,224.187636,BESS (Discharge),0.0
S6: Geothermal + Grid + Microturbines + Hybrid BESS,12.126316,230.510044,BESS (Discharge),0.0
S6: Geothermal + Grid + Microturbines + Hybrid BESS,12.378947,229.540724,BESS (Discharge),0.0
S6: Geothermal + Grid + Microturbines + Hybrid BESS,12.631579,233.007549,BESS (Discharge),0.0
S6: Geothermal + Grid + Microturbines + Hybrid BESS,12.884211,230.768568,BESS (Discharge),0.0
S6: Geothermal + Grid + Microturbines + Hybrid BESS,13.136842,229.44087,BESS (Discharge),0.0
S6: Geothermal + Grid + Microturbines + Hybrid BESS,13.389474,236.454504,BESS (Discharge),0.0
S6: Geothermal + Grid + Microturbines + Hybrid BESS,13.642105,239.148366,BESS (Discharge),0.0
S6: Geothermal + Grid + Microturbines + Hybrid BESS,13.894737,243.212598,BESS (Discharge),0.0
S6: Geothermal + Grid + Microturbines + Hybrid BESS,14.147368,243.424454,BESS (Discharge),0.0
S6: Geothermal + Grid + Microturbines + Hybrid BESS,14.4,241.582112,BESS (Discharge),0.0
S6: Geothermal + Grid + Microturbines + Hybrid BESS,14.652632,240.133459,BESS (Discharge),0.0
S6: Geothermal + Grid + Microturbines + Hybrid BESS,14.905263,240.384649,BESS (Discharge),0.0
S6: Geothermal + Grid + Microturbines + Hybrid BESS,15.157895,241.264673,BESS (Discharge),0.0
S6: Geothermal + Grid + Microturbines + Hybrid BESS,15.410526,241.392927,BESS (Discharge),0.0
S6: Geothermal + Grid + Microturbines + Hybrid BESS,15.663158,237.458336,BESS (Discharge),0.0
S6: Geothermal + Grid + Microturbines + Hybrid BESS,15.915789,231.52949,BESS (Discharge),0.0
S6: Geothermal + Grid + Microturbines + Hybrid BESS,16.168421,234.102006,BESS (Discharge),0.0
S6: Geothermal + Grid + Microturbines + Hybrid BESS,16.421053,237.144863,BESS (Discharge),0.0
S6: Geothermal + Grid + Microturbines + Hybrid BESS,16.673684,238.766237,BESS (Discharge),0.0
S6: Geothermal + Grid + Microturbines + Hybrid BESS,16.926316,243.151698,BESS (Discharge),0.0
S6: Geothermal + Grid + Microturbines + Hybrid BESS,17.178947,240.764714,BESS (Discharge),0.0
S6: Geothermal + Grid + Microturbines + Hybrid BESS,17.431579,234.359733,BESS (Discharge),0.0
S6: Geothermal + Grid + Microturbines + Hybrid BESS,17.684211,233.904346,BESS (Discharge),0.0
S6: Geothermal + Grid + Microturbines + Hybrid BESS,17.936842,233.569328,BESS (Discharge),0.0
S6: Geothermal + Grid + Microturbines + Hybrid BESS,18.189474,230.77739,BESS (Discharge),30.0
S6: Geothermal + Grid + Microturbines + Hybrid BESS,18.442105,234.382288,BESS (Discharge),30.0
S6: Geothermal + Grid + Microturbines + Hybrid BESS,18.694737,224.894864,BESS (Discharge),0.0
S6: Geothermal + Grid + Microturbines + Hybrid BESS,18.947368,220.961434,BESS (Discharge),0.0
S6: Geothermal + Grid + Microturbines + Hybrid BESS,19.2,219.023883,BESS (Discharge),0.0
S6: Geothermal + Grid + Microturbines + Hybrid BESS,19.452632,212.025596,BESS (Discharge),0.0
S6: Geothermal + Grid + Microturbines + Hybrid BESS,19.705263,216.378291,BESS (Discharge),0.0
S6: Geothermal + Grid + Microturbines + Hybrid BESS,19.957895,206.849427,BESS (Discharge),0.0
S6: Geothermal + Grid + Microturbines + Hybrid BESS,20.210526,203.506378,BESS (Discharge),0.0
S6: Geothermal + Grid + Microturbines + Hybrid BESS,20.463158,202.507636,BESS (Discharge),0.0
S6: Geothermal + Grid + Microturbines + Hybrid BESS,20.715789,203.279618,BESS (Discharge),0.0
S6: Geothermal + Grid + Microturbines + Hybrid BESS,20.968421,204.213857,BESS (Discharge),0.0
S6: Geothermal + Grid + Microturbines + Hybrid BESS,21.221053,199.965939,BESS (Discharge),0.0
S6: Geothermal + Grid + Microturbines + Hybrid BESS,21.473684,195.014963,BESS (Discharge),0.0
S6: Geothermal + Grid + Microturbines + Hybrid BESS,21.726316,190.786003,BESS (Discharge),0.0
S6: Geothermal + Grid + Microturbines + Hybrid BESS,21.978947,190.070966,BESS (Discharge),0.0
S6: Geothermal + Grid + Microturbines + Hybrid BESS,22.231579,187.93445,BESS (Discharge),0.0
S6: Geothermal + Grid + Microturbines + Hybrid BESS,22.484211,187.647006,BESS (Discharge),0.0
S6: Geothermal + Grid + Microturbines + Hybrid BESS,22.736842,182.79361,BESS (Discharge),0.0
S6: Geothermal + Grid + Microturbines + Hybrid BESS,22.989474,181.612203,BESS (Discharge),0.0
S6: Geothermal + Grid + Microturbines + Hybrid BESS,23.242105,178.435705,BESS (Discharge),0.0
S6: Geothermal + Grid + Microturbines + Hybrid BESS,23.494737,173.631815,BESS (Discharge),0.0
S6: Geothermal + Grid + Microturbines + Hybrid BESS,23.747368,169.760164,BESS (Discharge),0.0
S6: Geothermal + Grid + Microturbines + Hybrid BESS,24.0,161.092467,BESS (Discharge),0.0
S6: Geothermal + Grid + Microturbines + Hybrid BESS,0.0,146.220746,BESS (Charge),30.0
S6: Geothermal + Grid + Microturbines + Hybrid BESS,0.252632,142.493761,BESS (Charge),30.0
S6: Geothermal + Grid + Microturbines + Hybrid BESS,0.505263,143.661607,BESS (Charge),30.0
S6: Geothermal + Grid + Microturbines + Hybrid BESS,0.757895,146.396692,BESS (Charge),30.0
S6: Geothermal + Grid + Microturbines + Hybrid BESS,1.010526,144.495891,BESS (Charge),30.0
S6: Geothermal + Grid + Microturbines + Hybrid BESS,1.263158,144.343225,BESS (Charge),30.0
S6: Geothermal + Grid + Microturbines + Hybrid BESS,1.515789,146.919418,BESS (Charge),30.0
S6: Geothermal + Grid + Microturbines + Hybrid BESS,1.768421,145.437384,BESS (Charge),30.0
S6: Geothermal + Grid + Microturbines + Hybrid BESS,2.021053,145.4143,BESS (Charge),30.0
S6: Geothermal + Grid + Microturbines + Hybrid BESS,2.273684,148.07771,BESS (Charge),30.0
S6: Geothermal + Grid + Microturbines + Hybrid BESS,2.526316,143.846932,BESS (Charge),30.0
S6: Geothermal + Grid + Microturbines + Hybrid BESS,2.778947,141.791134,BESS (Charge),30.0
S6: Geothermal + Grid + Microturbines + Hybrid BESS,3.031579,144.744855,BESS (Charge),30.0
S6: Geothermal + Grid + Microturbines + Hybrid BESS,3.284211,139.924624,BESS (Charge),30.0
S6: Geothermal + Grid + Microturbines + Hybrid BESS,3.536842,138.230245,BESS (Charge),30.0
S6: Geothermal + Grid + Microturbines + Hybrid BESS,3.789474,139.583534,BESS (Charge),30.0
S6: Geothermal + Grid + Microturbines + Hybrid BESS,4.042105,138.171424,BESS (Charge),30.0
S6: Geothermal + Grid + Microturbines + Hybrid BESS,4.294737,145.589762,BESS (Charge),30.0
S6: Geothermal + Grid + Microturbines + Hybrid BESS,4.547368,149.60022,BESS (Charge),30.0
S6: Geothermal + Grid + Microturbines + Hybrid BESS,4.8,149.555785,BESS (Charge),30.0
S6: Geothermal + Grid + Microturbines + Hybrid BESS,5.052632,157.938285,BESS (Charge),30.0
S6: Geothermal + Grid + Microturbines + Hybrid BESS,5.305263,158.873198,BESS (Charge),30.0
S6: Geothermal + Grid + Microturbines + Hybrid BESS,5.557895,163.688381,BESS (Charge),30.0
S6: Geothermal + Grid + Microturbines + Hybrid BESS,5.810526,166.117267,BESS (Charge),30.0
S6: Geothermal + Grid + Microturbines + Hybrid BESS,6.063158,163.627976,BESS (Charge),0.0
S6: Geothermal + Grid + Microturbines + Hybrid BESS,6.315789,167.073156,BESS (Charge),0.0
S6: Geothermal + Grid + Microturbines + Hybrid BESS,6.568421,166.689563,BESS (Charge),0.0
S6: Geothermal + Grid + Microturbines + Hybrid BESS,6.821053,173.904114,BESS (Charge),0.0
S6: Geothermal + Grid + Microturbines + Hybrid BESS,7.073684,176.518915,BESS (Charge),0.0
S6: Geothermal + Grid + Microturbines + Hybrid BESS,7.326316,178.300969,BESS (Charge),0.0
S6: Geothermal + Grid + Microturbines + Hybrid BESS,7.578947,182.486974,BESS (Charge),0.0
S6: Geothermal + Grid + Microturbines + Hybrid BESS,7.831579,189.006368,BESS (Charge),0.0
S6: Geothermal + Grid + Microturbines + Hybrid BESS,8.084211,193.308235,BESS (Charge),0.0
S6: Geothermal + Grid + Microturbines + Hybrid BESS,8.336842,194.22417,BESS (Charge),0.0
S6: Geothermal + Grid + Microturbines + Hybrid BESS,8.589474,200.603646,BESS (Charge),0.0
S6: Geothermal + Grid + Microturbines + Hybrid BESS,8.842105,195.7185,BESS (Charge),0.0
S6: Geothermal + Grid + Microturbines + Hybrid BESS,9.094737,199.041884,BESS (Charge),0.0
S6: Geothermal + Grid + Microturbines + Hybrid BESS,9.347368,199.515399,BESS (Charge),0.0
S6: Geothermal + Grid + Microturbines + Hybrid BESS,9.6,196.819151,BESS (Charge),0.0
S6: Geothermal + Grid + Microturbines + Hybrid BESS,9.852632,202.987544,BESS (Charge),0.0
S6: Geothermal + Grid + Microturbines + Hybrid BESS,10.105263,206.870804,BESS (Charge),0.0
S6: Geothermal + Grid + Microturbines + Hybrid BESS,10.357895,214.684552,BESS (Charge),0.0
S6: Geothermal + Grid + Microturbines + Hybrid BESS,10.610526,220.120959,BESS (Charge),0.0
S6: Geothermal + Grid + Microturbines + Hybrid BESS,10.863158,221.192293,BESS (Charge),0.0
S6: Geothermal + Grid + Microturbines + Hybrid BESS,11.115789,217.869809,BESS (Charge),0.0
S6: Geothermal + Grid + Microturbines + Hybrid BESS,11.368421,217.758375,BESS (Charge),0.0
S6: Geothermal + Grid + Microturbines + Hybrid BESS,11.621053,218.902304,BESS (Charge),0.0
S6: Geothermal + Grid + Microturbines + Hybrid BESS,11.873684,224.187636,BESS (Charge),0.0
S6: Geothermal + Grid + Microturbines + Hybrid BESS,12.126316,230.510044,BESS (Charge),0.0
S6: Geothermal + Grid + Microturbines + Hybrid BESS,12.378947,229.540724,BESS (Charge),0.0
S6: Geothermal + Grid + Microturbines + Hybrid BESS,12.631579,233.007549,BESS (Charge),0.0
S6: Geothermal + Grid + Microturbines + Hybrid BESS,12.884211,230.768568,BESS (Charge),0.0
S6: Geothermal + Grid + Microturbines + Hybrid BESS,13.136842,229.44087,BESS (Charge),0.0
S6: Geothermal + Grid + Microturbines + Hybrid BESS,13.389474,236.454504,BESS (Charge),0.0
S6: Geothermal + Grid + Microturbines + Hybrid BESS,13.642105,239.148366,BESS (Charge),0.0
S6: Geothermal + Grid + Microturbines + Hybrid BESS,13.894737,243.212598,BESS (Charge),0.0
S6: Geothermal + Grid + Microturbines + Hybrid BESS,14.147368,243.424454,BESS (Charge),0.0
S6: Geothermal + Grid + Microturbines + Hybrid BESS,14.4,241.582112,BESS (Charge),0.0
S6: Geothermal + Grid + Microturbines + Hybrid BESS,14.652632,240.133459,BESS (Charge),0.0
S6: Geothermal + Grid + Microturbines + Hybrid BESS,14.905263,240.384649,BESS (Charge),0.0
S6: Geothermal + Grid + Microturbines + Hybrid BESS,15.157895,241.264673,BESS (Charge),0.0
S6: Geothermal + Grid + Microturbines + Hybrid BESS,15.410526,241.392927,BESS (Charge),0.0
S6: Geothermal + Grid + Microturbines + Hybrid BESS,15.663158,237.458336,BESS (Charge),0.0
S6: Geothermal + Grid + Microturbines + Hybrid BESS,15.915789,231.52949,BESS (Charge),0.0
S6: Geothermal + Grid + Microturbines + Hybrid BESS,16.168421,234.102006,BESS (Charge),0.0
S6: Geothermal + Grid + Microturbines + Hybrid BESS,16.421053,237.144863,BESS (Charge),0.0
S6: Geothermal + Grid + Microturbines + Hybrid BESS,16.673684,238.766237,BESS (Charge),0.0
S6: Geothermal + Grid + Microturbines + Hybrid BESS,16.926316,243.151698,BESS (Charge),0.0
S6: Geothermal + Grid + Microturbines + Hybrid BESS,17.178947,240.764714,BESS (Charge),0.0
S6: Geothermal + Grid + Microturbines + Hybrid BESS,17.431579,234.359733,BESS (Charge),0.0
S6: Geothermal + Grid + Microturbines + Hybrid BESS,17.684211,233.904346,BESS (Charge),0.0
S6: Geothermal + Grid + Microturbines + Hybrid BESS,17.936842,233.569328,BESS (Charge),0.0
S6: Geothermal + Grid + Microturbines + Hybrid BESS,18.189474,230.77739,BESS (Charge),0.0
S6: Geothermal + Grid + Microturbines + Hybrid BESS,18.442105,234.382288,BESS (Charge),0.0
S6: Geothermal + Grid + Microturbines + Hybrid BESS,18.694737,224.894864,BESS (Charge),0.0
S6: Geothermal + Grid + Microturbines + Hybrid BESS,18.947368,220.961434,BESS (Charge),0.0
S6: Geothermal + Grid + Microturbines + Hybrid BESS,19.2,219.023883,BESS (Charge),0.0
S6: Geothermal + Grid + Microturbines + Hybrid BESS,19.452632,212.025596,BESS (Charge),0.0
S6: Geothermal + Grid + Microturbines + Hybrid BESS,19.705263,216.378291,BESS (Charge),0.0
S6: Geothermal + Grid + Microturbines + Hybrid BESS,19.957895,206.849427,BESS (Charge),0.0
S6: Geothermal + Grid + Microturbines + Hybrid BESS,20.210526,203.506378,BESS (Charge),0.0
S6: Geothermal + Grid + Microturbines + Hybrid BESS,20.463158,202.507636,BESS (Charge),0.0
S6: Geothermal + Grid + Microturbines + Hybrid BESS,20.715789,203.279618,BESS (Charge),0.0
S6: Geothermal + Grid + Microturbines + Hybrid BESS,20.968421,204.213857,BESS (Charge),0.0
S6: Geothermal + Grid + Microturbines + Hybrid BESS,21.221053,199.965939,BESS (Charge),0.0
S6: Geothermal + Grid + Microturbines + Hybrid BESS,21.473684,195.014963,BESS (Charge),0.0
S6: Geothermal + Grid + Microturbines + Hybrid BESS,21.726316,190.786003,BESS (Charge),0.0
S6: Geothermal + Grid + Microturbines + Hybrid BESS,21.978947,190.070966,BESS (Charge),0.0
S6: Geothermal + Grid + Microturbines + Hybrid BESS,22.231579,187.93445,BESS (Charge),0.0
S6: Geothermal + Grid + Microturbines + Hybrid BESS,22.484211,187.647006,BESS (Charge),0.0
S6: Geothermal + Grid + Microturbines + Hybrid BESS,22.736842,182.79361,BESS (Charge),0.0
S6: Geothermal + Grid + Microturbines + Hybrid BESS,22.989474,181.612203,BESS (Charge),0.0
S6: Geothermal + Grid + Microturbines + Hybrid BESS,23.242105,178.435705,BESS (Charge),0.0
S6: Geothermal + Grid + Microturbines + Hybrid BESS,23.494737,173.631815,BESS (Charge),0.0
S6: Geothermal + Grid + Microturbines + Hybrid BESS,23.747368,169.760164,BESS (Charge),0.0
S6: Geothermal + Grid + Microturbines + Hybrid BESS,24.0,161.092467,BESS (Charge),0.0
